pano_id,lat,lon,date,source,parent_id,is_historical,best_score,good_matches,inliers,inlier_ratio,coverage,yaw,pitch,target_crop,pano_path,view_path,error
wHigtlVuYffSGLlE6c-6ew,19.47636893737609,-99.11667180715568,,,,False,1794.5530726256984,179,147,0.8212290502793296,0.6284245848655701,270,-4,left_houses,/home/runner/work/sample_website/sample_website/.cache/gsv_estrella_fast/panoramas/rapid/z1_wHigtlVuYffSGLlE6c-6ew.jpg,/home/runner/work/sample_website/sample_website/.cache/gsv_estrella_fast/best_views/rapid/wHigtlVuYffSGLlE6c-6ew.jpg,
atqBHaSXSBb3ejzMhiuH8w,19.47820063328556,-99.11646640752507,,,,False,1614.7147651006712,149,132,0.8859060402684564,0.7345600128173828,315,-4,left_houses,/home/runner/work/sample_website/sample_website/.cache/gsv_estrella_fast/panoramas/rapid/z1_atqBHaSXSBb3ejzMhiuH8w.jpg,/home/runner/work/sample_website/sample_website/.cache/gsv_estrella_fast/best_views/rapid/atqBHaSXSBb3ejzMhiuH8w.jpg,
Eq4_b-BKN6TcjB_gzfFkKw,19.47253529592198,-99.11933318578356,,,,False,1494.8461538461538,130,122,0.9384615384615385,0.8237304091453552,90,-4,left_houses,/home/runner/work/sample_website/sample_website/.cache/gsv_estrella_fast/panoramas/rapid/z1_Eq4_b-BKN6TcjB_gzfFkKw.jpg,/home/runner/work/sample_website/sample_website/.cache/gsv_estrella_fast/best_views/rapid/Eq4_b-BKN6TcjB_gzfFkKw.jpg,
9IwcMYpOpB59jfGRh5zQ1w,19.47630247388972,-99.11969689078006,,,,False,1444.277975589424,154,118,0.7662337662337663,0.42874637246131897,315,-4,left_houses,/home/runner/work/sample_website/sample_website/.cache/gsv_estrella_fast/panoramas/rapid/z1_9IwcMYpOpB59jfGRh5zQ1w.jpg,/home/runner/work/sample_website/sample_website/.cache/gsv_estrella_fast/best_views/rapid/9IwcMYpOpB59jfGRh5zQ1w.jpg,
0GHypDurF1D7kuAUS3bUMA,19.4729036234627,-99.12173469939022,,,,False,1266.799107142857,112,103,0.9196428571428571,0.6086968779563904,315,-4,left_houses,/home/runner/work/sample_website/sample_website/.cache/gsv_estrella_fast/panoramas/rapid/z1_0GHypDurF1D7kuAUS3bUMA.jpg,/home/runner/work/sample_website/sample_website/.cache/gsv_estrella_fast/best_views/rapid/0GHypDurF1D7kuAUS3bUMA.jpg,
SK7p-9u_n_rd9dHwrljs5g,19.47030157218027,-99.11815098713727,,,,False,1265.8696808510638,188,103,0.5478723404255319,0.8218561410903931,180,-4,left_houses,/home/runner/work/sample_website/sample_website/.cache/gsv_estrella_fast/panoramas/rapid/z1_SK7p-9u_n_rd9dHwrljs5g.jpg,/home/runner/work/sample_website/sample_website/.cache/gsv_estrella_fast/best_views/rapid/SK7p-9u_n_rd9dHwrljs5g.jpg,
iUgEEmlGmtoCRxzBtMMcfA,19.47600308863686,-99.12408199649363,,,,False,1206.7272727272727,110,98,0.8909090909090909,0.5502743721008301,90,-4,upper_full,/home/runner/work/sample_website/sample_website/.cache/gsv_estrella_fast/panoramas/rapid/z1_iUgEEmlGmtoCRxzBtMMcfA.jpg,/home/runner/work/sample_website/sample_website/.cache/gsv_estrella_fast/best_views/rapid/iUgEEmlGmtoCRxzBtMMcfA.jpg,
RnfcgOniYbXjpCtxE3ff5g,19.46987985125584,-99.11732777252328,,,,False,1194.7247706422017,109,97,0.8899082568807339,0.6465557217597961,135,-4,left_houses,/home/runner/work/sample_website/sample_website/.cache/gsv_estrella_fast/panoramas/rapid/z1_RnfcgOniYbXjpCtxE3ff5g.jpg,/home/runner/work/sample_website/sample_website/.cache/gsv_estrella_fast/best_views/rapid/RnfcgOniYbXjpCtxE3ff5g.jpg,
n-mAzSgdxcwqJvHGuI9DPQ,19.47821606119374,-99.12289001821331,,,,False,1134.324812186214,106,92,0.8679245283018868,0.48850002884864807,0,-4,left_houses,/home/runner/work/sample_website/sample_website/.cache/gsv_estrella_fast/panoramas/rapid/z1_n-mAzSgdxcwqJvHGuI9DPQ.jpg,/home/runner/work/sample_website/sample_website/.cache/gsv_estrella_fast/best_views/rapid/n-mAzSgdxcwqJvHGuI9DPQ.jpg,
6JLU4y_lapOqGN3Dxq9ALQ,19.47180914733575,-99.11533625468721,,,,False,1123.941469669643,99,92,0.9292929292929293,0.1372745782136917,225,-4,left_houses,/home/runner/work/sample_website/sample_website/.cache/gsv_estrella_fast/panoramas/rapid/z1_6JLU4y_lapOqGN3Dxq9ALQ.jpg,/home/runner/work/sample_website/sample_website/.cache/gsv_estrella_fast/best_views/rapid/6JLU4y_lapOqGN3Dxq9ALQ.jpg,
TwZsgCznJU4f99-uer-AXg,19.47406577979621,-99.1166604945441,,,,False,1110.527027027027,111,90,0.8108108108108109,0.7075636386871338,135,-4,left_houses,/home/runner/work/sample_website/sample_website/.cache/gsv_estrella_fast/panoramas/rapid/z1_TwZsgCznJU4f99-uer-AXg.jpg,/home/runner/work/sample_website/sample_website/.cache/gsv_estrella_fast/best_views/rapid/TwZsgCznJU4f99-uer-AXg.jpg,
C0pVvK1LOF-14vqJCIXbQg,19.47556193720532,-99.11379246154482,,,,False,1110.527027027027,111,90,0.8108108108108109,0.7251492738723755,0,-4,left_houses,/home/runner/work/sample_website/sample_website/.cache/gsv_estrella_fast/panoramas/rapid/z1_C0pVvK1LOF-14vqJCIXbQg.jpg,/home/runner/work/sample_website/sample_website/.cache/gsv_estrella_fast/best_views/rapid/C0pVvK1LOF-14vqJCIXbQg.jpg,
NuSqkxODx7ESeWTWoSHbRg,19.47101036713723,-99.11488139526851,,,,False,1098.7474747474748,99,89,0.898989898989899,0.6928035020828247,225,-4,left_houses,/home/runner/work/sample_website/sample_website/.cache/gsv_estrella_fast/panoramas/rapid/z1_NuSqkxODx7ESeWTWoSHbRg.jpg,/home/runner/work/sample_website/sample_website/.cache/gsv_estrella_fast/best_views/rapid/NuSqkxODx7ESeWTWoSHbRg.jpg,
eudYskX3Jtrb2O-v-kmBuw,19.4747955535991,-99.11936374774598,,,,False,1086.5,110,88,0.8,0.6981296539306641,0,-4,left_houses,/home/runner/work/sample_website/sample_website/.cache/gsv_estrella_fast/panoramas/rapid/z1_eudYskX3Jtrb2O-v-kmBuw.jpg,/home/runner/work/sample_website/sample_website/.cache/gsv_estrella_fast/best_views/rapid/eudYskX3Jtrb2O-v-kmBuw.jpg,
2di2OqcLkxlD_2iX6v7V7g,19.47460582546249,-99.12107059281604,,,,False,1074.0647482014388,139,87,0.6258992805755396,0.757582426071167,270,-4,left_houses,/home/runner/work/sample_website/sample_website/.cache/gsv_estrella_fast/panoramas/rapid/z1_2di2OqcLkxlD_2iX6v7V7g.jpg,/home/runner/work/sample_website/sample_website/.cache/gsv_estrella_fast/best_views/rapid/2di2OqcLkxlD_2iX6v7V7g.jpg,
HYxrYF6bmH8UKxsRhFr1iA,19.47238488683033,-99.12350795685118,,,,False,1069.8081341385841,116,87,0.75,0.34777113795280457,225,-4,left_houses,/home/runner/work/sample_website/sample_website/.cache/gsv_estrella_fast/panoramas/rapid/z1_HYxrYF6bmH8UKxsRhFr1iA.jpg,/home/runner/work/sample_website/sample_website/.cache/gsv_estrella_fast/best_views/rapid/HYxrYF6bmH8UKxsRhFr1iA.jpg,
NIcv9vNaAi-Tpo48HIj9SQ,19.47084567547757,-99.11903145035146,,,,False,1062.65,100,86,0.86,0.6140356659889221,90,-4,left_houses,/home/runner/work/sample_website/sample_website/.cache/gsv_estrella_fast/panoramas/rapid/z1_NIcv9vNaAi-Tpo48HIj9SQ.jpg,/home/runner/work/sample_website/sample_website/.cache/gsv_estrella_fast/best_views/rapid/NIcv9vNaAi-Tpo48HIj9SQ.jpg,
WdhvWrtiaNTMGSXcf1uLlA,19.47146404259573,-99.11454320711344,,,,False,1035.741454847481,92,84,0.9130434782608695,0.39862820506095886,315,-4,left_houses,/home/runner/work/sample_website/sample_website/.cache/gsv_estrella_fast/panoramas/rapid/z1_WdhvWrtiaNTMGSXcf1uLlA.jpg,/home/runner/work/sample_website/sample_website/.cache/gsv_estrella_fast/best_views/rapid/WdhvWrtiaNTMGSXcf1uLlA.jpg,
jPc7V1x7NtIo0OL653sDgA,19.47195028019058,-99.11872363748446,,,,False,1026.304347826087,115,83,0.7217391304347827,0.7771819233894348,315,-4,left_houses,/home/runner/work/sample_website/sample_website/.cache/gsv_estrella_fast/panoramas/rapid/z1_jPc7V1x7NtIo0OL653sDgA.jpg,/home/runner/work/sample_website/sample_website/.cache/gsv_estrella_fast/best_views/rapid/jPc7V1x7NtIo0OL653sDgA.jpg,
q0C6Md6KEf9U_QxfpUMVaQ,19.46964176652033,-99.11680595458975,,,,False,1002.3007558830005,97,81,0.8350515463917526,0.4904375672340393,225,-4,upper_full,/home/runner/work/sample_website/sample_website/.cache/gsv_estrella_fast/panoramas/rapid/z1_q0C6Md6KEf9U_QxfpUMVaQ.jpg,/home/runner/work/sample_website/sample_website/.cache/gsv_estrella_fast/best_views/rapid/q0C6Md6KEf9U_QxfpUMVaQ.jpg,
nX4kRTDyiNiq6TQ5gUBI_A,19.47223865053207,-99.12298246808118,,,,False,999.2559375140519,113,81,0.7168141592920354,0.3987967371940613,270,-4,left_houses,/home/runner/work/sample_website/sample_website/.cache/gsv_estrella_fast/panoramas/rapid/z1_nX4kRTDyiNiq6TQ5gUBI_A.jpg,/home/runner/work/sample_website/sample_website/.cache/gsv_estrella_fast/best_views/rapid/nX4kRTDyiNiq6TQ5gUBI_A.jpg,
PrQRve_aCdmY92BEHJyyqA,19.47895842309259,-99.11938232132002,,,,False,976.502440419462,90,79,0.8777777777777778,0.4269331991672516,270,-4,left_houses,/home/runner/work/sample_website/sample_website/.cache/gsv_estrella_fast/panoramas/rapid/z1_PrQRve_aCdmY92BEHJyyqA.jpg,/home/runner/work/sample_website/sample_website/.cache/gsv_estrella_fast/best_views/rapid/PrQRve_aCdmY92BEHJyyqA.jpg,
TZCn04McsW025V0C8BarCA,19.47059713588475,-99.11517728997434,,,,False,954.6388888888889,90,77,0.8555555555555555,0.5004648566246033,0,-4,upper_full,/home/runner/work/sample_website/sample_website/.cache/gsv_estrella_fast/panoramas/rapid/z1_TZCn04McsW025V0C8BarCA.jpg,/home/runner/work/sample_website/sample_website/.cache/gsv_estrella_fast/best_views/rapid/TZCn04McsW025V0C8BarCA.jpg,
W5niqA9APFfJQYLVlddPbw,19.47301920091797,-99.12267886142779,,,,False,954.5263157894736,95,77,0.8105263157894737,0.5370785593986511,270,-4,upper_full,/home/runner/work/sample_website/sample_website/.cache/gsv_estrella_fast/panoramas/rapid/z1_W5niqA9APFfJQYLVlddPbw.jpg,/home/runner/work/sample_website/sample_website/.cache/gsv_estrella_fast/best_views/rapid/W5niqA9APFfJQYLVlddPbw.jpg,
RujFr6Y7aOMXe5nRmJPJCg,19.47406192140673,-99.11764807468809,,,,False,953.8916666666667,84,77,0.9166666666666666,0.6162316799163818,270,-4,upper_full,/home/runner/work/sample_website/sample_website/.cache/gsv_estrella_fast/panoramas/rapid/z1_RujFr6Y7aOMXe5nRmJPJCg.jpg,/home/runner/work/sample_website/sample_website/.cache/gsv_estrella_fast/best_views/rapid/RujFr6Y7aOMXe5nRmJPJCg.jpg,
0vrCv5Is_ENLl2EOqa3E7A,19.47193664694577,-99.11909907478538,,,,False,930.4132653061224,98,75,0.7653061224489796,0.5175313949584961,135,-4,left_houses,/home/runner/work/sample_website/sample_website/.cache/gsv_estrella_fast/panoramas/rapid/z1_0vrCv5Is_ENLl2EOqa3E7A.jpg,/home/runner/work/sample_website/sample_website/.cache/gsv_estrella_fast/best_views/rapid/0vrCv5Is_ENLl2EOqa3E7A.jpg,
hhjKiW7IZ76RjF_9dqb0Jg,19.4787537091239,-99.11803363780167,,,,False,929.7089689198663,85,75,0.8823529411764706,0.49176955223083496,90,-4,upper_full,/home/runner/work/sample_website/sample_website/.cache/gsv_estrella_fast/panoramas/rapid/z1_hhjKiW7IZ76RjF_9dqb0Jg.jpg,/home/runner/work/sample_website/sample_website/.cache/gsv_estrella_fast/best_views/rapid/hhjKiW7IZ76RjF_9dqb0Jg.jpg,
nf0YDNgTtil-40-dxrZV1A,19.47177826686071,-99.12198680129765,,,,False,906.3814432989691,97,73,0.7525773195876289,0.5865039825439453,90,-4,left_houses,/home/runner/work/sample_website/sample_website/.cache/gsv_estrella_fast/panoramas/rapid/z1_nf0YDNgTtil-40-dxrZV1A.jpg,/home/runner/work/sample_website/sample_website/.cache/gsv_estrella_fast/best_views/rapid/nf0YDNgTtil-40-dxrZV1A.jpg,
yREII4wx8j2y1ofOi73srw,19.47407548598625,-99.11292969957957,,,,False,906.1477011494252,87,73,0.8390804597701149,0.6937403082847595,225,-4,left_houses,/home/runner/work/sample_website/sample_website/.cache/gsv_estrella_fast/panoramas/rapid/z1_yREII4wx8j2y1ofOi73srw.jpg,/home/runner/work/sample_website/sample_website/.cache/gsv_estrella_fast/best_views/rapid/yREII4wx8j2y1ofOi73srw.jpg,
rnq8a75k75THzuIBEeY51A,19.47639171273035,-99.11340810078151,,,,False,894.2647058823529,102,72,0.7058823529411765,0.5756966471672058,135,-4,left_houses,/home/runner/work/sample_website/sample_website/.cache/gsv_estrella_fast/panoramas/rapid/z1_rnq8a75k75THzuIBEeY51A.jpg,/home/runner/work/sample_website/sample_website/.cache/gsv_estrella_fast/best_views/rapid/rnq8a75k75THzuIBEeY51A.jpg,
s0VzyFDwSUgdIFby3T1TVQ,19.47666000777038,-99.11428868052786,,,,False,856.3794964169526,77,69,0.8961038961038961,0.48630788922309875,135,-4,left_houses,/home/runner/work/sample_website/sample_website/.cache/gsv_estrella_fast/panoramas/rapid/z1_s0VzyFDwSUgdIFby3T1TVQ.jpg,/home/runner/work/sample_website/sample_website/.cache/gsv_estrella_fast/best_views/rapid/s0VzyFDwSUgdIFby3T1TVQ.jpg,
uRHMkAcxCrejUP_29JhBjw,19.47750167010151,-99.12213218661742,,,,False,855.6853744489082,94,69,0.7340425531914894,0.4116756021976471,315,-4,left_houses,/home/runner/work/sample_website/sample_website/.cache/gsv_estrella_fast/panoramas/rapid/z1_uRHMkAcxCrejUP_29JhBjw.jpg,/home/runner/work/sample_website/sample_website/.cache/gsv_estrella_fast/best_views/rapid/uRHMkAcxCrejUP_29JhBjw.jpg,
AUblrPmd5m_GkGwv3lQrFw,19.47769463238564,-99.11388160851824,,,,False,849.3955136212809,87,69,0.7931034482758621,0.2120918333530426,45,-4,full,/home/runner/work/sample_website/sample_website/.cache/gsv_estrella_fast/panoramas/rapid/z1_AUblrPmd5m_GkGwv3lQrFw.jpg,/home/runner/work/sample_website/sample_website/.cache/gsv_estrella_fast/best_views/rapid/AUblrPmd5m_GkGwv3lQrFw.jpg,
mPZfNumLcRkHv8LHOvCtLA,19.47594569303065,-99.11690928794629,,,,False,831.6168425679207,80,67,0.8375,0.4507697522640228,225,-4,upper_full,/home/runner/work/sample_website/sample_website/.cache/gsv_estrella_fast/panoramas/rapid/z1_mPZfNumLcRkHv8LHOvCtLA.jpg,/home/runner/work/sample_website/sample_website/.cache/gsv_estrella_fast/best_views/rapid/mPZfNumLcRkHv8LHOvCtLA.jpg,
xNvV2XiIp5HHXRIax4sO6w,19.47263374393496,-99.11960647092914,,,,False,798.2204301075269,93,64,0.6881720430107527,0.682546079158783,45,-4,left_houses,/home/runner/work/sample_website/sample_website/.cache/gsv_estrella_fast/panoramas/rapid/z1_xNvV2XiIp5HHXRIax4sO6w.jpg,/home/runner/work/sample_website/sample_website/.cache/gsv_estrella_fast/best_views/rapid/xNvV2XiIp5HHXRIax4sO6w.jpg,
dk04YyzqLnrFRapkD1o9Lw,19.47478995074495,-99.12198587258857,,,,False,797.78,125,64,0.512,0.5630658864974976,315,-4,upper_full,/home/runner/work/sample_website/sample_website/.cache/gsv_estrella_fast/panoramas/rapid/z1_dk04YyzqLnrFRapkD1o9Lw.jpg,/home/runner/work/sample_website/sample_website/.cache/gsv_estrella_fast/best_views/rapid/dk04YyzqLnrFRapkD1o9Lw.jpg,
_qHQRmhmzY6p_7H2LwC8Iw,19.46951694533198,-99.11936281906739,,,,False,795.5529411764707,68,64,0.9411764705882353,0.5093532800674438,0,-4,left_houses,/home/runner/work/sample_website/sample_website/.cache/gsv_estrella_fast/panoramas/rapid/z1__qHQRmhmzY6p_7H2LwC8Iw.jpg,/home/runner/work/sample_website/sample_website/.cache/gsv_estrella_fast/best_views/rapid/_qHQRmhmzY6p_7H2LwC8Iw.jpg,
KKqFPIGSGA81EgshSwtQpA,19.47419028785367,-99.11365831917489,,,,False,781.5269692354565,79,63,0.7974683544303798,0.3894432783126831,225,-4,left_houses,/home/runner/work/sample_website/sample_website/.cache/gsv_estrella_fast/panoramas/rapid/z1_KKqFPIGSGA81EgshSwtQpA.jpg,/home/runner/work/sample_website/sample_website/.cache/gsv_estrella_fast/best_views/rapid/KKqFPIGSGA81EgshSwtQpA.jpg,
CDrcaWYGqCzrr2h4nEY1XQ,19.47402603564337,-99.12287389226559,,,,False,749.3857142857144,84,60,0.7142857142857143,0.5645898580551147,180,-4,upper_full,/home/runner/work/sample_website/sample_website/.cache/gsv_estrella_fast/panoramas/rapid/z1_CDrcaWYGqCzrr2h4nEY1XQ.jpg,/home/runner/work/sample_website/sample_website/.cache/gsv_estrella_fast/best_views/rapid/CDrcaWYGqCzrr2h4nEY1XQ.jpg,
l1LV0D79EZsCVRvtDb7_ew,19.47597121042111,-99.12207139829822,,,,False,745.0642426891761,88,60,0.6818181818181818,0.33865657448768616,90,-4,left_houses,/home/runner/work/sample_website/sample_website/.cache/gsv_estrella_fast/panoramas/rapid/z1_l1LV0D79EZsCVRvtDb7_ew.jpg,/home/runner/work/sample_website/sample_website/.cache/gsv_estrella_fast/best_views/rapid/l1LV0D79EZsCVRvtDb7_ew.jpg,
9IMISnv-kMDQVedTYlnsQw,19.47218053714705,-99.11444156522207,,,,False,741.5111458269662,86,60,0.6976744186046512,0.22889865934848785,180,-4,left_houses,/home/runner/work/sample_website/sample_website/.cache/gsv_estrella_fast/panoramas/rapid/z1_9IMISnv-kMDQVedTYlnsQw.jpg,/home/runner/work/sample_website/sample_website/.cache/gsv_estrella_fast/best_views/rapid/9IMISnv-kMDQVedTYlnsQw.jpg,
Y9fHafiWWe1zKUMFs1BcHA,19.47512886748073,-99.11524313830344,,,,False,710.9423076923077,65,57,0.8769230769230769,0.500784158706665,135,-4,left_houses,/home/runner/work/sample_website/sample_website/.cache/gsv_estrella_fast/panoramas/rapid/z1_Y9fHafiWWe1zKUMFs1BcHA.jpg,/home/runner/work/sample_website/sample_website/.cache/gsv_estrella_fast/best_views/rapid/Y9fHafiWWe1zKUMFs1BcHA.jpg,
Zw6GVm7r5vYCQGj66DAx4A,19.47854502705487,-99.11681329935823,,,,False,689.8949438202247,89,55,0.6179775280898876,0.6079631447792053,315,-4,left_houses,/home/runner/work/sample_website/sample_website/.cache/gsv_estrella_fast/panoramas/rapid/z1_Zw6GVm7r5vYCQGj66DAx4A.jpg,/home/runner/work/sample_website/sample_website/.cache/gsv_estrella_fast/best_views/rapid/Zw6GVm7r5vYCQGj66DAx4A.jpg,
b3lBd1f5gvSeQMYsJUkvcQ,19.47289765426609,-99.11481807985338,,,,False,686.7484375,64,55,0.859375,0.5573837161064148,135,-4,upper_full,/home/runner/work/sample_website/sample_website/.cache/gsv_estrella_fast/panoramas/rapid/z1_b3lBd1f5gvSeQMYsJUkvcQ.jpg,/home/runner/work/sample_website/sample_website/.cache/gsv_estrella_fast/best_views/rapid/b3lBd1f5gvSeQMYsJUkvcQ.jpg,
jED4n6tALAHbg7ZHVnDLPQ,19.47845021436222,-99.11453873284141,,,,False,686.3661528079477,73,55,0.7534246575342466,0.4510863721370697,270,-4,full,/home/runner/work/sample_website/sample_website/.cache/gsv_estrella_fast/panoramas/rapid/z1_jED4n6tALAHbg7ZHVnDLPQ.jpg,/home/runner/work/sample_website/sample_website/.cache/gsv_estrella_fast/best_views/rapid/jED4n6tALAHbg7ZHVnDLPQ.jpg,
aBTVZ8G9mz72cu_6zJcYmA,19.47127611297767,-99.12129660456577,,,,False,675.3065217391304,69,54,0.782608695652174,0.6940006017684937,270,-4,left_houses,/home/runner/work/sample_website/sample_website/.cache/gsv_estrella_fast/panoramas/rapid/z1_aBTVZ8G9mz72cu_6zJcYmA.jpg,/home/runner/work/sample_website/sample_website/.cache/gsv_estrella_fast/best_views/rapid/aBTVZ8G9mz72cu_6zJcYmA.jpg,
_YgOXLmNOZrf6SQpayj1mQ,19.47891333076735,-99.12209681118715,,,,False,672.987384562309,65,54,0.8307692307692308,0.43868204951286316,315,-4,left_houses,/home/runner/work/sample_website/sample_website/.cache/gsv_estrella_fast/panoramas/rapid/z1__YgOXLmNOZrf6SQpayj1mQ.jpg,/home/runner/work/sample_website/sample_website/.cache/gsv_estrella_fast/best_views/rapid/_YgOXLmNOZrf6SQpayj1mQ.jpg,
lUT1iDsqQqpcRbBAijasBQ,19.47217342555269,-99.11407248130281,,,,False,663.8905405405405,74,53,0.7162162162162162,0.612254798412323,0,-4,left_houses,/home/runner/work/sample_website/sample_website/.cache/gsv_estrella_fast/panoramas/rapid/z1_lUT1iDsqQqpcRbBAijasBQ.jpg,/home/runner/work/sample_website/sample_website/.cache/gsv_estrella_fast/best_views/rapid/lUT1iDsqQqpcRbBAijasBQ.jpg,
5B8g-2o5DqO-560sE8MPDg,19.47744489591826,-99.12100305113974,,,,False,651.6055555555555,72,52,0.7222222222222222,0.6653400659561157,45,-4,left_houses,/home/runner/work/sample_website/sample_website/.cache/gsv_estrella_fast/panoramas/rapid/z1_5B8g-2o5DqO-560sE8MPDg.jpg,/home/runner/work/sample_website/sample_website/.cache/gsv_estrella_fast/best_views/rapid/5B8g-2o5DqO-560sE8MPDg.jpg,
67YOQQn96m-SwW6rYdcFlA,19.47033116047334,-99.11842198877996,,,,False,650.3733336244311,70,52,0.7428571428571429,0.46720635890960693,180,-4,left_houses,/home/runner/work/sample_website/sample_website/.cache/gsv_estrella_fast/panoramas/rapid/z1_67YOQQn96m-SwW6rYdcFlA.jpg,/home/runner/work/sample_website/sample_website/.cache/gsv_estrella_fast/best_views/rapid/67YOQQn96m-SwW6rYdcFlA.jpg,
Oi3KFwNETQkAV93nwv7yRw,19.47264215412752,-99.12183702598946,,,,False,650.1666666666666,60,52,0.8666666666666667,0.8232685923576355,180,-4,left_houses,/home/runner/work/sample_website/sample_website/.cache/gsv_estrella_fast/panoramas/rapid/z1_Oi3KFwNETQkAV93nwv7yRw.jpg,/home/runner/work/sample_website/sample_website/.cache/gsv_estrella_fast/best_views/rapid/Oi3KFwNETQkAV93nwv7yRw.jpg,
yPamtmBUv_KVeZGz60nOEw,19.46947919355678,-99.11748133842455,,,,False,638.4738095238096,63,51,0.8095238095238095,0.5400325655937195,180,-4,full,/home/runner/work/sample_website/sample_website/.cache/gsv_estrella_fast/panoramas/rapid/z1_yPamtmBUv_KVeZGz60nOEw.jpg,/home/runner/work/sample_website/sample_website/.cache/gsv_estrella_fast/best_views/rapid/yPamtmBUv_KVeZGz60nOEw.jpg,
uXjcs05OJMFqSc4e0PMVUA,19.47253838954877,-99.11412212012036,,,,False,637.7868421052631,57,51,0.8947368421052632,0.6482205390930176,225,-4,upper_full,/home/runner/work/sample_website/sample_website/.cache/gsv_estrella_fast/panoramas/rapid/z1_uXjcs05OJMFqSc4e0PMVUA.jpg,/home/runner/work/sample_website/sample_website/.cache/gsv_estrella_fast/best_views/rapid/uXjcs05OJMFqSc4e0PMVUA.jpg,
4qGagWYYJODBexL-fiSLrg,19.47446278993365,-99.11964741734755,,,,False,632.9006588816643,64,51,0.796875,0.3102823793888092,315,-4,left_houses,/home/runner/work/sample_website/sample_website/.cache/gsv_estrella_fast/panoramas/rapid/z1_4qGagWYYJODBexL-fiSLrg.jpg,/home/runner/work/sample_website/sample_website/.cache/gsv_estrella_fast/best_views/rapid/4qGagWYYJODBexL-fiSLrg.jpg,
v-9bkqJHwqilZWlo-fhMKA,19.47631466467682,-99.1162376235196,,,,False,628.0447368421053,76,50,0.6578947368421053,0.6664438843727112,315,-4,left_houses,/home/runner/work/sample_website/sample_website/.cache/gsv_estrella_fast/panoramas/rapid/z1_v-9bkqJHwqilZWlo-fhMKA.jpg,/home/runner/work/sample_website/sample_website/.cache/gsv_estrella_fast/best_views/rapid/v-9bkqJHwqilZWlo-fhMKA.jpg,
jik5Lo0ExRqQjfC3TEpCwg,19.47927331297031,-99.11689704665116,,,,False,625.5227272727273,55,50,0.9090909090909091,0.5936850905418396,0,-4,left_houses,/home/runner/work/sample_website/sample_website/.cache/gsv_estrella_fast/panoramas/rapid/z1_jik5Lo0ExRqQjfC3TEpCwg.jpg,/home/runner/work/sample_website/sample_website/.cache/gsv_estrella_fast/best_views/rapid/jik5Lo0ExRqQjfC3TEpCwg.jpg,
gXp3D-JtmdrN4CBfNxd_Gw,19.47368900443561,-99.12345409071608,,,,False,614.2758064516129,62,49,0.7903225806451613,0.7309600114822388,315,-4,left_houses,/home/runner/work/sample_website/sample_website/.cache/gsv_estrella_fast/panoramas/rapid/z1_gXp3D-JtmdrN4CBfNxd_Gw.jpg,/home/runner/work/sample_website/sample_website/.cache/gsv_estrella_fast/best_views/rapid/gXp3D-JtmdrN4CBfNxd_Gw.jpg,
01bB_rbRaFnzTKi3KFonjw,19.47359474475886,-99.11547934852578,,,,False,610.6426042736441,69,49,0.7101449275362319,0.3505747318267822,180,-4,upper_full,/home/runner/work/sample_website/sample_website/.cache/gsv_estrella_fast/panoramas/rapid/z1_01bB_rbRaFnzTKi3KFonjw.jpg,/home/runner/work/sample_website/sample_website/.cache/gsv_estrella_fast/best_views/rapid/01bB_rbRaFnzTKi3KFonjw.jpg,
iYv1CguY-wQU_awiYD3nZQ,19.4707056985632,-99.1197061776053,,,,False,605.804347826087,92,48,0.5217391304347826,0.6962475180625916,135,-4,left_houses,/home/runner/work/sample_website/sample_website/.cache/gsv_estrella_fast/panoramas/rapid/z1_iYv1CguY-wQU_awiYD3nZQ.jpg,/home/runner/work/sample_website/sample_website/.cache/gsv_estrella_fast/best_views/rapid/iYv1CguY-wQU_awiYD3nZQ.jpg,
uSJz3fZKDLimMC_e6Zazfg,19.47099012680221,-99.12133054437574,,,,False,603.3377815030342,86,48,0.5581395348837209,0.43474775552749634,0,-4,left_houses,/home/runner/work/sample_website/sample_website/.cache/gsv_estrella_fast/panoramas/rapid/z1_uSJz3fZKDLimMC_e6Zazfg.jpg,/home/runner/work/sample_website/sample_website/.cache/gsv_estrella_fast/best_views/rapid/uSJz3fZKDLimMC_e6Zazfg.jpg,
zmyJZ_py_y_NgJ4XAFfEKQ,19.4744909688017,-99.11898552317805,,,,False,601.8838983050848,59,48,0.8135593220338984,0.6988086104393005,270,-4,full,/home/runner/work/sample_website/sample_website/.cache/gsv_estrella_fast/panoramas/rapid/z1_zmyJZ_py_y_NgJ4XAFfEKQ.jpg,/home/runner/work/sample_website/sample_website/.cache/gsv_estrella_fast/best_views/rapid/zmyJZ_py_y_NgJ4XAFfEKQ.jpg,
imXaJypP5qb5JUTmirUL9w,19.47252035514187,-99.1220960513332,,,,False,600.7266080837095,62,48,0.7741935483870968,0.4497041404247284,0,-4,left_houses,/home/runner/work/sample_website/sample_website/.cache/gsv_estrella_fast/panoramas/rapid/z1_imXaJypP5qb5JUTmirUL9w.jpg,/home/runner/work/sample_website/sample_website/.cache/gsv_estrella_fast/best_views/rapid/imXaJypP5qb5JUTmirUL9w.jpg,
B1au3rsbgcPdGD7ByAjGDg,19.47512736270514,-99.12086703926236,,,,False,589.8415254237289,59,47,0.7966101694915254,0.5974796414375305,225,-4,left_houses,/home/runner/work/sample_website/sample_website/.cache/gsv_estrella_fast/panoramas/rapid/z1_B1au3rsbgcPdGD7ByAjGDg.jpg,/home/runner/work/sample_website/sample_website/.cache/gsv_estrella_fast/best_views/rapid/B1au3rsbgcPdGD7ByAjGDg.jpg,
_vUKD5YwmuTbnWaaBj2OpA,19.47565490013162,-99.12066221982697,,,,False,583.4092122303473,74,47,0.6351351351351351,0.22404581308364868,225,-4,left_houses,/home/runner/work/sample_website/sample_website/.cache/gsv_estrella_fast/panoramas/rapid/z1__vUKD5YwmuTbnWaaBj2OpA.jpg,/home/runner/work/sample_website/sample_website/.cache/gsv_estrella_fast/best_views/rapid/_vUKD5YwmuTbnWaaBj2OpA.jpg,
Mtj2StLgOVaTjfyp25sXvQ,19.47575946211227,-99.11774322004364,,,,False,580.5697530864197,81,46,0.5679012345679012,0.6181070804595947,0,-4,left_houses,/home/runner/work/sample_website/sample_website/.cache/gsv_estrella_fast/panoramas/rapid/z1_Mtj2StLgOVaTjfyp25sXvQ.jpg,/home/runner/work/sample_website/sample_website/.cache/gsv_estrella_fast/best_views/rapid/Mtj2StLgOVaTjfyp25sXvQ.jpg,
6j1nA1emIG2ER-gNssWDjg,19.47699940815566,-99.11609697655605,,,,False,580.174358974359,78,46,0.5897435897435898,0.67662513256073,135,-4,street_depth,/home/runner/work/sample_website/sample_website/.cache/gsv_estrella_fast/panoramas/rapid/z1_6j1nA1emIG2ER-gNssWDjg.jpg,/home/runner/work/sample_website/sample_website/.cache/gsv_estrella_fast/best_views/rapid/6j1nA1emIG2ER-gNssWDjg.jpg,
iSlNpN1n_BU4kEFlqPkp2Q,19.47560228020741,-99.117284632293,,,,False,577.3409090909091,55,46,0.8363636363636363,0.9080219268798828,180,-4,left_houses,/home/runner/work/sample_website/sample_website/.cache/gsv_estrella_fast/panoramas/rapid/z1_iSlNpN1n_BU4kEFlqPkp2Q.jpg,/home/runner/work/sample_website/sample_website/.cache/gsv_estrella_fast/best_views/rapid/iSlNpN1n_BU4kEFlqPkp2Q.jpg,
cq2TgSuvpxu6AawSz5HG7g,19.4745062257793,-99.11524735935204,,,,False,577.2296296296297,54,46,0.8518518518518519,0.6778695583343506,225,-4,left_houses,/home/runner/work/sample_website/sample_website/.cache/gsv_estrella_fast/panoramas/rapid/z1_cq2TgSuvpxu6AawSz5HG7g.jpg,/home/runner/work/sample_website/sample_website/.cache/gsv_estrella_fast/best_views/rapid/cq2TgSuvpxu6AawSz5HG7g.jpg,
bhvHjW442gjDrObaG6rVaA,19.47478223806121,-99.11729062633533,,,,False,577.1257092571474,111,46,0.4144144144144144,0.3529891073703766,180,-4,left_houses,/home/runner/work/sample_website/sample_website/.cache/gsv_estrella_fast/panoramas/rapid/z1_bhvHjW442gjDrObaG6rVaA.jpg,/home/runner/work/sample_website/sample_website/.cache/gsv_estrella_fast/best_views/rapid/bhvHjW442gjDrObaG6rVaA.jpg,
C2mmz_eFPu34KVYQIA4V4Q,19.47287399043737,-99.12197261737819,,,,False,572.2986934098705,58,46,0.7931034482758621,0.3205311596393585,45,-4,left_houses,/home/runner/work/sample_website/sample_website/.cache/gsv_estrella_fast/panoramas/rapid/z1_C2mmz_eFPu34KVYQIA4V4Q.jpg,/home/runner/work/sample_website/sample_website/.cache/gsv_estrella_fast/best_views/rapid/C2mmz_eFPu34KVYQIA4V4Q.jpg,
xQNrGi1FmOG89_pYN1U84g,19.46945550899745,-99.11795630552803,,,,False,563.4537035627799,66,45,0.6818181818181818,0.39497193694114685,225,-4,left_houses,/home/runner/work/sample_website/sample_website/.cache/gsv_estrella_fast/panoramas/rapid/z1_xQNrGi1FmOG89_pYN1U84g.jpg,/home/runner/work/sample_website/sample_website/.cache/gsv_estrella_fast/best_views/rapid/xQNrGi1FmOG89_pYN1U84g.jpg,
v-AVZM_qqEh6l6jHdRGLIA,19.47063441739606,-99.12091406506838,,,,False,563.2803351263611,49,45,0.9183673469387755,0.4544805586338043,270,-4,upper_full,/home/runner/work/sample_website/sample_website/.cache/gsv_estrella_fast/panoramas/rapid/z1_v-AVZM_qqEh6l6jHdRGLIA.jpg,/home/runner/work/sample_website/sample_website/.cache/gsv_estrella_fast/best_views/rapid/v-AVZM_qqEh6l6jHdRGLIA.jpg,
lMxRJ2x_Btiti_BCZIkdmA,19.47365863009021,-99.12166285133657,,,,False,560.6167968945069,55,45,0.8181818181818182,0.3440447449684143,180,-4,left_houses,/home/runner/work/sample_website/sample_website/.cache/gsv_estrella_fast/panoramas/rapid/z1_lMxRJ2x_Btiti_BCZIkdmA.jpg,/home/runner/work/sample_website/sample_website/.cache/gsv_estrella_fast/best_views/rapid/lMxRJ2x_Btiti_BCZIkdmA.jpg,
Cn76PiWn0P0Q4Z_ktPxthQ,19.47408502971043,-99.12127372475179,,,,False,557.3892497557051,68,45,0.6617647058823529,0.18449459969997406,90,-4,left_houses,/home/runner/work/sample_website/sample_website/.cache/gsv_estrella_fast/panoramas/rapid/z1_Cn76PiWn0P0Q4Z_ktPxthQ.jpg,/home/runner/work/sample_website/sample_website/.cache/gsv_estrella_fast/best_views/rapid/Cn76PiWn0P0Q4Z_ktPxthQ.jpg,
M-65sgYYoa9Zp2pfYME0aw,19.47217922595224,-99.11964927471135,,,,False,549.7366681972488,61,44,0.7213114754098361,0.35944631695747375,180,-4,left_houses,/home/runner/work/sample_website/sample_website/.cache/gsv_estrella_fast/panoramas/rapid/z1_M-65sgYYoa9Zp2pfYME0aw.jpg,/home/runner/work/sample_website/sample_website/.cache/gsv_estrella_fast/best_views/rapid/M-65sgYYoa9Zp2pfYME0aw.jpg,
EoJRCiNS_IH3WcSj3pxTOA,19.47444053842861,-99.12135021596372,,,,False,547.7489473263422,66,44,0.6666666666666666,0.27274268865585327,0,-4,left_houses,/home/runner/work/sample_website/sample_website/.cache/gsv_estrella_fast/panoramas/rapid/z1_EoJRCiNS_IH3WcSj3pxTOA.jpg,/home/runner/work/sample_website/sample_website/.cache/gsv_estrella_fast/best_views/rapid/EoJRCiNS_IH3WcSj3pxTOA.jpg,
Ijr3hWEUC6_8XTfL33n4Ig,19.47697767625255,-99.1203476465645,,,,False,547.4922597972173,63,44,0.6984126984126984,0.27654093503952026,0,-4,left_houses,/home/runner/work/sample_website/sample_website/.cache/gsv_estrella_fast/panoramas/rapid/z1_Ijr3hWEUC6_8XTfL33n4Ig.jpg,/home/runner/work/sample_website/sample_website/.cache/gsv_estrella_fast/best_views/rapid/Ijr3hWEUC6_8XTfL33n4Ig.jpg,
p54_zMqxB94aLfsHhd0Q-Q,19.47667152466069,-99.1176316965283,,,,False,541.7916666666666,60,43,0.7166666666666667,0.5041658282279968,45,-4,upper_full,/home/runner/work/sample_website/sample_website/.cache/gsv_estrella_fast/panoramas/rapid/z1_p54_zMqxB94aLfsHhd0Q-Q.jpg,/home/runner/work/sample_website/sample_website/.cache/gsv_estrella_fast/best_views/rapid/p54_zMqxB94aLfsHhd0Q-Q.jpg,
2Hd6PGVV9jEdyTBbCIm3ng,19.47674891832111,-99.12177438048163,,,,False,541.0907407407408,54,43,0.7962962962962963,0.7580940127372742,270,-4,left_houses,/home/runner/work/sample_website/sample_website/.cache/gsv_estrella_fast/panoramas/rapid/z1_2Hd6PGVV9jEdyTBbCIm3ng.jpg,/home/runner/work/sample_website/sample_website/.cache/gsv_estrella_fast/best_views/rapid/2Hd6PGVV9jEdyTBbCIm3ng.jpg,
tWW-7_Rqp-XG8L-5Zqj-Rw,19.47973793755575,-99.12050552402658,,,,False,527.9540366530418,60,42,0.7,0.44013455510139465,180,-4,left_houses,/home/runner/work/sample_website/sample_website/.cache/gsv_estrella_fast/panoramas/rapid/z1_tWW-7_Rqp-XG8L-5Zqj-Rw.jpg,/home/runner/work/sample_website/sample_website/.cache/gsv_estrella_fast/best_views/rapid/tWW-7_Rqp-XG8L-5Zqj-Rw.jpg,
D0ItkMwi2mPvymlpxXqQaQ,19.47108029345529,-99.11960934139903,,,,False,518.4530303030302,66,41,0.6212121212121212,0.5137920379638672,90,-4,left_houses,/home/runner/work/sample_website/sample_website/.cache/gsv_estrella_fast/panoramas/rapid/z1_D0ItkMwi2mPvymlpxXqQaQ.jpg,/home/runner/work/sample_website/sample_website/.cache/gsv_estrella_fast/best_views/rapid/D0ItkMwi2mPvymlpxXqQaQ.jpg,
Z6DnVuhgBWcc6lNh9U5uVg,19.47588289974303,-99.11640511698549,,,,False,517.348245614035,57,41,0.7192982456140351,0.6208089590072632,45,-4,left_houses,/home/runner/work/sample_website/sample_website/.cache/gsv_estrella_fast/panoramas/rapid/z1_Z6DnVuhgBWcc6lNh9U5uVg.jpg,/home/runner/work/sample_website/sample_website/.cache/gsv_estrella_fast/best_views/rapid/Z6DnVuhgBWcc6lNh9U5uVg.jpg,
1BoaU86SEPFzzYmpoqwE4w,19.47109905838497,-99.11526095113003,,,,False,511.16348067193195,58,41,0.7068965517241379,0.2898746430873871,45,-4,left_houses,/home/runner/work/sample_website/sample_website/.cache/gsv_estrella_fast/panoramas/rapid/z1_1BoaU86SEPFzzYmpoqwE4w.jpg,/home/runner/work/sample_website/sample_website/.cache/gsv_estrella_fast/best_views/rapid/1BoaU86SEPFzzYmpoqwE4w.jpg,
LVJcuMgzt3DRzkj-3ci49Q,19.47255550690619,-99.11497586196126,,,,False,506.1625,64,40,0.625,0.6246966123580933,135,-4,left_houses,/home/runner/work/sample_website/sample_website/.cache/gsv_estrella_fast/panoramas/rapid/z1_LVJcuMgzt3DRzkj-3ci49Q.jpg,/home/runner/work/sample_website/sample_website/.cache/gsv_estrella_fast/best_views/rapid/LVJcuMgzt3DRzkj-3ci49Q.jpg,
3aQeiM8xqiIDr5MX51HwZQ,19.47706322450262,-99.11366186478529,,,,False,504.95185185185187,54,40,0.7407407407407407,0.6140719652175903,45,-4,left_houses,/home/runner/work/sample_website/sample_website/.cache/gsv_estrella_fast/panoramas/rapid/z1_3aQeiM8xqiIDr5MX51HwZQ.jpg,/home/runner/work/sample_website/sample_website/.cache/gsv_estrella_fast/best_views/rapid/3aQeiM8xqiIDr5MX51HwZQ.jpg,
7Xcs1OHFuHPO_kVV32Xo0w,19.47407197295176,-99.1205576152149,,,,False,494.1234375,64,39,0.609375,0.5281794667243958,45,-4,street_depth,/home/runner/work/sample_website/sample_website/.cache/gsv_estrella_fast/panoramas/rapid/z1_7Xcs1OHFuHPO_kVV32Xo0w.jpg,/home/runner/work/sample_website/sample_website/.cache/gsv_estrella_fast/best_views/rapid/7Xcs1OHFuHPO_kVV32Xo0w.jpg,
rkENh-Sfvp60ZtTl__JvZg,19.46976398327396,-99.11696112352027,,,,False,493.02272727272725,55,39,0.7090909090909091,0.5462939143180847,0,-4,left_houses,/home/runner/work/sample_website/sample_website/.cache/gsv_estrella_fast/panoramas/rapid/z1_rkENh-Sfvp60ZtTl__JvZg.jpg,/home/runner/work/sample_website/sample_website/.cache/gsv_estrella_fast/best_views/rapid/rkENh-Sfvp60ZtTl__JvZg.jpg,
Cyc5qX9EUf3nwejRCCMSAQ,19.47555802636845,-99.116988814199,,,,False,492.90555555555557,54,39,0.7222222222222222,0.5025704503059387,180,-4,left_houses,/home/runner/work/sample_website/sample_website/.cache/gsv_estrella_fast/panoramas/rapid/z1_Cyc5qX9EUf3nwejRCCMSAQ.jpg,/home/runner/work/sample_website/sample_website/.cache/gsv_estrella_fast/best_views/rapid/Cyc5qX9EUf3nwejRCCMSAQ.jpg,
KZ2U2WXOJS2xkYVggdtmvQ,19.47185186902646,-99.11662554364983,,,,False,483.66987463601174,62,39,0.6290322580645161,0.15990979969501495,225,-4,left_houses,/home/runner/work/sample_website/sample_website/.cache/gsv_estrella_fast/panoramas/rapid/z1_KZ2U2WXOJS2xkYVggdtmvQ.jpg,/home/runner/work/sample_website/sample_website/.cache/gsv_estrella_fast/best_views/rapid/KZ2U2WXOJS2xkYVggdtmvQ.jpg,
7w7NV37XwbHbzvjQNPCCow,19.47633706012098,-99.11827171361215,,,,False,481.2166666666667,57,38,0.6666666666666666,0.722714900970459,180,-4,left_houses,/home/runner/work/sample_website/sample_website/.cache/gsv_estrella_fast/panoramas/rapid/z1_7w7NV37XwbHbzvjQNPCCow.jpg,/home/runner/work/sample_website/sample_website/.cache/gsv_estrella_fast/best_views/rapid/7w7NV37XwbHbzvjQNPCCow.jpg,
KCRVy4XpZ3ytBZ6KHczsEA,19.47305550703185,-99.12082600779176,,,,False,480.6269230769231,52,38,0.7307692307692307,0.574123740196228,225,-4,left_houses,/home/runner/work/sample_website/sample_website/.cache/gsv_estrella_fast/panoramas/rapid/z1_KCRVy4XpZ3ytBZ6KHczsEA.jpg,/home/runner/work/sample_website/sample_website/.cache/gsv_estrella_fast/best_views/rapid/KCRVy4XpZ3ytBZ6KHczsEA.jpg,
yOtP3H9swBaeLi2Cyr2Mew,19.47114889859519,-99.11998216565863,,,,False,480.0712765957447,47,38,0.8085106382978723,0.6395960450172424,315,-4,left_houses,/home/runner/work/sample_website/sample_website/.cache/gsv_estrella_fast/panoramas/rapid/z1_yOtP3H9swBaeLi2Cyr2Mew.jpg,/home/runner/work/sample_website/sample_website/.cache/gsv_estrella_fast/best_views/rapid/yOtP3H9swBaeLi2Cyr2Mew.jpg,
v_IjXs_irwFplk_FGQa_aw,19.47750536120289,-99.12013995797206,,,,False,475.0895078684421,47,38,0.8085106382978723,0.3339410424232483,180,-4,street_depth,/home/runner/work/sample_website/sample_website/.cache/gsv_estrella_fast/panoramas/rapid/z1_v_IjXs_irwFplk_FGQa_aw.jpg,/home/runner/work/sample_website/sample_website/.cache/gsv_estrella_fast/best_views/rapid/v_IjXs_irwFplk_FGQa_aw.jpg,
N2wLEeHrLdtGo-zFICmmDw,19.47487737459045,-99.12341643510089,,,,False,469.5416666666667,60,37,0.6166666666666667,0.6652893424034119,225,-4,upper_full,/home/runner/work/sample_website/sample_website/.cache/gsv_estrella_fast/panoramas/rapid/z1_N2wLEeHrLdtGo-zFICmmDw.jpg,/home/runner/work/sample_website/sample_website/.cache/gsv_estrella_fast/best_views/rapid/N2wLEeHrLdtGo-zFICmmDw.jpg,
lIh3ucPXOCNM1NmIAwFcZg,19.47713110047431,-99.11547234156488,,,,False,465.2221677132681,51,37,0.7254901960784313,0.39194807410240173,45,-4,upper_full,/home/runner/work/sample_website/sample_website/.cache/gsv_estrella_fast/panoramas/rapid/z1_lIh3ucPXOCNM1NmIAwFcZg.jpg,/home/runner/work/sample_website/sample_website/.cache/gsv_estrella_fast/best_views/rapid/lIh3ucPXOCNM1NmIAwFcZg.jpg,
BWlZ586ZOfbk3Sj3avXqgg,19.47057301974417,-99.12148926805651,,,,False,456.4147058823529,51,36,0.7058823529411765,0.7201569080352783,90,-4,left_houses,/home/runner/work/sample_website/sample_website/.cache/gsv_estrella_fast/panoramas/rapid/z1_BWlZ586ZOfbk3Sj3avXqgg.jpg,/home/runner/work/sample_website/sample_website/.cache/gsv_estrella_fast/best_views/rapid/BWlZ586ZOfbk3Sj3avXqgg.jpg,
y9A_SrKHFlq_XZGkIUHoZQ,19.47372692100666,-99.11773545307159,,,,False,456.3,50,36,0.72,0.5386903285980225,45,-4,left_houses,/home/runner/work/sample_website/sample_website/.cache/gsv_estrella_fast/panoramas/rapid/z1_y9A_SrKHFlq_XZGkIUHoZQ.jpg,/home/runner/work/sample_website/sample_website/.cache/gsv_estrella_fast/best_views/rapid/y9A_SrKHFlq_XZGkIUHoZQ.jpg,
eJZQlzISa_94N0MG7uiq6g,19.47659942627797,-99.12014612108105,,,,False,455.75,45,36,0.8,0.6316360831260681,90,-4,left_houses,/home/runner/work/sample_website/sample_website/.cache/gsv_estrella_fast/panoramas/rapid/z1_eJZQlzISa_94N0MG7uiq6g.jpg,/home/runner/work/sample_website/sample_website/.cache/gsv_estrella_fast/best_views/rapid/eJZQlzISa_94N0MG7uiq6g.jpg,
UmrNwKdZ4bo1o-fC8zt_Mg,19.47132118106852,-99.12052815034083,,,,False,455.5430232558139,43,36,0.8372093023255814,0.685737133026123,225,-4,left_houses,/home/runner/work/sample_website/sample_website/.cache/gsv_estrella_fast/panoramas/rapid/z1_UmrNwKdZ4bo1o-fC8zt_Mg.jpg,/home/runner/work/sample_website/sample_website/.cache/gsv_estrella_fast/best_views/rapid/UmrNwKdZ4bo1o-fC8zt_Mg.jpg,
07-5laPPPaTKSSS56wm45g,19.47781988384841,-99.11892575035223,,,,False,453.5367774520601,56,36,0.6428571428571429,0.3843211531639099,270,-4,left_houses,/home/runner/work/sample_website/sample_website/.cache/gsv_estrella_fast/panoramas/rapid/z1_07-5laPPPaTKSSS56wm45g.jpg,/home/runner/work/sample_website/sample_website/.cache/gsv_estrella_fast/best_views/rapid/07-5laPPPaTKSSS56wm45g.jpg,
ZTHBRd252oO10fERHylU6g,19.47588699957866,-99.11850058787081,,,,False,447.72042815486594,54,36,0.6666666666666666,0.1984587162733078,315,-4,left_houses,/home/runner/work/sample_website/sample_website/.cache/gsv_estrella_fast/panoramas/rapid/z1_ZTHBRd252oO10fERHylU6g.jpg,/home/runner/work/sample_website/sample_website/.cache/gsv_estrella_fast/best_views/rapid/ZTHBRd252oO10fERHylU6g.jpg,
oeuy4X4N-S04WlkAnVp53A,19.47171766255142,-99.12317522006761,,,,False,443.69444444444446,45,35,0.7777777777777778,0.594634473323822,135,-4,left_houses,/home/runner/work/sample_website/sample_website/.cache/gsv_estrella_fast/panoramas/rapid/z1_oeuy4X4N-S04WlkAnVp53A.jpg,/home/runner/work/sample_website/sample_website/.cache/gsv_estrella_fast/best_views/rapid/oeuy4X4N-S04WlkAnVp53A.jpg,
EGOe4XrmmM2AeXtVpZsaEg,19.47371873783732,-99.11866960572678,,,,False,443.0056141614914,50,35,0.7,0.45852047204971313,0,-4,full,/home/runner/work/sample_website/sample_website/.cache/gsv_estrella_fast/panoramas/rapid/z1_EGOe4XrmmM2AeXtVpZsaEg.jpg,/home/runner/work/sample_website/sample_website/.cache/gsv_estrella_fast/best_views/rapid/EGOe4XrmmM2AeXtVpZsaEg.jpg,
JnLdgRITx-pPOLykLK8-Gw,19.47709082715731,-99.11458220926892,,,,False,433.95624632332834,51,35,0.6862745098039216,0.15301866829395294,45,-4,left_houses,/home/runner/work/sample_website/sample_website/.cache/gsv_estrella_fast/panoramas/rapid/z1_JnLdgRITx-pPOLykLK8-Gw.jpg,/home/runner/work/sample_website/sample_website/.cache/gsv_estrella_fast/best_views/rapid/JnLdgRITx-pPOLykLK8-Gw.jpg,
0RFbJch93YlfsMK5CCsPIQ,19.47675384413609,-99.11652221066055,,,,False,432.91785714285714,56,34,0.6071428571428571,0.7164999842643738,225,-4,left_houses,/home/runner/work/sample_website/sample_website/.cache/gsv_estrella_fast/panoramas/rapid/z1_0RFbJch93YlfsMK5CCsPIQ.jpg,/home/runner/work/sample_website/sample_website/.cache/gsv_estrella_fast/best_views/rapid/0RFbJch93YlfsMK5CCsPIQ.jpg,
oWpMWOGewVGPbkJ5bgyKDw,19.47554572823571,-99.11471669087322,,,,False,432.43461538461537,52,34,0.6538461538461539,0.7138817310333252,135,-4,left_houses,/home/runner/work/sample_website/sample_website/.cache/gsv_estrella_fast/panoramas/rapid/z1_oWpMWOGewVGPbkJ5bgyKDw.jpg,/home/runner/work/sample_website/sample_website/.cache/gsv_estrella_fast/best_views/rapid/oWpMWOGewVGPbkJ5bgyKDw.jpg,
C8CWI-uqa1pUDtLiB6BTwQ,19.47935830923686,-99.12091752657405,,,,False,432.31666666666666,51,34,0.6666666666666666,0.6151958107948303,225,-4,upper_full,/home/runner/work/sample_website/sample_website/.cache/gsv_estrella_fast/panoramas/rapid/z1_C8CWI-uqa1pUDtLiB6BTwQ.jpg,/home/runner/work/sample_website/sample_website/.cache/gsv_estrella_fast/best_views/rapid/C8CWI-uqa1pUDtLiB6BTwQ.jpg,
JYBtdHKbh9ckLU3wSmz-tQ,19.47679468403131,-99.12089253619504,,,,False,431.8585106382979,47,34,0.723404255319149,0.6196807622909546,135,-4,left_houses,/home/runner/work/sample_website/sample_website/.cache/gsv_estrella_fast/panoramas/rapid/z1_JYBtdHKbh9ckLU3wSmz-tQ.jpg,/home/runner/work/sample_website/sample_website/.cache/gsv_estrella_fast/best_views/rapid/JYBtdHKbh9ckLU3wSmz-tQ.jpg,
13IOfw4frM7hfCqLYhnYLw,19.47068699678969,-99.12039061959679,,,,False,430.8472972972973,37,34,0.918918918918919,0.6088115572929382,270,-4,left_houses,/home/runner/work/sample_website/sample_website/.cache/gsv_estrella_fast/panoramas/rapid/z1_13IOfw4frM7hfCqLYhnYLw.jpg,/home/runner/work/sample_website/sample_website/.cache/gsv_estrella_fast/best_views/rapid/13IOfw4frM7hfCqLYhnYLw.jpg,
MhqSi55909ZUpV5PUdpRJQ,19.47622318920158,-99.11350594249578,,,,False,430.20026839071846,53,34,0.6415094339622641,0.42154982686042786,180,-4,left_houses,/home/runner/work/sample_website/sample_website/.cache/gsv_estrella_fast/panoramas/rapid/z1_MhqSi55909ZUpV5PUdpRJQ.jpg,/home/runner/work/sample_website/sample_website/.cache/gsv_estrella_fast/best_views/rapid/MhqSi55909ZUpV5PUdpRJQ.jpg,
UWb2ikFwPVoHGaVj0f9QHA,19.47504512117084,-99.1212777772645,,,,False,427.8855814530736,42,34,0.8095238095238095,0.3853923976421356,180,-4,upper_full,/home/runner/work/sample_website/sample_website/.cache/gsv_estrella_fast/panoramas/rapid/z1_UWb2ikFwPVoHGaVj0f9QHA.jpg,/home/runner/work/sample_website/sample_website/.cache/gsv_estrella_fast/best_views/rapid/UWb2ikFwPVoHGaVj0f9QHA.jpg,
eJZxsIqNhytJXsnC1xy1Ug,19.47155158392169,-99.1154628019685,,,,False,427.17700482606887,50,34,0.68,0.3325668275356293,90,-4,left_houses,/home/runner/work/sample_website/sample_website/.cache/gsv_estrella_fast/panoramas/rapid/z1_eJZxsIqNhytJXsnC1xy1Ug.jpg,/home/runner/work/sample_website/sample_website/.cache/gsv_estrella_fast/best_views/rapid/eJZxsIqNhytJXsnC1xy1Ug.jpg,
DRkAacj6wl0jAYz95HMP3w,19.47221011783988,-99.11841118246632,,,,False,420.75,55,33,0.6,0.5282491445541382,225,-4,left_houses,/home/runner/work/sample_website/sample_website/.cache/gsv_estrella_fast/panoramas/rapid/z1_DRkAacj6wl0jAYz95HMP3w.jpg,/home/runner/work/sample_website/sample_website/.cache/gsv_estrella_fast/best_views/rapid/DRkAacj6wl0jAYz95HMP3w.jpg,
r51AKdk6hlJQImLEpNGKPQ,19.4751803554095,-99.11720358613084,,,,False,409.27890251645675,52,33,0.6346153846153846,0.1297454684972763,315,-4,left_houses,/home/runner/work/sample_website/sample_website/.cache/gsv_estrella_fast/panoramas/rapid/z1_r51AKdk6hlJQImLEpNGKPQ.jpg,/home/runner/work/sample_website/sample_website/.cache/gsv_estrella_fast/best_views/rapid/r51AKdk6hlJQImLEpNGKPQ.jpg,
7s5T2PaoGaxn16v4JMJI2Q,19.47674512624117,-99.1142539839318,,,,False,407.98265306122454,49,32,0.6530612244897959,0.6334249973297119,315,-4,upper_full,/home/runner/work/sample_website/sample_website/.cache/gsv_estrella_fast/panoramas/rapid/z1_7s5T2PaoGaxn16v4JMJI2Q.jpg,/home/runner/work/sample_website/sample_website/.cache/gsv_estrella_fast/best_views/rapid/7s5T2PaoGaxn16v4JMJI2Q.jpg,
mXg8H8ghw_8-K7ECR--Epw,19.47648729519014,-99.12187257016063,,,,False,407.60490183748044,58,32,0.5517241379310345,0.45085304975509644,180,-4,upper_full,/home/runner/work/sample_website/sample_website/.cache/gsv_estrella_fast/panoramas/rapid/z1_mXg8H8ghw_8-K7ECR--Epw.jpg,/home/runner/work/sample_website/sample_website/.cache/gsv_estrella_fast/best_views/rapid/mXg8H8ghw_8-K7ECR--Epw.jpg,
Jid4c_5g3n7gTmFkqpYdGQ,19.47480914898355,-99.12252849382122,,,,False,407.20476190476194,42,32,0.7619047619047619,0.5589083433151245,270,-4,left_houses,/home/runner/work/sample_website/sample_website/.cache/gsv_estrella_fast/panoramas/rapid/z1_Jid4c_5g3n7gTmFkqpYdGQ.jpg,/home/runner/work/sample_website/sample_website/.cache/gsv_estrella_fast/best_views/rapid/Jid4c_5g3n7gTmFkqpYdGQ.jpg,
mnK0tUccCTFPRVS_IcuvFw,19.47360859405743,-99.11639236923456,,,,False,404.7729832810069,63,32,0.5079365079365079,0.33510473370552063,180,-4,left_houses,/home/runner/work/sample_website/sample_website/.cache/gsv_estrella_fast/panoramas/rapid/z1_mnK0tUccCTFPRVS_IcuvFw.jpg,/home/runner/work/sample_website/sample_website/.cache/gsv_estrella_fast/best_views/rapid/mnK0tUccCTFPRVS_IcuvFw.jpg,
r2-oV-jo72yj4VzK0zc7tw,19.47443003709008,-99.11652263277216,,,,False,402.9987209796906,50,32,0.64,0.32995736598968506,0,-4,left_houses,/home/runner/work/sample_website/sample_website/.cache/gsv_estrella_fast/panoramas/rapid/z1_r2-oV-jo72yj4VzK0zc7tw.jpg,/home/runner/work/sample_website/sample_website/.cache/gsv_estrella_fast/best_views/rapid/r2-oV-jo72yj4VzK0zc7tw.jpg,
Tel0FcCwoF-hsRyVHOLvSA,19.4717692960555,-99.11411291836443,,,,False,396.1696078431372,51,31,0.6078431372549019,0.7054296135902405,135,-4,left_houses,/home/runner/work/sample_website/sample_website/.cache/gsv_estrella_fast/panoramas/rapid/z1_Tel0FcCwoF-hsRyVHOLvSA.jpg,/home/runner/work/sample_website/sample_website/.cache/gsv_estrella_fast/best_views/rapid/Tel0FcCwoF-hsRyVHOLvSA.jpg,
DzuVskKwS859gKs8dvJqvg,19.47889851263048,-99.11958755960072,,,,False,395.6989361702128,47,31,0.6595744680851063,0.8125362396240234,180,-4,left_houses,/home/runner/work/sample_website/sample_website/.cache/gsv_estrella_fast/panoramas/rapid/z1_DzuVskKwS859gKs8dvJqvg.jpg,/home/runner/work/sample_website/sample_website/.cache/gsv_estrella_fast/best_views/rapid/DzuVskKwS859gKs8dvJqvg.jpg,
mWOLFKfx08IfsQ4nFctRag,19.47858054044584,-99.11491474140735,,,,False,395.6989361702128,47,31,0.6595744680851063,0.5936965346336365,0,-4,left_houses,/home/runner/work/sample_website/sample_website/.cache/gsv_estrella_fast/panoramas/rapid/z1_mWOLFKfx08IfsQ4nFctRag.jpg,/home/runner/work/sample_website/sample_website/.cache/gsv_estrella_fast/best_views/rapid/mWOLFKfx08IfsQ4nFctRag.jpg,
SGW5uwG_An-8zTR2ywjhjQ,19.47839811004991,-99.11590517029205,,,,False,395.5847826086956,46,31,0.6739130434782609,0.723944902420044,135,-4,left_houses,/home/runner/work/sample_website/sample_website/.cache/gsv_estrella_fast/panoramas/rapid/z1_SGW5uwG_An-8zTR2ywjhjQ.jpg,/home/runner/work/sample_website/sample_website/.cache/gsv_estrella_fast/best_views/rapid/SGW5uwG_An-8zTR2ywjhjQ.jpg,
cA7MZWTGmk46k1lG9_3z-w,19.47848253585656,-99.1172907951816,,,,False,393.8945466745731,43,31,0.7209302325581395,0.4547407031059265,135,-4,left_houses,/home/runner/work/sample_website/sample_website/.cache/gsv_estrella_fast/panoramas/rapid/z1_cA7MZWTGmk46k1lG9_3z-w.jpg,/home/runner/work/sample_website/sample_website/.cache/gsv_estrella_fast/best_views/rapid/cA7MZWTGmk46k1lG9_3z-w.jpg,
2a2b_H27WfLSsKhFA19NDQ,19.47439293184624,-99.1227710577645,,,,False,391.1521269737406,47,31,0.6595744680851063,0.34843969345092773,270,-4,left_houses,/home/runner/work/sample_website/sample_website/.cache/gsv_estrella_fast/panoramas/rapid/z1_2a2b_H27WfLSsKhFA19NDQ.jpg,/home/runner/work/sample_website/sample_website/.cache/gsv_estrella_fast/best_views/rapid/2a2b_H27WfLSsKhFA19NDQ.jpg,
bsadUXYXMmPmcuTKZ5ZxYA,19.47559551858767,-99.11768251948872,,,,False,386.80197634788664,52,31,0.5961538461538461,0.1837197244167328,315,-4,left_houses,/home/runner/work/sample_website/sample_website/.cache/gsv_estrella_fast/panoramas/rapid/z1_bsadUXYXMmPmcuTKZ5ZxYA.jpg,/home/runner/work/sample_website/sample_website/.cache/gsv_estrella_fast/best_views/rapid/bsadUXYXMmPmcuTKZ5ZxYA.jpg,
wAS-r1umS88RBP9gf5AnJw,19.47476871845331,-99.11491254647119,,,,False,383.30454545454546,44,30,0.6818181818181818,0.8591281771659851,180,-4,left_houses,/home/runner/work/sample_website/sample_website/.cache/gsv_estrella_fast/panoramas/rapid/z1_wAS-r1umS88RBP9gf5AnJw.jpg,/home/runner/work/sample_website/sample_website/.cache/gsv_estrella_fast/best_views/rapid/wAS-r1umS88RBP9gf5AnJw.jpg,
YQ1ebowSS6GaQ-Id0qX6Jg,19.47549150225666,-99.11908826838011,,,,False,383.1941860465116,43,30,0.6976744186046512,0.5925723314285278,90,-4,left_houses,/home/runner/work/sample_website/sample_website/.cache/gsv_estrella_fast/panoramas/rapid/z1_YQ1ebowSS6GaQ-Id0qX6Jg.jpg,/home/runner/work/sample_website/sample_website/.cache/gsv_estrella_fast/best_views/rapid/YQ1ebowSS6GaQ-Id0qX6Jg.jpg,
iQLmRZcXKOpCzYMNFshvAw,19.47400776463449,-99.12228795689651,,,,False,383.0857142857143,42,30,0.7142857142857143,0.6970651745796204,270,-4,left_houses,/home/runner/work/sample_website/sample_website/.cache/gsv_estrella_fast/panoramas/rapid/z1_iQLmRZcXKOpCzYMNFshvAw.jpg,/home/runner/work/sample_website/sample_website/.cache/gsv_estrella_fast/best_views/rapid/iQLmRZcXKOpCzYMNFshvAw.jpg,
kblzehkf2psUyUR15vLCuw,19.47102297984469,-99.12246525677082,,,,False,382.875,40,30,0.75,0.6909286975860596,0,-4,left_houses,/home/runner/work/sample_website/sample_website/.cache/gsv_estrella_fast/panoramas/rapid/z1_kblzehkf2psUyUR15vLCuw.jpg,/home/runner/work/sample_website/sample_website/.cache/gsv_estrella_fast/best_views/rapid/kblzehkf2psUyUR15vLCuw.jpg,
WuNaSss0gcdPhMM9S25y0A,19.47969974451177,-99.11808842894482,,,,False,382.875,40,30,0.75,0.6894057989120483,135,-4,left_houses,/home/runner/work/sample_website/sample_website/.cache/gsv_estrella_fast/panoramas/rapid/z1_WuNaSss0gcdPhMM9S25y0A.jpg,/home/runner/work/sample_website/sample_website/.cache/gsv_estrella_fast/best_views/rapid/WuNaSss0gcdPhMM9S25y0A.jpg,
2SGlis8lFisSOhDIiWlaEQ,19.47514703035437,-99.12329983789374,,,,False,382.7730769230769,39,30,0.7692307692307693,0.8285292387008667,225,-4,left_houses,/home/runner/work/sample_website/sample_website/.cache/gsv_estrella_fast/panoramas/rapid/z1_2SGlis8lFisSOhDIiWlaEQ.jpg,/home/runner/work/sample_website/sample_website/.cache/gsv_estrella_fast/best_views/rapid/2SGlis8lFisSOhDIiWlaEQ.jpg,
JHnsrpcJ1JQEG5539rSIlw,19.47221196623369,-99.12359491949707,,,,False,382.1934150259669,41,30,0.7317073170731707,0.47380489110946655,180,-4,upper_full,/home/runner/work/sample_website/sample_website/.cache/gsv_estrella_fast/panoramas/rapid/z1_JHnsrpcJ1JQEG5539rSIlw.jpg,/home/runner/work/sample_website/sample_website/.cache/gsv_estrella_fast/best_views/rapid/JHnsrpcJ1JQEG5539rSIlw.jpg,
rl9QuRs3Yjk1A9gl-tp8dw,19.47170698030199,-99.11437318495268,,,,False,371.95,50,29,0.58,0.8167544603347778,0,-4,street_depth,/home/runner/work/sample_website/sample_website/.cache/gsv_estrella_fast/panoramas/rapid/z1_rl9QuRs3Yjk1A9gl-tp8dw.jpg,/home/runner/work/sample_website/sample_website/.cache/gsv_estrella_fast/best_views/rapid/rl9QuRs3Yjk1A9gl-tp8dw.jpg,
YmmDlb_jVV5Rawrmmt4c6g,19.47900444695457,-99.12166715715229,,,,False,371.2477272727273,44,29,0.6590909090909091,0.5731536149978638,270,-4,left_houses,/home/runner/work/sample_website/sample_website/.cache/gsv_estrella_fast/panoramas/rapid/z1_YmmDlb_jVV5Rawrmmt4c6g.jpg,/home/runner/work/sample_website/sample_website/.cache/gsv_estrella_fast/best_views/rapid/YmmDlb_jVV5Rawrmmt4c6g.jpg,
eyWMeO02IaNGDvn5M47Fog,19.47892027558046,-99.11569639577588,,,,False,371.0261904761905,42,29,0.6904761904761905,0.8272286653518677,180,-4,left_houses,/home/runner/work/sample_website/sample_website/.cache/gsv_estrella_fast/panoramas/rapid/z1_eyWMeO02IaNGDvn5M47Fog.jpg,/home/runner/work/sample_website/sample_website/.cache/gsv_estrella_fast/best_views/rapid/eyWMeO02IaNGDvn5M47Fog.jpg,
XFQJDVoF0fhXDDeebLdnYg,19.47707784440055,-99.12167196953486,,,,False,370.5094594594595,37,29,0.7837837837837838,0.5006615519523621,0,-4,upper_full,/home/runner/work/sample_website/sample_website/.cache/gsv_estrella_fast/panoramas/rapid/z1_XFQJDVoF0fhXDDeebLdnYg.jpg,/home/runner/work/sample_website/sample_website/.cache/gsv_estrella_fast/best_views/rapid/XFQJDVoF0fhXDDeebLdnYg.jpg,
9TFaQXyBfuB7TSFTHn9IpA,19.47848996994592,-99.12050839452878,,,,False,370.4206300613043,37,29,0.7837837837837838,0.4970390200614929,270,-4,left_houses,/home/runner/work/sample_website/sample_website/.cache/gsv_estrella_fast/panoramas/rapid/z1_9TFaQXyBfuB7TSFTHn9IpA.jpg,/home/runner/work/sample_website/sample_website/.cache/gsv_estrella_fast/best_views/rapid/9TFaQXyBfuB7TSFTHn9IpA.jpg,
MPxLPViqy9hRPWv05WZGSQ,19.47535389223725,-99.11589377336746,,,,False,365.1093115738098,47,29,0.6170212765957447,0.2838919460773468,315,-4,full,/home/runner/work/sample_website/sample_website/.cache/gsv_estrella_fast/panoramas/rapid/z1_MPxLPViqy9hRPWv05WZGSQ.jpg,/home/runner/work/sample_website/sample_website/.cache/gsv_estrella_fast/best_views/rapid/MPxLPViqy9hRPWv05WZGSQ.jpg,
OuOFRaWvLhmvUBtD8tzxcQ,19.47210613082855,-99.1181103791822,,,,False,364.5178592776641,39,29,0.7435897435897436,0.2936294972896576,45,-4,upper_full,/home/runner/work/sample_website/sample_website/.cache/gsv_estrella_fast/panoramas/rapid/z1_OuOFRaWvLhmvUBtD8tzxcQ.jpg,/home/runner/work/sample_website/sample_website/.cache/gsv_estrella_fast/best_views/rapid/OuOFRaWvLhmvUBtD8tzxcQ.jpg,
3l7Kt9rsEzaTJ0f4XuF7Vw,19.47676669518003,-99.11859742273253,,,,False,363.31685054302216,40,29,0.725,0.2501450181007385,90,-4,left_houses,/home/runner/work/sample_website/sample_website/.cache/gsv_estrella_fast/panoramas/rapid/z1_3l7Kt9rsEzaTJ0f4XuF7Vw.jpg,/home/runner/work/sample_website/sample_website/.cache/gsv_estrella_fast/best_views/rapid/3l7Kt9rsEzaTJ0f4XuF7Vw.jpg,
VEIeQRZoia3V0AlydxG1jg,19.47621428012235,-99.11410886621536,,,,False,360.65,56,28,0.5,0.7160500884056091,270,-4,left_houses,/home/runner/work/sample_website/sample_website/.cache/gsv_estrella_fast/panoramas/rapid/z1_VEIeQRZoia3V0AlydxG1jg.jpg,/home/runner/work/sample_website/sample_website/.cache/gsv_estrella_fast/best_views/rapid/VEIeQRZoia3V0AlydxG1jg.jpg,
Ll8G0A4JHoMoM4ml9LJ1qg,19.47083075687715,-99.11465337558873,,,,False,360.55076720714567,56,28,0.5,0.4966922402381897,270,-4,left_houses,/home/runner/work/sample_website/sample_website/.cache/gsv_estrella_fast/panoramas/rapid/z1_Ll8G0A4JHoMoM4ml9LJ1qg.jpg,/home/runner/work/sample_website/sample_website/.cache/gsv_estrella_fast/best_views/rapid/Ll8G0A4JHoMoM4ml9LJ1qg.jpg,
BHyi5nWd_Zta4ky7gGx9Cg,19.47122492680357,-99.12025418663106,,,,False,359.77857142857147,49,28,0.5714285714285714,0.6337601542472839,135,-4,left_houses,/home/runner/work/sample_website/sample_website/.cache/gsv_estrella_fast/panoramas/rapid/z1_BHyi5nWd_Zta4ky7gGx9Cg.jpg,/home/runner/work/sample_website/sample_website/.cache/gsv_estrella_fast/best_views/rapid/BHyi5nWd_Zta4ky7gGx9Cg.jpg,
aOegBbt2SGBQ6mxKnfn2LA,19.4773525390194,-99.11953454036455,,,,False,359.1909090909091,44,28,0.6363636363636364,0.8658033609390259,90,-4,left_houses,/home/runner/work/sample_website/sample_website/.cache/gsv_estrella_fast/panoramas/rapid/z1_aOegBbt2SGBQ6mxKnfn2LA.jpg,/home/runner/work/sample_website/sample_website/.cache/gsv_estrella_fast/best_views/rapid/aOegBbt2SGBQ6mxKnfn2LA.jpg,
fHEB3s2yq9yYcRi7aiaQzQ,19.4759320997171,-99.12078463863493,,,,False,358.75,40,28,0.7,0.5525707006454468,0,-4,left_houses,/home/runner/work/sample_website/sample_website/.cache/gsv_estrella_fast/panoramas/rapid/z1_fHEB3s2yq9yYcRi7aiaQzQ.jpg,/home/runner/work/sample_website/sample_website/.cache/gsv_estrella_fast/best_views/rapid/fHEB3s2yq9yYcRi7aiaQzQ.jpg,
2FAGgzGbHikPMgE7VtpvYg,19.47744524318008,-99.12164832976366,,,,False,358.23774514473405,52,28,0.5384615384615384,0.436386376619339,0,-4,left_houses,/home/runner/work/sample_website/sample_website/.cache/gsv_estrella_fast/panoramas/rapid/z1_2FAGgzGbHikPMgE7VtpvYg.jpg,/home/runner/work/sample_website/sample_website/.cache/gsv_estrella_fast/best_views/rapid/2FAGgzGbHikPMgE7VtpvYg.jpg,
pA0M0GbtAwGYJVKJ5ZwlXw,19.4740983264947,-99.12225587410416,,,,False,355.75304083340876,37,28,0.7567567567567568,0.4103716313838959,270,-4,left_houses,/home/runner/work/sample_website/sample_website/.cache/gsv_estrella_fast/panoramas/rapid/z1_pA0M0GbtAwGYJVKJ5ZwlXw.jpg,/home/runner/work/sample_website/sample_website/.cache/gsv_estrella_fast/best_views/rapid/pA0M0GbtAwGYJVKJ5ZwlXw.jpg,
_hidUR72vqUECH3ZPvAKIA,19.47404444515557,-99.11438365303951,,,,False,353.6523843142721,45,28,0.6222222222222222,0.3115609586238861,0,-4,left_houses,/home/runner/work/sample_website/sample_website/.cache/gsv_estrella_fast/panoramas/rapid/z1__hidUR72vqUECH3ZPvAKIA.jpg,/home/runner/work/sample_website/sample_website/.cache/gsv_estrella_fast/best_views/rapid/_hidUR72vqUECH3ZPvAKIA.jpg,
t4I0-AQFGw_eiXySCT0hFA,19.47335071515914,-99.12307213189086,,,,False,350.9459032356739,56,28,0.5,0.17653010785579681,135,-4,left_houses,/home/runner/work/sample_website/sample_website/.cache/gsv_estrella_fast/panoramas/rapid/z1_t4I0-AQFGw_eiXySCT0hFA.jpg,/home/runner/work/sample_website/sample_website/.cache/gsv_estrella_fast/best_views/rapid/t4I0-AQFGw_eiXySCT0hFA.jpg,
Eh4e_PqrwZcSHPJjmzDyFQ,19.47631586743388,-99.11488536303621,,,,False,350.45199799868794,45,28,0.6222222222222222,0.20488141477108002,225,-4,left_houses,/home/runner/work/sample_website/sample_website/.cache/gsv_estrella_fast/panoramas/rapid/z1_Eh4e_PqrwZcSHPJjmzDyFQ.jpg,/home/runner/work/sample_website/sample_website/.cache/gsv_estrella_fast/best_views/rapid/Eh4e_PqrwZcSHPJjmzDyFQ.jpg,
idR84Ohi_YL790hwlOZcPg,19.47631504060698,-99.115789765953,,,,False,348.94105907347466,36,28,0.7777777777777778,0.18655382096767426,90,-4,left_houses,/home/runner/work/sample_website/sample_website/.cache/gsv_estrella_fast/panoramas/rapid/z1_idR84Ohi_YL790hwlOZcPg.jpg,/home/runner/work/sample_website/sample_website/.cache/gsv_estrella_fast/best_views/rapid/idR84Ohi_YL790hwlOZcPg.jpg,
5aega0W0nGaMC3z6ur3bAA,19.4726035866835,-99.11540100567265,,,,False,346.4763157894737,38,27,0.7105263157894737,0.5998619794845581,180,-4,left_houses,/home/runner/work/sample_website/sample_website/.cache/gsv_estrella_fast/panoramas/rapid/z1_5aega0W0nGaMC3z6ur3bAA.jpg,/home/runner/work/sample_website/sample_website/.cache/gsv_estrella_fast/best_views/rapid/5aega0W0nGaMC3z6ur3bAA.jpg,
EfjBtFs2N5zOngyBUNYWJA,19.47894314786863,-99.11891333989823,,,,False,346.275,36,27,0.75,0.6577152609825134,135,-4,full,/home/runner/work/sample_website/sample_website/.cache/gsv_estrella_fast/panoramas/rapid/z1_EfjBtFs2N5zOngyBUNYWJA.jpg,/home/runner/work/sample_website/sample_website/.cache/gsv_estrella_fast/best_views/rapid/EfjBtFs2N5zOngyBUNYWJA.jpg,
nzX3abccpRN2EjL6mao4HQ,19.47074697277778,-99.12142459656125,,,,False,345.90268260240555,45,27,0.6,0.45508942008018494,135,-4,full,/home/runner/work/sample_website/sample_website/.cache/gsv_estrella_fast/panoramas/rapid/z1_nzX3abccpRN2EjL6mao4HQ.jpg,/home/runner/work/sample_website/sample_website/.cache/gsv_estrella_fast/best_views/rapid/nzX3abccpRN2EjL6mao4HQ.jpg,
M6dLI2wGOQtJzB3jRKjhNw,19.4778857787288,-99.11666066338904,,,,False,345.2308932326057,55,27,0.4909090909090909,0.3917873501777649,180,-4,left_houses,/home/runner/work/sample_website/sample_website/.cache/gsv_estrella_fast/panoramas/rapid/z1_M6dLI2wGOQtJzB3jRKjhNw.jpg,/home/runner/work/sample_website/sample_website/.cache/gsv_estrella_fast/best_views/rapid/M6dLI2wGOQtJzB3jRKjhNw.jpg,
75Zt-anRp42kJ1uGmn77GA,19.47819259474644,-99.11878796909363,,,,False,341.8889266848564,45,27,0.6,0.3212975561618805,270,-4,left_houses,/home/runner/work/sample_website/sample_website/.cache/gsv_estrella_fast/panoramas/rapid/z1_75Zt-anRp42kJ1uGmn77GA.jpg,/home/runner/work/sample_website/sample_website/.cache/gsv_estrella_fast/best_views/rapid/75Zt-anRp42kJ1uGmn77GA.jpg,
5MaNN6_ddwWB6P8AOq66Tg,19.47067012399106,-99.11487481046301,,,,False,338.42857142857144,70,26,0.37142857142857144,0.5086477398872375,0,-4,full,/home/runner/work/sample_website/sample_website/.cache/gsv_estrella_fast/panoramas/rapid/z1_5MaNN6_ddwWB6P8AOq66Tg.jpg,/home/runner/work/sample_website/sample_website/.cache/gsv_estrella_fast/best_views/rapid/5MaNN6_ddwWB6P8AOq66Tg.jpg,
Cnceh9MlbSZP8STKT1Pbrw,19.47070585566627,-99.11901135720984,,,,False,336.05,52,26,0.5,0.534848153591156,135,-4,left_houses,/home/runner/work/sample_website/sample_website/.cache/gsv_estrella_fast/panoramas/rapid/z1_Cnceh9MlbSZP8STKT1Pbrw.jpg,/home/runner/work/sample_website/sample_website/.cache/gsv_estrella_fast/best_views/rapid/Cnceh9MlbSZP8STKT1Pbrw.jpg,
W3fsh7ZburxwQmCDOqUuQA,19.47447683764482,-99.11849197658104,,,,False,335.5541666666667,48,26,0.5416666666666666,0.5923507213592529,180,-4,left_houses,/home/runner/work/sample_website/sample_website/.cache/gsv_estrella_fast/panoramas/rapid/z1_W3fsh7ZburxwQmCDOqUuQA.jpg,/home/runner/work/sample_website/sample_website/.cache/gsv_estrella_fast/best_views/rapid/W3fsh7ZburxwQmCDOqUuQA.jpg,
f4JnRx-ST5Fk0Egn_y1XQA,19.47784067626741,-99.11816609904267,,,,False,334.5166666666667,39,26,0.6666666666666666,0.5549103021621704,180,-4,upper_full,/home/runner/work/sample_website/sample_website/.cache/gsv_estrella_fast/panoramas/rapid/z1_f4JnRx-ST5Fk0Egn_y1XQA.jpg,/home/runner/work/sample_website/sample_website/.cache/gsv_estrella_fast/best_views/rapid/f4JnRx-ST5Fk0Egn_y1XQA.jpg,
IsBggXj5EumubhN3sJHo2g,19.47547268100022,-99.12239281706034,,,,False,334.3067567567568,37,26,0.7027027027027027,0.5056681036949158,270,-4,full,/home/runner/work/sample_website/sample_website/.cache/gsv_estrella_fast/panoramas/rapid/z1_IsBggXj5EumubhN3sJHo2g.jpg,/home/runner/work/sample_website/sample_website/.cache/gsv_estrella_fast/best_views/rapid/IsBggXj5EumubhN3sJHo2g.jpg,
RvAdPNfrakrhGdJlaHGFYA,19.4758854338761,-99.1196794990921,,,,False,333.8756273991922,34,26,0.7647058823529411,0.4954620897769928,270,-4,full,/home/runner/work/sample_website/sample_website/.cache/gsv_estrella_fast/panoramas/rapid/z1_RvAdPNfrakrhGdJlaHGFYA.jpg,/home/runner/work/sample_website/sample_website/.cache/gsv_estrella_fast/best_views/rapid/RvAdPNfrakrhGdJlaHGFYA.jpg,
2Sznc9c4nNc_2wFrpBlohA,19.47022694851477,-99.12162502771032,,,,False,333.83125,32,26,0.8125,0.8376754522323608,135,-4,left_houses,/home/runner/work/sample_website/sample_website/.cache/gsv_estrella_fast/panoramas/rapid/z1_2Sznc9c4nNc_2wFrpBlohA.jpg,/home/runner/work/sample_website/sample_website/.cache/gsv_estrella_fast/best_views/rapid/2Sznc9c4nNc_2wFrpBlohA.jpg,
47eSGuS-eB6QpJlQXYpiqA,19.47119057138606,-99.11552924148204,,,,False,323.5020833333333,48,25,0.5208333333333334,0.6010442972183228,180,-4,left_houses,/home/runner/work/sample_website/sample_website/.cache/gsv_estrella_fast/panoramas/rapid/z1_47eSGuS-eB6QpJlQXYpiqA.jpg,/home/runner/work/sample_website/sample_website/.cache/gsv_estrella_fast/best_views/rapid/47eSGuS-eB6QpJlQXYpiqA.jpg,
4CLs93ug2EpYOxXcWcbjUw,19.46988830955579,-99.12013936698904,,,,False,323.2586956521739,46,25,0.5434782608695652,0.6536000370979309,315,-4,full,/home/runner/work/sample_website/sample_website/.cache/gsv_estrella_fast/panoramas/rapid/z1_4CLs93ug2EpYOxXcWcbjUw.jpg,/home/runner/work/sample_website/sample_website/.cache/gsv_estrella_fast/best_views/rapid/4CLs93ug2EpYOxXcWcbjUw.jpg,
JtpU-SQgkYfm7MntDAP5Dg,19.47211011817301,-99.12205088225093,,,,False,322.6743902439024,41,25,0.6097560975609756,0.8613501787185669,270,-4,left_houses,/home/runner/work/sample_website/sample_website/.cache/gsv_estrella_fast/panoramas/rapid/z1_JtpU-SQgkYfm7MntDAP5Dg.jpg,/home/runner/work/sample_website/sample_website/.cache/gsv_estrella_fast/best_views/rapid/JtpU-SQgkYfm7MntDAP5Dg.jpg,
LqSAjziDytI6IQKZl3niug,19.47366438048616,-99.11498481055457,,,,False,322.5625,40,25,0.625,0.6032012701034546,270,-4,full,/home/runner/work/sample_website/sample_website/.cache/gsv_estrella_fast/panoramas/rapid/z1_LqSAjziDytI6IQKZl3niug.jpg,/home/runner/work/sample_website/sample_website/.cache/gsv_estrella_fast/best_views/rapid/LqSAjziDytI6IQKZl3niug.jpg,
DpUWJeThwGGjzM-U6WCHRg,19.47829024150139,-99.12183381772776,,,,False,322.13611111111106,36,25,0.6944444444444444,0.5135361552238464,225,-4,upper_full,/home/runner/work/sample_website/sample_website/.cache/gsv_estrella_fast/panoramas/rapid/z1_DpUWJeThwGGjzM-U6WCHRg.jpg,/home/runner/work/sample_website/sample_website/.cache/gsv_estrella_fast/best_views/rapid/DpUWJeThwGGjzM-U6WCHRg.jpg,
gG7DDlNybPg4zlFdrPfAEA,19.47198595140822,-99.12229445788496,,,,False,321.5833333333333,30,25,0.8333333333333334,0.8565601110458374,90,-4,left_houses,/home/runner/work/sample_website/sample_website/.cache/gsv_estrella_fast/panoramas/rapid/z1_gG7DDlNybPg4zlFdrPfAEA.jpg,/home/runner/work/sample_website/sample_website/.cache/gsv_estrella_fast/best_views/rapid/gG7DDlNybPg4zlFdrPfAEA.jpg,
Cf4mNQ-f6KnZL6r9IC0xEg,19.47670068043765,-99.12041898687636,,,,False,321.47406408620435,43,25,0.5813953488372093,0.45235252380371094,45,-4,left_houses,/home/runner/work/sample_website/sample_website/.cache/gsv_estrella_fast/panoramas/rapid/z1_Cf4mNQ-f6KnZL6r9IC0xEg.jpg,/home/runner/work/sample_website/sample_website/.cache/gsv_estrella_fast/best_views/rapid/Cf4mNQ-f6KnZL6r9IC0xEg.jpg,
qbB3y7g-2A4PepZTMeWBoQ,19.47832710474677,-99.12065622553153,,,,False,318.5465929849203,43,25,0.5813953488372093,0.35477015376091003,225,-4,left_houses,/home/runner/work/sample_website/sample_website/.cache/gsv_estrella_fast/panoramas/rapid/z1_qbB3y7g-2A4PepZTMeWBoQ.jpg,/home/runner/work/sample_website/sample_website/.cache/gsv_estrella_fast/best_views/rapid/qbB3y7g-2A4PepZTMeWBoQ.jpg,
GhZOlUiH4E7c-TH2nVc59w,19.47593951156146,-99.1140967941892,,,,False,316.8844808644718,36,25,0.6944444444444444,0.3249456584453583,135,-4,left_houses,/home/runner/work/sample_website/sample_website/.cache/gsv_estrella_fast/panoramas/rapid/z1_GhZOlUiH4E7c-TH2nVc59w.jpg,/home/runner/work/sample_website/sample_website/.cache/gsv_estrella_fast/best_views/rapid/GhZOlUiH4E7c-TH2nVc59w.jpg,
gPWe7mgzRWJovuR6R0cyBQ,19.47606719099685,-99.1154330012898,,,,False,315.4578148296901,35,25,0.7142857142857143,0.28073668479919434,90,-4,upper_full,/home/runner/work/sample_website/sample_website/.cache/gsv_estrella_fast/panoramas/rapid/z1_gPWe7mgzRWJovuR6R0cyBQ.jpg,/home/runner/work/sample_website/sample_website/.cache/gsv_estrella_fast/best_views/rapid/gPWe7mgzRWJovuR6R0cyBQ.jpg,
J2DE4pWeR0uRDBAMZ9esxg,19.47895508271116,-99.1200579802251,,,,False,313.71919701445483,31,25,0.8064516129032258,0.23510226607322693,270,-4,left_houses,/home/runner/work/sample_website/sample_website/.cache/gsv_estrella_fast/panoramas/rapid/z1_J2DE4pWeR0uRDBAMZ9esxg.jpg,/home/runner/work/sample_website/sample_website/.cache/gsv_estrella_fast/best_views/rapid/J2DE4pWeR0uRDBAMZ9esxg.jpg,
dIbSJb18uHnMWg6jqnEXuw,19.47217438016752,-99.11603146520983,,,,False,310.6134146341463,41,24,0.5853658536585366,0.7520322799682617,135,-4,street_depth,/home/runner/work/sample_website/sample_website/.cache/gsv_estrella_fast/panoramas/rapid/z1_dIbSJb18uHnMWg6jqnEXuw.jpg,/home/runner/work/sample_website/sample_website/.cache/gsv_estrella_fast/best_views/rapid/dIbSJb18uHnMWg6jqnEXuw.jpg,
JkhRJtJ-t90P006471re7w,19.47443797811615,-99.12212087323228,,,,False,310.27894736842103,38,24,0.631578947368421,0.58710777759552,45,-4,left_houses,/home/runner/work/sample_website/sample_website/.cache/gsv_estrella_fast/panoramas/rapid/z1_JkhRJtJ-t90P006471re7w.jpg,/home/runner/work/sample_website/sample_website/.cache/gsv_estrella_fast/best_views/rapid/JkhRJtJ-t90P006471re7w.jpg,
v5m2kCQDgh55kyIjT7jIjA,19.47152157263541,-99.1164520557416,,,,False,310.1716216216216,37,24,0.6486486486486487,0.6067062020301819,180,-4,left_houses,/home/runner/work/sample_website/sample_website/.cache/gsv_estrella_fast/panoramas/rapid/z1_v5m2kCQDgh55kyIjT7jIjA.jpg,/home/runner/work/sample_website/sample_website/.cache/gsv_estrella_fast/best_views/rapid/v5m2kCQDgh55kyIjT7jIjA.jpg,
X6HRrpg4EJveleEJlD_GSQ,19.46998270178718,-99.12117038574733,,,,False,310.06666666666666,36,24,0.6666666666666666,0.7151861190795898,45,-4,left_houses,/home/runner/work/sample_website/sample_website/.cache/gsv_estrella_fast/panoramas/rapid/z1_X6HRrpg4EJveleEJlD_GSQ.jpg,/home/runner/work/sample_website/sample_website/.cache/gsv_estrella_fast/best_views/rapid/X6HRrpg4EJveleEJlD_GSQ.jpg,
HKiXWZASw0D247XI8AhPaw,19.47520613253221,-99.1240584404395,,,,False,309.675,32,24,0.75,0.5935137867927551,45,-4,full,/home/runner/work/sample_website/sample_website/.cache/gsv_estrella_fast/panoramas/rapid/z1_HKiXWZASw0D247XI8AhPaw.jpg,/home/runner/work/sample_website/sample_website/.cache/gsv_estrella_fast/best_views/rapid/HKiXWZASw0D247XI8AhPaw.jpg,
Tx8TVsKFX3h9DGQAYpKpJg,19.46992004024504,-99.11811434711038,,,,False,308.8080786476264,37,24,0.6486486486486487,0.45454856753349304,225,-4,left_houses,/home/runner/work/sample_website/sample_website/.cache/gsv_estrella_fast/panoramas/rapid/z1_Tx8TVsKFX3h9DGQAYpKpJg.jpg,/home/runner/work/sample_website/sample_website/.cache/gsv_estrella_fast/best_views/rapid/Tx8TVsKFX3h9DGQAYpKpJg.jpg,
5ohg9cr-xpwD29HyrkDhnQ,19.47650602748205,-99.11869628390257,,,,False,303.11405755823307,33,24,0.7272727272727273,0.278195858001709,135,-4,left_houses,/home/runner/work/sample_website/sample_website/.cache/gsv_estrella_fast/panoramas/rapid/z1_5ohg9cr-xpwD29HyrkDhnQ.jpg,/home/runner/work/sample_website/sample_website/.cache/gsv_estrella_fast/best_views/rapid/5ohg9cr-xpwD29HyrkDhnQ.jpg,
_RR8DUap-8zVhiIvtAJn8g,19.47816190117208,-99.11969207851651,,,,False,299.77745098039213,51,23,0.45098039215686275,0.8565601110458374,225,-4,left_houses,/home/runner/work/sample_website/sample_website/.cache/gsv_estrella_fast/panoramas/rapid/z1__RR8DUap-8zVhiIvtAJn8g.jpg,/home/runner/work/sample_website/sample_website/.cache/gsv_estrella_fast/best_views/rapid/_RR8DUap-8zVhiIvtAJn8g.jpg,
RSEArJan6vEwSIFK9AZklQ,19.47214207351849,-99.11517762765794,,,,False,299.15,46,23,0.5,0.8264306783676147,0,-4,left_houses,/home/runner/work/sample_website/sample_website/.cache/gsv_estrella_fast/panoramas/rapid/z1_RSEArJan6vEwSIFK9AZklQ.jpg,/home/runner/work/sample_website/sample_website/.cache/gsv_estrella_fast/best_views/rapid/RSEArJan6vEwSIFK9AZklQ.jpg,
G47PWOjJYcgM4fnvTe_vpA,19.47701607145319,-99.12117283413724,,,,False,298.78720930232555,43,23,0.5348837209302325,0.5059890747070312,270,-4,left_houses,/home/runner/work/sample_website/sample_website/.cache/gsv_estrella_fast/panoramas/rapid/z1_G47PWOjJYcgM4fnvTe_vpA.jpg,/home/runner/work/sample_website/sample_website/.cache/gsv_estrella_fast/best_views/rapid/G47PWOjJYcgM4fnvTe_vpA.jpg,
1sT8HBIv3RocfcxOKTPFeA,19.47144193843847,-99.12089574441895,,,,False,298.4375,40,23,0.575,0.702488362789154,135,-4,left_houses,/home/runner/work/sample_website/sample_website/.cache/gsv_estrella_fast/panoramas/rapid/z1_1sT8HBIv3RocfcxOKTPFeA.jpg,/home/runner/work/sample_website/sample_website/.cache/gsv_estrella_fast/best_views/rapid/1sT8HBIv3RocfcxOKTPFeA.jpg,
nTLp411x4HtS7_NEM4ipRg,19.4766569803541,-99.11537584817793,,,,False,298.4375,40,23,0.575,0.629181444644928,270,-4,full,/home/runner/work/sample_website/sample_website/.cache/gsv_estrella_fast/panoramas/rapid/z1_nTLp411x4HtS7_NEM4ipRg.jpg,/home/runner/work/sample_website/sample_website/.cache/gsv_estrella_fast/best_views/rapid/nTLp411x4HtS7_NEM4ipRg.jpg,
-ZrbF3QFEscxJnsYG3TmnA,19.47625074214092,-99.11830523001552,,,,False,297.89285714285717,35,23,0.6571428571428571,0.6444096565246582,0,-4,left_houses,/home/runner/work/sample_website/sample_website/.cache/gsv_estrella_fast/panoramas/rapid/z1_-ZrbF3QFEscxJnsYG3TmnA.jpg,/home/runner/work/sample_website/sample_website/.cache/gsv_estrella_fast/best_views/rapid/-ZrbF3QFEscxJnsYG3TmnA.jpg,
CY3JyMMEfkW4sA42fs2G6w,19.47586505106642,-99.12370417173196,,,,False,297.79117647058825,34,23,0.6764705882352942,0.8024666905403137,225,-4,left_houses,/home/runner/work/sample_website/sample_website/.cache/gsv_estrella_fast/panoramas/rapid/z1_CY3JyMMEfkW4sA42fs2G6w.jpg,/home/runner/work/sample_website/sample_website/.cache/gsv_estrella_fast/best_views/rapid/CY3JyMMEfkW4sA42fs2G6w.jpg,
na6XEzKoXpOGNBKeBNlorA,19.47759374939867,-99.11805676995921,,,,False,297.2413319501384,29,23,0.7931034482758621,0.49695244431495667,270,-4,upper_full,/home/runner/work/sample_website/sample_website/.cache/gsv_estrella_fast/panoramas/rapid/z1_na6XEzKoXpOGNBKeBNlorA.jpg,/home/runner/work/sample_website/sample_website/.cache/gsv_estrella_fast/best_views/rapid/na6XEzKoXpOGNBKeBNlorA.jpg,
cpi7bEOBpY7OLo11XJL16Q,19.47348309172006,-99.12212956934161,,,,False,292.60419295893774,45,23,0.5111111111111111,0.28588050603866577,225,-4,left_houses,/home/runner/work/sample_website/sample_website/.cache/gsv_estrella_fast/panoramas/rapid/z1_cpi7bEOBpY7OLo11XJL16Q.jpg,/home/runner/work/sample_website/sample_website/.cache/gsv_estrella_fast/best_views/rapid/cpi7bEOBpY7OLo11XJL16Q.jpg,
E4YrdIoy_10_4VIPx7W70g,19.4727270659777,-99.1162837179565,,,,False,287.728431372549,51,22,0.43137254901960786,0.6661397814750671,0,-4,left_houses,/home/runner/work/sample_website/sample_website/.cache/gsv_estrella_fast/panoramas/rapid/z1_E4YrdIoy_10_4VIPx7W70g.jpg,/home/runner/work/sample_website/sample_website/.cache/gsv_estrella_fast/best_views/rapid/E4YrdIoy_10_4VIPx7W70g.jpg,
BVwbXsnV5qoEK28byx4RlA,19.47459913135654,-99.12004480976073,,,,False,287.47244897959183,49,22,0.4489795918367347,0.735357940196991,225,-4,left_houses,/home/runner/work/sample_website/sample_website/.cache/gsv_estrella_fast/panoramas/rapid/z1_BVwbXsnV5qoEK28byx4RlA.jpg,/home/runner/work/sample_website/sample_website/.cache/gsv_estrella_fast/best_views/rapid/BVwbXsnV5qoEK28byx4RlA.jpg,
exWeKKOBCvPzzLqSkjNfIw,19.47257002769247,-99.11333406532766,,,,False,286.4914634146341,41,22,0.5365853658536586,0.7005099654197693,225,-4,left_houses,/home/runner/work/sample_website/sample_website/.cache/gsv_estrella_fast/panoramas/rapid/z1_exWeKKOBCvPzzLqSkjNfIw.jpg,/home/runner/work/sample_website/sample_website/.cache/gsv_estrella_fast/best_views/rapid/exWeKKOBCvPzzLqSkjNfIw.jpg,
W2XOacFfaYawzRqeXBkfkw,19.47208797971964,-99.1217945587463,,,,False,286.41925576859853,41,23,0.5609756097560976,0.09556055814027786,180,-4,left_houses,/home/runner/work/sample_website/sample_website/.cache/gsv_estrella_fast/panoramas/rapid/z1_W2XOacFfaYawzRqeXBkfkw.jpg,/home/runner/work/sample_website/sample_website/.cache/gsv_estrella_fast/best_views/rapid/W2XOacFfaYawzRqeXBkfkw.jpg,
v-dnDxWbGhjH6ZYysIYzdg,19.47286959581069,-99.118075934197,,,,False,286.26025641025643,39,22,0.5641025641025641,0.7219585180282593,45,-4,left_houses,/home/runner/work/sample_website/sample_website/.cache/gsv_estrella_fast/panoramas/rapid/z1_v-dnDxWbGhjH6ZYysIYzdg.jpg,/home/runner/work/sample_website/sample_website/.cache/gsv_estrella_fast/best_views/rapid/v-dnDxWbGhjH6ZYysIYzdg.jpg,
2X2VADObK6pOHliBU0bBOA,19.47213159548794,-99.11884284517917,,,,False,285.71764705882356,34,22,0.6470588235294118,0.692638099193573,315,-4,full,/home/runner/work/sample_website/sample_website/.cache/gsv_estrella_fast/panoramas/rapid/z1_2X2VADObK6pOHliBU0bBOA.jpg,/home/runner/work/sample_website/sample_website/.cache/gsv_estrella_fast/best_views/rapid/2X2VADObK6pOHliBU0bBOA.jpg,
-YcFuRJLv-cxh8pAl8YVLQ,19.47745652042113,-99.11682478083674,,,,False,285.35156992503573,35,22,0.6285714285714286,0.48433804512023926,180,-4,upper_full,/home/runner/work/sample_website/sample_website/.cache/gsv_estrella_fast/panoramas/rapid/z1_-YcFuRJLv-cxh8pAl8YVLQ.jpg,/home/runner/work/sample_website/sample_website/.cache/gsv_estrella_fast/best_views/rapid/-YcFuRJLv-cxh8pAl8YVLQ.jpg,
0QFYM6O1Z0IXwamqe2v-DQ,19.47594266554577,-99.11503470320172,,,,False,285.3333333333333,30,22,0.7333333333333333,0.7632269263267517,135,-4,full,/home/runner/work/sample_website/sample_website/.cache/gsv_estrella_fast/panoramas/rapid/z1_0QFYM6O1Z0IXwamqe2v-DQ.jpg,/home/runner/work/sample_website/sample_website/.cache/gsv_estrella_fast/best_views/rapid/0QFYM6O1Z0IXwamqe2v-DQ.jpg,
Xi-_fTz9CJX-KEdcbi7VnA,19.47260666694518,-99.12335632124076,,,,False,285.087037037037,27,22,0.8148148148148148,0.5458747148513794,0,-4,upper_full,/home/runner/work/sample_website/sample_website/.cache/gsv_estrella_fast/panoramas/rapid/z1_Xi-_fTz9CJX-KEdcbi7VnA.jpg,/home/runner/work/sample_website/sample_website/.cache/gsv_estrella_fast/best_views/rapid/Xi-_fTz9CJX-KEdcbi7VnA.jpg,
s-kt2HDAP33rm0fFx_H-WA,19.47665899446179,-99.12194526268347,,,,False,285.0480722294913,36,22,0.6111111111111112,0.4706764817237854,315,-4,left_houses,/home/runner/work/sample_website/sample_website/.cache/gsv_estrella_fast/panoramas/rapid/z1_s-kt2HDAP33rm0fFx_H-WA.jpg,/home/runner/work/sample_website/sample_website/.cache/gsv_estrella_fast/best_views/rapid/s-kt2HDAP33rm0fFx_H-WA.jpg,
HPBgHCqztLXCRbj1GaX1uw,19.47610804825885,-99.11913883899236,,,,False,284.3313695588628,37,22,0.5945945945945946,0.4431627690792084,0,-4,left_houses,/home/runner/work/sample_website/sample_website/.cache/gsv_estrella_fast/panoramas/rapid/z1_HPBgHCqztLXCRbj1GaX1uw.jpg,/home/runner/work/sample_website/sample_website/.cache/gsv_estrella_fast/best_views/rapid/HPBgHCqztLXCRbj1GaX1uw.jpg,
mqtCmbVPPHDz9ZECySD60g,19.47709299354278,-99.11963610431438,,,,False,282.372301081709,37,22,0.5945945945945946,0.37786048650741577,90,-4,full,/home/runner/work/sample_website/sample_website/.cache/gsv_estrella_fast/panoramas/rapid/z1_mqtCmbVPPHDz9ZECySD60g.jpg,/home/runner/work/sample_website/sample_website/.cache/gsv_estrella_fast/best_views/rapid/mqtCmbVPPHDz9ZECySD60g.jpg,
qfIE2tWI89Eod615qH9qww,19.46997328862556,-99.12064752958263,,,,False,275.29375,48,21,0.4375,0.6106539964675903,270,-4,full,/home/runner/work/sample_website/sample_website/.cache/gsv_estrella_fast/panoramas/rapid/z1_qfIE2tWI89Eod615qH9qww.jpg,/home/runner/work/sample_website/sample_website/.cache/gsv_estrella_fast/best_views/rapid/qfIE2tWI89Eod615qH9qww.jpg,
BACsPPBK8h6kgr6jMtDp0w,19.47181539911859,-99.11728446344674,,,,False,275.16702127659573,47,21,0.44680851063829785,0.5459088087081909,225,-4,left_houses,/home/runner/work/sample_website/sample_website/.cache/gsv_estrella_fast/panoramas/rapid/z1_BACsPPBK8h6kgr6jMtDp0w.jpg,/home/runner/work/sample_website/sample_website/.cache/gsv_estrella_fast/best_views/rapid/BACsPPBK8h6kgr6jMtDp0w.jpg,
DS_QuQVSDkNwGJayec_Rbw,19.47137872918753,-99.1155484895344,,,,False,275.16702127659573,47,21,0.44680851063829785,0.5862422585487366,0,-4,left_houses,/home/runner/work/sample_website/sample_website/.cache/gsv_estrella_fast/panoramas/rapid/z1_DS_QuQVSDkNwGJayec_Rbw.jpg,/home/runner/work/sample_website/sample_website/.cache/gsv_estrella_fast/best_views/rapid/DS_QuQVSDkNwGJayec_Rbw.jpg,
PLMzI5VTUAZnMDpvGqZCNw,19.47891007436867,-99.11849763301637,,,,False,274.67093023255813,43,21,0.4883720930232558,0.5462089776992798,225,-4,left_houses,/home/runner/work/sample_website/sample_website/.cache/gsv_estrella_fast/panoramas/rapid/z1_PLMzI5VTUAZnMDpvGqZCNw.jpg,/home/runner/work/sample_website/sample_website/.cache/gsv_estrella_fast/best_views/rapid/PLMzI5VTUAZnMDpvGqZCNw.jpg,
senQtTko3hDzXpiJs-PVIA,19.47405270409293,-99.11329058958005,,,,False,274.67093023255813,43,21,0.4883720930232558,0.5341096520423889,315,-4,left_houses,/home/runner/work/sample_website/sample_website/.cache/gsv_estrella_fast/panoramas/rapid/z1_senQtTko3hDzXpiJs-PVIA.jpg,/home/runner/work/sample_website/sample_website/.cache/gsv_estrella_fast/best_views/rapid/senQtTko3hDzXpiJs-PVIA.jpg,
5uVICvtADYBsnZNCyAP5EA,19.47894968481389,-99.12147103170267,,,,False,274.430487804878,41,21,0.5121951219512195,0.5376922488212585,45,-4,left_houses,/home/runner/work/sample_website/sample_website/.cache/gsv_estrella_fast/panoramas/rapid/z1_5uVICvtADYBsnZNCyAP5EA.jpg,/home/runner/work/sample_website/sample_website/.cache/gsv_estrella_fast/best_views/rapid/5uVICvtADYBsnZNCyAP5EA.jpg,
_5PBKMyi4TtwZ7zsU389wg,19.47436096483215,-99.11374248525478,,,,False,273.75,35,21,0.6,0.7381961941719055,315,-4,left_houses,/home/runner/work/sample_website/sample_website/.cache/gsv_estrella_fast/panoramas/rapid/z1__5PBKMyi4TtwZ7zsU389wg.jpg,/home/runner/work/sample_website/sample_website/.cache/gsv_estrella_fast/best_views/rapid/_5PBKMyi4TtwZ7zsU389wg.jpg,
Byx9tHvFvH4a_4k9oRKCmA,19.47168789139241,-99.11691502869223,,,,False,273.34354838709675,31,21,0.6774193548387096,0.8264306783676147,270,-4,left_houses,/home/runner/work/sample_website/sample_website/.cache/gsv_estrella_fast/panoramas/rapid/z1_Byx9tHvFvH4a_4k9oRKCmA.jpg,/home/runner/work/sample_website/sample_website/.cache/gsv_estrella_fast/best_views/rapid/Byx9tHvFvH4a_4k9oRKCmA.jpg,
DX6OxVJcskyw8FR3is-A3Q,19.47513037104467,-99.11396138501355,,,,False,273.25,30,21,0.7,0.6201908588409424,180,-4,left_houses,/home/runner/work/sample_website/sample_website/.cache/gsv_estrella_fast/panoramas/rapid/z1_DX6OxVJcskyw8FR3is-A3Q.jpg,/home/runner/work/sample_website/sample_website/.cache/gsv_estrella_fast/best_views/rapid/DX6OxVJcskyw8FR3is-A3Q.jpg,
9fwSNH9FTifc6VggA9PadQ,19.47736366274516,-99.12253406611377,,,,False,272.85,25,21,0.84,0.6016426682472229,90,-4,upper_full,/home/runner/work/sample_website/sample_website/.cache/gsv_estrella_fast/panoramas/rapid/z1_9fwSNH9FTifc6VggA9PadQ.jpg,/home/runner/work/sample_website/sample_website/.cache/gsv_estrella_fast/best_views/rapid/9fwSNH9FTifc6VggA9PadQ.jpg,
362qVZi4s-li032b1bF5uA,19.47933029363655,-99.11969604652329,,,,False,271.1517750620842,40,21,0.525,0.39464250206947327,315,-4,upper_full,/home/runner/work/sample_website/sample_website/.cache/gsv_estrella_fast/panoramas/rapid/z1_362qVZi4s-li032b1bF5uA.jpg,/home/runner/work/sample_website/sample_website/.cache/gsv_estrella_fast/best_views/rapid/362qVZi4s-li032b1bF5uA.jpg,
agBWwnmFz3okKDnP1oi1YA,19.4744275950302,-99.11562598831854,,,,False,271.11959408124284,36,21,0.5833333333333334,0.40870869159698486,315,-4,upper_full,/home/runner/work/sample_website/sample_website/.cache/gsv_estrella_fast/panoramas/rapid/z1_agBWwnmFz3okKDnP1oi1YA.jpg,/home/runner/work/sample_website/sample_website/.cache/gsv_estrella_fast/best_views/rapid/agBWwnmFz3okKDnP1oi1YA.jpg,
iMh-1v0jaTV8AdLuQUJaqQ,19.47321170734056,-99.11793849210005,,,,False,265.16784632205963,40,21,0.525,0.19517821073532104,180,-4,left_houses,/home/runner/work/sample_website/sample_website/.cache/gsv_estrella_fast/panoramas/rapid/z1_iMh-1v0jaTV8AdLuQUJaqQ.jpg,/home/runner/work/sample_website/sample_website/.cache/gsv_estrella_fast/best_views/rapid/iMh-1v0jaTV8AdLuQUJaqQ.jpg,
0yNph-okRBrYk9Pelgn-1w,19.47370163347928,-99.12292058153679,,,,False,265.12753662467003,30,21,0.7,0.2292512208223343,90,-4,left_houses,/home/runner/work/sample_website/sample_website/.cache/gsv_estrella_fast/panoramas/rapid/z1_0yNph-okRBrYk9Pelgn-1w.jpg,/home/runner/work/sample_website/sample_website/.cache/gsv_estrella_fast/best_views/rapid/0yNph-okRBrYk9Pelgn-1w.jpg,
NIItkNqolJnnixHQc9ev2A,19.47788989462437,-99.12135207336713,,,,False,262.36951219512196,41,20,0.4878048780487805,0.5061598420143127,315,-4,left_houses,/home/runner/work/sample_website/sample_website/.cache/gsv_estrella_fast/panoramas/rapid/z1_NIItkNqolJnnixHQc9ev2A.jpg,/home/runner/work/sample_website/sample_website/.cache/gsv_estrella_fast/best_views/rapid/NIItkNqolJnnixHQc9ev2A.jpg,
YK7uf7evUNw34DxBlXKXtg,19.47661823758749,-99.1132479580447,,,,False,262.1320512820513,39,20,0.5128205128205128,0.6457540988922119,270,-4,upper_full,/home/runner/work/sample_website/sample_website/.cache/gsv_estrella_fast/panoramas/rapid/z1_YK7uf7evUNw34DxBlXKXtg.jpg,/home/runner/work/sample_website/sample_website/.cache/gsv_estrella_fast/best_views/rapid/YK7uf7evUNw34DxBlXKXtg.jpg,
jp-3pM4fIm5OIeAbOuwJ8w,19.47182287605917,-99.1216873353899,,,,False,262.0157894736842,38,20,0.5263157894736842,0.6392536163330078,0,-4,full,/home/runner/work/sample_website/sample_website/.cache/gsv_estrella_fast/panoramas/rapid/z1_jp-3pM4fIm5OIeAbOuwJ8w.jpg,/home/runner/work/sample_website/sample_website/.cache/gsv_estrella_fast/best_views/rapid/jp-3pM4fIm5OIeAbOuwJ8w.jpg,
5nUuvdUrVon-GUwLvVk4lA,19.47630575472515,-99.11676906191235,,,,False,261.90135135135137,37,20,0.5405405405405406,0.7622528076171875,225,-4,left_houses,/home/runner/work/sample_website/sample_website/.cache/gsv_estrella_fast/panoramas/rapid/z1_5nUuvdUrVon-GUwLvVk4lA.jpg,/home/runner/work/sample_website/sample_website/.cache/gsv_estrella_fast/best_views/rapid/5nUuvdUrVon-GUwLvVk4lA.jpg,
fgWj4GyD5sEt1e99prxgvQ,19.47003444931421,-99.11843676303926,,,,False,261.4651515151515,33,20,0.6060606060606061,0.7781842350959778,270,-4,full,/home/runner/work/sample_website/sample_website/.cache/gsv_estrella_fast/panoramas/rapid/z1_fgWj4GyD5sEt1e99prxgvQ.jpg,/home/runner/work/sample_website/sample_website/.cache/gsv_estrella_fast/best_views/rapid/fgWj4GyD5sEt1e99prxgvQ.jpg,
EF5_-7wXXwpquz4zX0aDkA,19.47197835988913,-99.12332516674397,,,,False,261.1666666666667,30,20,0.6666666666666666,0.7820776104927063,0,-4,left_houses,/home/runner/work/sample_website/sample_website/.cache/gsv_estrella_fast/panoramas/rapid/z1_EF5_-7wXXwpquz4zX0aDkA.jpg,/home/runner/work/sample_website/sample_website/.cache/gsv_estrella_fast/best_views/rapid/EF5_-7wXXwpquz4zX0aDkA.jpg,
4-Ho_y5etZTISlCEtIMuSw,19.4740108739961,-99.11483538606186,,,,False,260.98571428571427,28,20,0.7142857142857143,0.8609579801559448,315,-4,left_houses,/home/runner/work/sample_website/sample_website/.cache/gsv_estrella_fast/panoramas/rapid/z1_4-Ho_y5etZTISlCEtIMuSw.jpg,/home/runner/work/sample_website/sample_website/.cache/gsv_estrella_fast/best_views/rapid/4-Ho_y5etZTISlCEtIMuSw.jpg,
SOyYcZrPI8d4kxaP6KNi4g,19.47587523551649,-99.1180652967781,,,,False,260.8230769230769,26,20,0.7692307692307693,0.7113699316978455,180,-4,left_houses,/home/runner/work/sample_website/sample_website/.cache/gsv_estrella_fast/panoramas/rapid/z1_SOyYcZrPI8d4kxaP6KNi4g.jpg,/home/runner/work/sample_website/sample_website/.cache/gsv_estrella_fast/best_views/rapid/SOyYcZrPI8d4kxaP6KNi4g.jpg,
sc0gVQVgWiHu4j--9Kh5vQ,19.47018938219958,-99.11889358448565,,,,False,260.76390426158906,32,20,0.625,0.480046808719635,270,-4,left_houses,/home/runner/work/sample_website/sample_website/.cache/gsv_estrella_fast/panoramas/rapid/z1_sc0gVQVgWiHu4j--9Kh5vQ.jpg,/home/runner/work/sample_website/sample_website/.cache/gsv_estrella_fast/best_views/rapid/sc0gVQVgWiHu4j--9Kh5vQ.jpg,
We1TyJMfq8Gv6CQA0qPQKg,19.47778927865151,-99.12151206350464,,,,False,260.75,25,20,0.8,0.8264306783676147,90,-4,left_houses,/home/runner/work/sample_website/sample_website/.cache/gsv_estrella_fast/panoramas/rapid/z1_We1TyJMfq8Gv6CQA0qPQKg.jpg,/home/runner/work/sample_website/sample_website/.cache/gsv_estrella_fast/best_views/rapid/We1TyJMfq8Gv6CQA0qPQKg.jpg,
QJk7qevP1qVWPRJNg25Vug,19.47524481856253,-99.12201812412873,,,,False,260.75,25,20,0.8,0.6084693670272827,45,-4,full,/home/runner/work/sample_website/sample_website/.cache/gsv_estrella_fast/panoramas/rapid/z1_QJk7qevP1qVWPRJNg25Vug.jpg,/home/runner/work/sample_website/sample_website/.cache/gsv_estrella_fast/best_views/rapid/QJk7qevP1qVWPRJNg25Vug.jpg,
FSpPsYq8LRMF86AmnZZCOA,19.47625595501865,-99.11879548289389,,,,False,260.68333333333334,24,20,0.8333333333333334,0.5276865363121033,0,-4,left_houses,/home/runner/work/sample_website/sample_website/.cache/gsv_estrella_fast/panoramas/rapid/z1_FSpPsYq8LRMF86AmnZZCOA.jpg,/home/runner/work/sample_website/sample_website/.cache/gsv_estrella_fast/best_views/rapid/FSpPsYq8LRMF86AmnZZCOA.jpg,
KXTv1G8ambUp0iRuh4c8zQ,19.47258210560466,-99.11448402855463,,,,False,259.9671130128023,41,20,0.4878048780487805,0.41992002725601196,225,-4,full,/home/runner/work/sample_website/sample_website/.cache/gsv_estrella_fast/panoramas/rapid/z1_KXTv1G8ambUp0iRuh4c8zQ.jpg,/home/runner/work/sample_website/sample_website/.cache/gsv_estrella_fast/best_views/rapid/KXTv1G8ambUp0iRuh4c8zQ.jpg,
nXR7lFeVkY0zOZKgf0baCA,19.47139273913835,-99.11608211830786,,,,False,259.2985910349422,36,20,0.5555555555555556,0.4169900715351105,45,-4,left_houses,/home/runner/work/sample_website/sample_website/.cache/gsv_estrella_fast/panoramas/rapid/z1_nXR7lFeVkY0zOZKgf0baCA.jpg,/home/runner/work/sample_website/sample_website/.cache/gsv_estrella_fast/best_views/rapid/nXR7lFeVkY0zOZKgf0baCA.jpg,
ZU6xb2sP2zlszf9gXcNg7Q,19.47591079576463,-99.12055989473284,,,,False,257.3965750217438,32,20,0.625,0.3678025007247925,225,-4,left_houses,/home/runner/work/sample_website/sample_website/.cache/gsv_estrella_fast/panoramas/rapid/z1_ZU6xb2sP2zlszf9gXcNg7Q.jpg,/home/runner/work/sample_website/sample_website/.cache/gsv_estrella_fast/best_views/rapid/ZU6xb2sP2zlszf9gXcNg7Q.jpg,
fQJQ3EFeyIn4QlM2nulR1g,19.47867979520597,-99.11518640743206,,,,False,257.3600387696297,31,20,0.6451612903225806,0.3699045181274414,180,-4,left_houses,/home/runner/work/sample_website/sample_website/.cache/gsv_estrella_fast/panoramas/rapid/z1_fQJQ3EFeyIn4QlM2nulR1g.jpg,/home/runner/work/sample_website/sample_website/.cache/gsv_estrella_fast/best_views/rapid/fQJQ3EFeyIn4QlM2nulR1g.jpg,
c5BWVKFBS0J83KslSwlnXg,19.47702588548267,-99.11799666013309,,,,False,251.82072517219046,42,20,0.47619047619047616,0.1443416327238083,180,-4,left_houses,/home/runner/work/sample_website/sample_website/.cache/gsv_estrella_fast/panoramas/rapid/z1_c5BWVKFBS0J83KslSwlnXg.jpg,/home/runner/work/sample_website/sample_website/.cache/gsv_estrella_fast/best_views/rapid/c5BWVKFBS0J83KslSwlnXg.jpg,
ZchiIhoZsFI3y152OgdkEQ,19.47327630932286,-99.11326737438469,,,,False,251.18958333333333,48,19,0.3958333333333333,0.7323029041290283,180,-4,left_houses,/home/runner/work/sample_website/sample_website/.cache/gsv_estrella_fast/panoramas/rapid/z1_ZchiIhoZsFI3y152OgdkEQ.jpg,/home/runner/work/sample_website/sample_website/.cache/gsv_estrella_fast/best_views/rapid/ZchiIhoZsFI3y152OgdkEQ.jpg,
2zmJQF6nXgKKgNMwAWRPVg,19.4758966649653,-99.12326496852309,,,,False,250.5546511627907,43,19,0.4418604651162791,0.6368952989578247,225,-4,left_houses,/home/runner/work/sample_website/sample_website/.cache/gsv_estrella_fast/panoramas/rapid/z1_2zmJQF6nXgKKgNMwAWRPVg.jpg,/home/runner/work/sample_website/sample_website/.cache/gsv_estrella_fast/best_views/rapid/2zmJQF6nXgKKgNMwAWRPVg.jpg,
msEL8nosYmLIPRQkom8BtA,19.46986510759292,-99.11873630118295,,,,False,250.1875,40,19,0.475,0.7287639379501343,135,-4,street_depth,/home/runner/work/sample_website/sample_website/.cache/gsv_estrella_fast/panoramas/rapid/z1_msEL8nosYmLIPRQkom8BtA.jpg,/home/runner/work/sample_website/sample_website/.cache/gsv_estrella_fast/best_views/rapid/msEL8nosYmLIPRQkom8BtA.jpg,
PMUEmrXAsTCBsmSqu_a61w,19.47403210334574,-99.11530966205518,,,,False,249.85236234551385,42,19,0.4523809523809524,0.4807136654853821,0,-4,full,/home/runner/work/sample_website/sample_website/.cache/gsv_estrella_fast/panoramas/rapid/z1_PMUEmrXAsTCBsmSqu_a61w.jpg,/home/runner/work/sample_website/sample_website/.cache/gsv_estrella_fast/best_views/rapid/PMUEmrXAsTCBsmSqu_a61w.jpg,
m7kdIuGkVRfXoBjoPZpKiQ,19.4766670151879,-99.11610229513418,,,,False,249.60714285714286,35,19,0.5428571428571428,0.6167387962341309,315,-4,full,/home/runner/work/sample_website/sample_website/.cache/gsv_estrella_fast/panoramas/rapid/z1_m7kdIuGkVRfXoBjoPZpKiQ.jpg,/home/runner/work/sample_website/sample_website/.cache/gsv_estrella_fast/best_views/rapid/m7kdIuGkVRfXoBjoPZpKiQ.jpg,
v08Qz9IOr2tZJ0oENRvONA,19.47291214854745,-99.11325707528202,,,,False,249.18225806451613,31,19,0.6129032258064516,0.6376014351844788,45,-4,left_houses,/home/runner/work/sample_website/sample_website/.cache/gsv_estrella_fast/panoramas/rapid/z1_v08Qz9IOr2tZJ0oENRvONA.jpg,/home/runner/work/sample_website/sample_website/.cache/gsv_estrella_fast/best_views/rapid/v08Qz9IOr2tZJ0oENRvONA.jpg,
0QzlwjFHp4Pt9GFiSN-GiQ,19.47338666677457,-99.11786993998781,,,,False,249.08333333333334,30,19,0.6333333333333333,0.5992396473884583,90,-4,street_depth,/home/runner/work/sample_website/sample_website/.cache/gsv_estrella_fast/panoramas/rapid/z1_0QzlwjFHp4Pt9GFiSN-GiQ.jpg,/home/runner/work/sample_website/sample_website/.cache/gsv_estrella_fast/best_views/rapid/0QzlwjFHp4Pt9GFiSN-GiQ.jpg,
wum49B-_k60IFQ2YF_tKGA,19.47068217434937,-99.11933462101358,,,,False,248.57916666666665,24,19,0.7916666666666666,0.5126801133155823,45,-4,left_houses,/home/runner/work/sample_website/sample_website/.cache/gsv_estrella_fast/panoramas/rapid/z1_wum49B-_k60IFQ2YF_tKGA.jpg,/home/runner/work/sample_website/sample_website/.cache/gsv_estrella_fast/best_views/rapid/wum49B-_k60IFQ2YF_tKGA.jpg,
DaIb7DWKxgdCFaf8Gb5e4g,19.47122608851909,-99.11470892419561,,,,False,248.4968952752823,43,19,0.4418604651162791,0.4314081370830536,90,-4,street_depth,/home/runner/work/sample_website/sample_website/.cache/gsv_estrella_fast/panoramas/rapid/z1_DaIb7DWKxgdCFaf8Gb5e4g.jpg,/home/runner/work/sample_website/sample_website/.cache/gsv_estrella_fast/best_views/rapid/DaIb7DWKxgdCFaf8Gb5e4g.jpg,
W7OCCRkrMC29LATUI9qAWA,19.47643511907086,-99.12305592147713,,,,False,245.52779530627387,35,19,0.5428571428571428,0.36402174830436707,225,-4,left_houses,/home/runner/work/sample_website/sample_website/.cache/gsv_estrella_fast/panoramas/rapid/z1_W7OCCRkrMC29LATUI9qAWA.jpg,/home/runner/work/sample_website/sample_website/.cache/gsv_estrella_fast/best_views/rapid/W7OCCRkrMC29LATUI9qAWA.jpg,
r7cjvR7tOhFaTWVSnM_m3g,19.47510553254793,-99.11874381497834,,,,False,244.59004862705865,24,19,0.7916666666666666,0.3670293986797333,270,-4,left_houses,/home/runner/work/sample_website/sample_website/.cache/gsv_estrella_fast/panoramas/rapid/z1_r7cjvR7tOhFaTWVSnM_m3g.jpg,/home/runner/work/sample_website/sample_website/.cache/gsv_estrella_fast/best_views/rapid/r7cjvR7tOhFaTWVSnM_m3g.jpg,
IgKTPjmphJ1x2BVjCynUcg,19.47290540919246,-99.11575574407654,,,,False,240.82801347119468,35,19,0.5428571428571428,0.2073623538017273,135,-4,left_houses,/home/runner/work/sample_website/sample_website/.cache/gsv_estrella_fast/panoramas/rapid/z1_IgKTPjmphJ1x2BVjCynUcg.jpg,/home/runner/work/sample_website/sample_website/.cache/gsv_estrella_fast/best_views/rapid/IgKTPjmphJ1x2BVjCynUcg.jpg,
rupElu1n_van5l7McUVYKQ,19.47582518321394,-99.11300035791433,,,,False,238.125,40,18,0.45,0.6283616423606873,270,-4,left_houses,/home/runner/work/sample_website/sample_website/.cache/gsv_estrella_fast/panoramas/rapid/z1_rupElu1n_van5l7McUVYKQ.jpg,/home/runner/work/sample_website/sample_website/.cache/gsv_estrella_fast/best_views/rapid/rupElu1n_van5l7McUVYKQ.jpg,
LiN0VYkAIOgUrjxnVJpFGg,19.47858226175716,-99.12119757132216,,,,False,237.76621621621624,37,18,0.4864864864864865,0.8430209755897522,225,-4,street_depth,/home/runner/work/sample_website/sample_website/.cache/gsv_estrella_fast/panoramas/rapid/z1_LiN0VYkAIOgUrjxnVJpFGg.jpg,/home/runner/work/sample_website/sample_website/.cache/gsv_estrella_fast/best_views/rapid/LiN0VYkAIOgUrjxnVJpFGg.jpg,
hFzOykLbbuRRXnlVNBP7pQ,19.47055123480077,-99.11865533797186,,,,False,237.76621621621624,37,18,0.4864864864864865,0.72788405418396,225,-4,full,/home/runner/work/sample_website/sample_website/.cache/gsv_estrella_fast/panoramas/rapid/z1_hFzOykLbbuRRXnlVNBP7pQ.jpg,/home/runner/work/sample_website/sample_website/.cache/gsv_estrella_fast/best_views/rapid/hFzOykLbbuRRXnlVNBP7pQ.jpg,
LRpN5fIH6joBHSmff7JhZw,19.47737888998944,-99.11835461819223,,,,False,237.76621621621624,37,18,0.4864864864864865,0.6735442876815796,45,-4,street_depth,/home/runner/work/sample_website/sample_website/.cache/gsv_estrella_fast/panoramas/rapid/z1_LRpN5fIH6joBHSmff7JhZw.jpg,/home/runner/work/sample_website/sample_website/.cache/gsv_estrella_fast/best_views/rapid/LRpN5fIH6joBHSmff7JhZw.jpg,
_oGqWHlPftf0oUbuWT0AeA,19.47363111884018,-99.11870396654345,,,,False,237.6218068599701,40,18,0.45,0.4832268953323364,225,-4,upper_full,/home/runner/work/sample_website/sample_website/.cache/gsv_estrella_fast/panoramas/rapid/z1__oGqWHlPftf0oUbuWT0AeA.jpg,/home/runner/work/sample_website/sample_website/.cache/gsv_estrella_fast/best_views/rapid/_oGqWHlPftf0oUbuWT0AeA.jpg,
wCv7g3jqLTUOLCkUi03uBg,19.47294507700938,-99.12331359990138,,,,False,237.4235294117647,34,18,0.5294117647058824,0.5719294548034668,225,-4,full,/home/runner/work/sample_website/sample_website/.cache/gsv_estrella_fast/panoramas/rapid/z1_wCv7g3jqLTUOLCkUi03uBg.jpg,/home/runner/work/sample_website/sample_website/.cache/gsv_estrella_fast/best_views/rapid/wCv7g3jqLTUOLCkUi03uBg.jpg,
1HbxZJE3SCk7ga_MJnMgqw,19.47404256932247,-99.12371869367861,,,,False,237.31363636363636,33,18,0.5454545454545454,0.8562823534011841,270,-4,street_depth,/home/runner/work/sample_website/sample_website/.cache/gsv_estrella_fast/panoramas/rapid/z1_1HbxZJE3SCk7ga_MJnMgqw.jpg,/home/runner/work/sample_website/sample_website/.cache/gsv_estrella_fast/best_views/rapid/1HbxZJE3SCk7ga_MJnMgqw.jpg,
K9xtRx72iL0XQSVlq88qRQ,19.47619392259864,-99.1206824822374,,,,False,237.1016129032258,31,18,0.5806451612903226,0.6915804743766785,315,-4,street_depth,/home/runner/work/sample_website/sample_website/.cache/gsv_estrella_fast/panoramas/rapid/z1_K9xtRx72iL0XQSVlq88qRQ.jpg,/home/runner/work/sample_website/sample_website/.cache/gsv_estrella_fast/best_views/rapid/K9xtRx72iL0XQSVlq88qRQ.jpg,
WLUY8AsYBo1G6JbDc0Z5ww,19.47675190617075,-99.11933968653149,,,,False,237.0,30,18,0.6,0.6348326802253723,0,-4,left_houses,/home/runner/work/sample_website/sample_website/.cache/gsv_estrella_fast/panoramas/rapid/z1_WLUY8AsYBo1G6JbDc0Z5ww.jpg,/home/runner/work/sample_website/sample_website/.cache/gsv_estrella_fast/best_views/rapid/WLUY8AsYBo1G6JbDc0Z5ww.jpg,
vpoqEbDjX03N4ycppZt06A,19.47445816374068,-99.12265640336189,,,,False,236.79567587484013,33,18,0.5454545454545454,0.48273465037345886,90,-4,street_depth,/home/runner/work/sample_website/sample_website/.cache/gsv_estrella_fast/panoramas/rapid/z1_vpoqEbDjX03N4ycppZt06A.jpg,/home/runner/work/sample_website/sample_website/.cache/gsv_estrella_fast/best_views/rapid/vpoqEbDjX03N4ycppZt06A.jpg,
RRF6qqNLnlA8mo9PyPzS9Q,19.4754098086899,-99.11430353844224,,,,False,236.63076923076923,26,18,0.6923076923076923,0.6874779462814331,135,-4,full,/home/runner/work/sample_website/sample_website/.cache/gsv_estrella_fast/panoramas/rapid/z1_RRF6qqNLnlA8mo9PyPzS9Q.jpg,/home/runner/work/sample_website/sample_website/.cache/gsv_estrella_fast/best_views/rapid/RRF6qqNLnlA8mo9PyPzS9Q.jpg,
h3wVOQAzsaxMM72SGz1Emg,19.47328871797266,-99.11883465597631,,,,False,236.475,24,18,0.75,0.6414022445678711,225,-4,left_houses,/home/runner/work/sample_website/sample_website/.cache/gsv_estrella_fast/panoramas/rapid/z1_h3wVOQAzsaxMM72SGz1Emg.jpg,/home/runner/work/sample_website/sample_website/.cache/gsv_estrella_fast/best_views/rapid/h3wVOQAzsaxMM72SGz1Emg.jpg,
nsUSXsRVi_6mCgLuHA0WOw,19.47032237028174,-99.12051270028228,,,,False,236.475,24,18,0.75,0.6463944315910339,315,-4,full,/home/runner/work/sample_website/sample_website/.cache/gsv_estrella_fast/panoramas/rapid/z1_nsUSXsRVi_6mCgLuHA0WOw.jpg,/home/runner/work/sample_website/sample_website/.cache/gsv_estrella_fast/best_views/rapid/nsUSXsRVi_6mCgLuHA0WOw.jpg,
Qdyca5UjSy328KpY49ixOw,19.47557787641368,-99.1190571999731,,,,False,235.0555748721649,29,18,0.6206896551724138,0.43846169114112854,90,-4,upper_full,/home/runner/work/sample_website/sample_website/.cache/gsv_estrella_fast/panoramas/rapid/z1_Qdyca5UjSy328KpY49ixOw.jpg,/home/runner/work/sample_website/sample_website/.cache/gsv_estrella_fast/best_views/rapid/Qdyca5UjSy328KpY49ixOw.jpg,
HVATkPYgSflHyx6rOa9W1w,19.47292192221335,-99.12045064679849,,,,False,233.7320266955777,38,18,0.47368421052631576,0.3615938723087311,315,-4,left_houses,/home/runner/work/sample_website/sample_website/.cache/gsv_estrella_fast/panoramas/rapid/z1_HVATkPYgSflHyx6rOa9W1w.jpg,/home/runner/work/sample_website/sample_website/.cache/gsv_estrella_fast/best_views/rapid/HVATkPYgSflHyx6rOa9W1w.jpg,
0odMultczPuMYckboZ3Sww,19.47773256236702,-99.11718239594992,,,,False,231.98592694479487,46,18,0.391304347826087,0.27025553584098816,0,-4,left_houses,/home/runner/work/sample_website/sample_website/.cache/gsv_estrella_fast/panoramas/rapid/z1_0odMultczPuMYckboZ3Sww.jpg,/home/runner/work/sample_website/sample_website/.cache/gsv_estrella_fast/best_views/rapid/0odMultczPuMYckboZ3Sww.jpg,
D6plEr6G-J6Z6NJZHvy3Gw,19.46952737729847,-99.1184000384569,,,,False,230.56359591313773,42,18,0.42857142857142855,0.23973891139030457,90,-4,left_houses,/home/runner/work/sample_website/sample_website/.cache/gsv_estrella_fast/panoramas/rapid/z1_D6plEr6G-J6Z6NJZHvy3Gw.jpg,/home/runner/work/sample_website/sample_website/.cache/gsv_estrella_fast/best_views/rapid/D6plEr6G-J6Z6NJZHvy3Gw.jpg,
hkmhrhlWeXiqcRrIp6xnww,19.47372373615265,-99.12141345213134,,,,False,228.8710671643416,27,18,0.6666666666666666,0.23848001658916473,315,-4,left_houses,/home/runner/work/sample_website/sample_website/.cache/gsv_estrella_fast/panoramas/rapid/z1_hkmhrhlWeXiqcRrIp6xnww.jpg,/home/runner/work/sample_website/sample_website/.cache/gsv_estrella_fast/best_views/rapid/hkmhrhlWeXiqcRrIp6xnww.jpg,
dvpykC6WlUvQOM_JRV4MOw,19.472846069776,-99.12274682666569,,,,False,225.58055555555555,36,17,0.4722222222222222,0.5564851760864258,225,-4,left_houses,/home/runner/work/sample_website/sample_website/.cache/gsv_estrella_fast/panoramas/rapid/z1_dvpykC6WlUvQOM_JRV4MOw.jpg,/home/runner/work/sample_website/sample_website/.cache/gsv_estrella_fast/best_views/rapid/dvpykC6WlUvQOM_JRV4MOw.jpg,
3HfaJftR-5wlEIipA1uW7g,19.47482223716261,-99.12009504327432,,,,False,225.46428571428572,35,17,0.4857142857142857,0.5810924768447876,180,-4,left_houses,/home/runner/work/sample_website/sample_website/.cache/gsv_estrella_fast/panoramas/rapid/z1_3HfaJftR-5wlEIipA1uW7g.jpg,/home/runner/work/sample_website/sample_website/.cache/gsv_estrella_fast/best_views/rapid/3HfaJftR-5wlEIipA1uW7g.jpg,
vCjxjhJUg7Kp6Nj3Rj1i2A,19.4770687084066,-99.12333707130635,,,,False,225.35,34,17,0.5,0.7679704427719116,315,-4,left_houses,/home/runner/work/sample_website/sample_website/.cache/gsv_estrella_fast/panoramas/rapid/z1_vCjxjhJUg7Kp6Nj3Rj1i2A.jpg,/home/runner/work/sample_website/sample_website/.cache/gsv_estrella_fast/best_views/rapid/vCjxjhJUg7Kp6Nj3Rj1i2A.jpg,
qqXR0X9p-Jv8aJQ8IbCVXw,19.470321201739,-99.11926125546513,,,,False,225.23787878787877,33,17,0.5151515151515151,0.7469754219055176,225,-4,street_depth,/home/runner/work/sample_website/sample_website/.cache/gsv_estrella_fast/panoramas/rapid/z1_qqXR0X9p-Jv8aJQ8IbCVXw.jpg,/home/runner/work/sample_website/sample_website/.cache/gsv_estrella_fast/best_views/rapid/qqXR0X9p-Jv8aJQ8IbCVXw.jpg,
3UhVo2wEnGHShhD9nD6JIA,19.47515351505756,-99.1144030696558,,,,False,225.23787878787877,33,17,0.5151515151515151,0.6268695592880249,45,-4,left_houses,/home/runner/work/sample_website/sample_website/.cache/gsv_estrella_fast/panoramas/rapid/z1_3UhVo2wEnGHShhD9nD6JIA.jpg,/home/runner/work/sample_website/sample_website/.cache/gsv_estrella_fast/best_views/rapid/3UhVo2wEnGHShhD9nD6JIA.jpg,
SlU6LHsM9bIULgCIE5KNng,19.4790850986573,-99.12041848031771,,,,False,225.128125,32,17,0.53125,0.7328841686248779,135,-4,left_houses,/home/runner/work/sample_website/sample_website/.cache/gsv_estrella_fast/panoramas/rapid/z1_SlU6LHsM9bIULgCIE5KNng.jpg,/home/runner/work/sample_website/sample_website/.cache/gsv_estrella_fast/best_views/rapid/SlU6LHsM9bIULgCIE5KNng.jpg,
5ygJVQA39ePlFcqIo6LnFA,19.47788452503903,-99.11933073745007,,,,False,225.0209677419355,31,17,0.5483870967741935,0.8578109741210938,225,-4,left_houses,/home/runner/work/sample_website/sample_website/.cache/gsv_estrella_fast/panoramas/rapid/z1_5ygJVQA39ePlFcqIo6LnFA.jpg,/home/runner/work/sample_website/sample_website/.cache/gsv_estrella_fast/best_views/rapid/5ygJVQA39ePlFcqIo6LnFA.jpg,
O7q9bxYmv20W2q9vKdd2LQ,19.47702179872384,-99.11749653462657,,,,False,224.91666666666666,30,17,0.5666666666666667,0.7167350649833679,135,-4,full,/home/runner/work/sample_website/sample_website/.cache/gsv_estrella_fast/panoramas/rapid/z1_O7q9bxYmv20W2q9vKdd2LQ.jpg,/home/runner/work/sample_website/sample_website/.cache/gsv_estrella_fast/best_views/rapid/O7q9bxYmv20W2q9vKdd2LQ.jpg,
_YBhKaSlqN67DBh_0awFLA,19.47407201348103,-99.11576123147498,,,,False,224.91666666666666,30,17,0.5666666666666667,0.656084418296814,45,-4,left_houses,/home/runner/work/sample_website/sample_website/.cache/gsv_estrella_fast/panoramas/rapid/z1__YBhKaSlqN67DBh_0awFLA.jpg,/home/runner/work/sample_website/sample_website/.cache/gsv_estrella_fast/best_views/rapid/_YBhKaSlqN67DBh_0awFLA.jpg,
1Vo_VMTdfgwxU7_3ZtFlBw,19.4770270402198,-99.11849248312747,,,,False,224.8155172413793,29,17,0.5862068965517241,0.8512816429138184,180,-4,left_houses,/home/runner/work/sample_website/sample_website/.cache/gsv_estrella_fast/panoramas/rapid/z1_1Vo_VMTdfgwxU7_3ZtFlBw.jpg,/home/runner/work/sample_website/sample_website/.cache/gsv_estrella_fast/best_views/rapid/1Vo_VMTdfgwxU7_3ZtFlBw.jpg,
-nDWnGiriSmAlbMyoHSH8A,19.47627949417297,-99.11728429460048,,,,False,224.8155172413793,29,17,0.5862068965517241,0.5923698544502258,315,-4,left_houses,/home/runner/work/sample_website/sample_website/.cache/gsv_estrella_fast/panoramas/rapid/z1_-nDWnGiriSmAlbMyoHSH8A.jpg,/home/runner/work/sample_website/sample_website/.cache/gsv_estrella_fast/best_views/rapid/-nDWnGiriSmAlbMyoHSH8A.jpg,
G8thVzjKAf9ZdO2QdAu6pg,19.47514409552954,-99.1192272321094,,,,False,224.71785714285713,28,17,0.6071428571428571,0.7403547167778015,180,-4,street_depth,/home/runner/work/sample_website/sample_website/.cache/gsv_estrella_fast/panoramas/rapid/z1_G8thVzjKAf9ZdO2QdAu6pg.jpg,/home/runner/work/sample_website/sample_website/.cache/gsv_estrella_fast/best_views/rapid/G8thVzjKAf9ZdO2QdAu6pg.jpg,
awqUkplVuSvTO9KIuyHYIg,19.47249733106276,-99.11356478265263,,,,False,224.71785714285713,28,17,0.6071428571428571,0.6796861886978149,180,-4,left_houses,/home/runner/work/sample_website/sample_website/.cache/gsv_estrella_fast/panoramas/rapid/z1_awqUkplVuSvTO9KIuyHYIg.jpg,/home/runner/work/sample_website/sample_website/.cache/gsv_estrella_fast/best_views/rapid/awqUkplVuSvTO9KIuyHYIg.jpg,
u8S2TGNQBsi5a2YJHQsOTg,19.47856739412092,-99.12089701082314,,,,False,224.5346153846154,26,17,0.6538461538461539,0.6357022523880005,225,-4,left_houses,/home/runner/work/sample_website/sample_website/.cache/gsv_estrella_fast/panoramas/rapid/z1_u8S2TGNQBsi5a2YJHQsOTg.jpg,/home/runner/work/sample_website/sample_website/.cache/gsv_estrella_fast/best_views/rapid/u8S2TGNQBsi5a2YJHQsOTg.jpg,
IOPJNWlOaymJUrn31upeNg,19.47949111390374,-99.11749813867027,,,,False,223.02182880286819,27,17,0.6296296296296297,0.4465918242931366,45,-4,left_houses,/home/runner/work/sample_website/sample_website/.cache/gsv_estrella_fast/panoramas/rapid/z1_IOPJNWlOaymJUrn31upeNg.jpg,/home/runner/work/sample_website/sample_website/.cache/gsv_estrella_fast/best_views/rapid/IOPJNWlOaymJUrn31upeNg.jpg,
xtK3e9tgpxd2yoOUrJrDbA,19.47814995352788,-99.11602876371217,,,,False,221.86589780118732,45,17,0.37777777777777777,0.33904844522476196,270,-4,left_houses,/home/runner/work/sample_website/sample_website/.cache/gsv_estrella_fast/panoramas/rapid/z1_xtK3e9tgpxd2yoOUrJrDbA.jpg,/home/runner/work/sample_website/sample_website/.cache/gsv_estrella_fast/best_views/rapid/xtK3e9tgpxd2yoOUrJrDbA.jpg,
6oWAgxyYu11slkJ7s1m6Kw,19.47590719518297,-99.11365865685207,,,,False,220.95672588222905,38,17,0.4473684210526316,0.33794349431991577,45,-4,left_houses,/home/runner/work/sample_website/sample_website/.cache/gsv_estrella_fast/panoramas/rapid/z1_6oWAgxyYu11slkJ7s1m6Kw.jpg,/home/runner/work/sample_website/sample_website/.cache/gsv_estrella_fast/best_views/rapid/6oWAgxyYu11slkJ7s1m6Kw.jpg,
FoYe1CcJPfxi-M-9FH5k2w,19.47962887098842,-99.12081511672595,,,,False,220.6698043218026,26,17,0.6538461538461539,0.3711729645729065,315,-4,left_houses,/home/runner/work/sample_website/sample_website/.cache/gsv_estrella_fast/panoramas/rapid/z1_FoYe1CcJPfxi-M-9FH5k2w.jpg,/home/runner/work/sample_website/sample_website/.cache/gsv_estrella_fast/best_views/rapid/FoYe1CcJPfxi-M-9FH5k2w.jpg,
UEo7i3Y79z4oCucn7CEXhA,19.47433443812475,-99.1236216837479,,,,False,218.36630256983543,31,17,0.5483870967741935,0.27817782759666443,45,-4,left_houses,/home/runner/work/sample_website/sample_website/.cache/gsv_estrella_fast/panoramas/rapid/z1_UEo7i3Y79z4oCucn7CEXhA.jpg,/home/runner/work/sample_website/sample_website/.cache/gsv_estrella_fast/best_views/rapid/UEo7i3Y79z4oCucn7CEXhA.jpg,
wSykEG3EBzRCUU6UZV4-hA,19.47777098985287,-99.12203475647262,,,,False,215.61038945913316,32,17,0.53125,0.1827421486377716,90,-4,left_houses,/home/runner/work/sample_website/sample_website/.cache/gsv_estrella_fast/panoramas/rapid/z1_wSykEG3EBzRCUU6UZV4-hA.jpg,/home/runner/work/sample_website/sample_website/.cache/gsv_estrella_fast/best_views/rapid/wSykEG3EBzRCUU6UZV4-hA.jpg,
cekw3YM6z5WbHpbjpW_2wQ,19.47888823741671,-99.11668092478408,,,,False,213.7735503650847,42,17,0.40476190476190477,0.08205485343933105,270,-4,left_houses,/home/runner/work/sample_website/sample_website/.cache/gsv_estrella_fast/panoramas/rapid/z1_cekw3YM6z5WbHpbjpW_2wQ.jpg,/home/runner/work/sample_website/sample_website/.cache/gsv_estrella_fast/best_views/rapid/cekw3YM6z5WbHpbjpW_2wQ.jpg,
mx1DovbRXBuiQpEXjjAMLQ,19.47704849231694,-99.11649316938698,,,,False,213.6310810810811,37,16,0.43243243243243246,0.7612566351890564,0,-4,left_houses,/home/runner/work/sample_website/sample_website/.cache/gsv_estrella_fast/panoramas/rapid/z1_mx1DovbRXBuiQpEXjjAMLQ.jpg,/home/runner/work/sample_website/sample_website/.cache/gsv_estrella_fast/best_views/rapid/mx1DovbRXBuiQpEXjjAMLQ.jpg,
_oRT2Pc6XNfcyFPfcXCp1w,19.47368371330412,-99.11296937629508,,,,False,213.51111111111112,36,16,0.4444444444444444,0.5032263994216919,0,-4,left_houses,/home/runner/work/sample_website/sample_website/.cache/gsv_estrella_fast/panoramas/rapid/z1__oRT2Pc6XNfcyFPfcXCp1w.jpg,/home/runner/work/sample_website/sample_website/.cache/gsv_estrella_fast/best_views/rapid/_oRT2Pc6XNfcyFPfcXCp1w.jpg,
y6673_2YX7t37GwwEeEA-w,19.47362621951268,-99.11726074055122,,,,False,213.1621212121212,33,16,0.48484848484848486,0.5050850510597229,315,-4,left_houses,/home/runner/work/sample_website/sample_website/.cache/gsv_estrella_fast/panoramas/rapid/z1_y6673_2YX7t37GwwEeEA-w.jpg,/home/runner/work/sample_website/sample_website/.cache/gsv_estrella_fast/best_views/rapid/y6673_2YX7t37GwwEeEA-w.jpg,
lEewWCM1AnSofGrM5si36g,19.47625916640184,-99.119961650148,,,,False,212.94032258064516,31,16,0.5161290322580645,0.5948314070701599,315,-4,left_houses,/home/runner/work/sample_website/sample_website/.cache/gsv_estrella_fast/panoramas/rapid/z1_lEewWCM1AnSofGrM5si36g.jpg,/home/runner/work/sample_website/sample_website/.cache/gsv_estrella_fast/best_views/rapid/lEewWCM1AnSofGrM5si36g.jpg,
FhixAfXTnA0hxf6nOAdiIQ,19.47485742969065,-99.12080557649122,,,,False,212.94032258064516,31,16,0.5161290322580645,0.6908563375473022,180,-4,left_houses,/home/runner/work/sample_website/sample_website/.cache/gsv_estrella_fast/panoramas/rapid/z1_FhixAfXTnA0hxf6nOAdiIQ.jpg,/home/runner/work/sample_website/sample_website/.cache/gsv_estrella_fast/best_views/rapid/FhixAfXTnA0hxf6nOAdiIQ.jpg,
KJb33_RiDV3nABmj6XoENA,19.47146341123369,-99.11417758393769,,,,False,212.94032258064516,31,16,0.5161290322580645,0.7946339845657349,180,-4,left_houses,/home/runner/work/sample_website/sample_website/.cache/gsv_estrella_fast/panoramas/rapid/z1_KJb33_RiDV3nABmj6XoENA.jpg,/home/runner/work/sample_website/sample_website/.cache/gsv_estrella_fast/best_views/rapid/KJb33_RiDV3nABmj6XoENA.jpg,
VsrmUEm1rKDmGHlKg-a8gA,19.4733387755171,-99.12164258867743,,,,False,212.83333333333334,30,16,0.5333333333333333,0.7073354125022888,180,-4,left_houses,/home/runner/work/sample_website/sample_website/.cache/gsv_estrella_fast/panoramas/rapid/z1_VsrmUEm1rKDmGHlKg-a8gA.jpg,/home/runner/work/sample_website/sample_website/.cache/gsv_estrella_fast/best_views/rapid/VsrmUEm1rKDmGHlKg-a8gA.jpg,
vtj7XGGp1NQJquOEMd2zYQ,19.47292988154688,-99.11527580922535,,,,False,212.83333333333334,30,16,0.5333333333333333,0.6754429936408997,45,-4,street_depth,/home/runner/work/sample_website/sample_website/.cache/gsv_estrella_fast/panoramas/rapid/z1_vtj7XGGp1NQJquOEMd2zYQ.jpg,/home/runner/work/sample_website/sample_website/.cache/gsv_estrella_fast/best_views/rapid/vtj7XGGp1NQJquOEMd2zYQ.jpg,
WkXlJPynT0H8gzSbS1MVjw,19.47516064034794,-99.1236876234704,,,,False,212.52188453762622,27,16,0.5925925925925926,0.4996801018714905,225,-4,full,/home/runner/work/sample_website/sample_website/.cache/gsv_estrella_fast/panoramas/rapid/z1_WkXlJPynT0H8gzSbS1MVjw.jpg,/home/runner/work/sample_website/sample_website/.cache/gsv_estrella_fast/best_views/rapid/WkXlJPynT0H8gzSbS1MVjw.jpg,
J_XYzhbJIb0jwTFJ4Q4a8w,19.47839792295276,-99.1202313071157,,,,False,212.47451032317917,29,16,0.5517241379310345,0.4915066659450531,180,-4,left_houses,/home/runner/work/sample_website/sample_website/.cache/gsv_estrella_fast/panoramas/rapid/z1_J_XYzhbJIb0jwTFJ4Q4a8w.jpg,/home/runner/work/sample_website/sample_website/.cache/gsv_estrella_fast/best_views/rapid/J_XYzhbJIb0jwTFJ4Q4a8w.jpg,
2DbwHYyWA8xeXJLTSYlTAg,19.4719416053771,-99.1176440223596,,,,False,212.43846153846155,26,16,0.6153846153846154,0.7655647993087769,315,-4,left_houses,/home/runner/work/sample_website/sample_website/.cache/gsv_estrella_fast/panoramas/rapid/z1_2DbwHYyWA8xeXJLTSYlTAg.jpg,/home/runner/work/sample_website/sample_website/.cache/gsv_estrella_fast/best_views/rapid/2DbwHYyWA8xeXJLTSYlTAg.jpg,
fOsO9WbyirGivrn9ihSymg,19.47217871983331,-99.11363569480747,,,,False,212.43846153846155,26,16,0.6153846153846154,0.715873122215271,90,-4,left_houses,/home/runner/work/sample_website/sample_website/.cache/gsv_estrella_fast/panoramas/rapid/z1_fOsO9WbyirGivrn9ihSymg.jpg,/home/runner/work/sample_website/sample_website/.cache/gsv_estrella_fast/best_views/rapid/fOsO9WbyirGivrn9ihSymg.jpg,
ZAPikVg3fURcrRD-yTaIJg,19.47400306491345,-99.11394154640675,,,,False,212.35,25,16,0.64,0.5181046724319458,225,-4,full,/home/runner/work/sample_website/sample_website/.cache/gsv_estrella_fast/panoramas/rapid/z1_ZAPikVg3fURcrRD-yTaIJg.jpg,/home/runner/work/sample_website/sample_website/.cache/gsv_estrella_fast/best_views/rapid/ZAPikVg3fURcrRD-yTaIJg.jpg,
Hl_twl-KcqhkS_WSeN-ixQ,19.47815062883192,-99.12125726142104,,,,False,212.18913043478258,23,16,0.6956521739130435,0.6210981011390686,135,-4,left_houses,/home/runner/work/sample_website/sample_website/.cache/gsv_estrella_fast/panoramas/rapid/z1_Hl_twl-KcqhkS_WSeN-ixQ.jpg,/home/runner/work/sample_website/sample_website/.cache/gsv_estrella_fast/best_views/rapid/Hl_twl-KcqhkS_WSeN-ixQ.jpg,
GEPgydGOA-KDV5Fcsh_y-w,19.47629138677588,-99.12041383686355,,,,False,212.18913043478258,23,16,0.6956521739130435,0.7655647993087769,225,-4,left_houses,/home/runner/work/sample_website/sample_website/.cache/gsv_estrella_fast/panoramas/rapid/z1_GEPgydGOA-KDV5Fcsh_y-w.jpg,/home/runner/work/sample_website/sample_website/.cache/gsv_estrella_fast/best_views/rapid/GEPgydGOA-KDV5Fcsh_y-w.jpg,
Y3sxETevawGUPduWoW02wA,19.47511001151548,-99.1135126116075,,,,False,212.18913043478258,23,16,0.6956521739130435,0.6649299263954163,180,-4,street_depth,/home/runner/work/sample_website/sample_website/.cache/gsv_estrella_fast/panoramas/rapid/z1_Y3sxETevawGUPduWoW02wA.jpg,/home/runner/work/sample_website/sample_website/.cache/gsv_estrella_fast/best_views/rapid/Y3sxETevawGUPduWoW02wA.jpg,
WSk6tU8pHXVmkfoSNlNTLQ,19.47446674767083,-99.11444300036415,,,,False,211.90778380265604,26,16,0.6153846153846154,0.4823107421398163,135,-4,left_houses,/home/runner/work/sample_website/sample_website/.cache/gsv_estrella_fast/panoramas/rapid/z1_WSk6tU8pHXVmkfoSNlNTLQ.jpg,/home/runner/work/sample_website/sample_website/.cache/gsv_estrella_fast/best_views/rapid/WSk6tU8pHXVmkfoSNlNTLQ.jpg,
Vwo0440rECPyYET-oMvBtw,19.47787964581388,-99.11611546494827,,,,False,211.82935976331885,22,16,0.7272727272727273,0.49037259817123413,270,-4,left_houses,/home/runner/work/sample_website/sample_website/.cache/gsv_estrella_fast/panoramas/rapid/z1_Vwo0440rECPyYET-oMvBtw.jpg,/home/runner/work/sample_website/sample_website/.cache/gsv_estrella_fast/best_views/rapid/Vwo0440rECPyYET-oMvBtw.jpg,
vdVbri_S7e0Yqcpn7jruSA,19.47322913208496,-99.12133282391572,,,,False,211.74938265255517,28,16,0.5714285714285714,0.4706937074661255,270,-4,left_houses,/home/runner/work/sample_website/sample_website/.cache/gsv_estrella_fast/panoramas/rapid/z1_vdVbri_S7e0Yqcpn7jruSA.jpg,/home/runner/work/sample_website/sample_website/.cache/gsv_estrella_fast/best_views/rapid/vdVbri_S7e0Yqcpn7jruSA.jpg,
L1Z_lubXYVCEXcMJNUDkhQ,19.47558070830449,-99.1209187929786,,,,False,210.18848056711,29,16,0.5517241379310345,0.4153056740760803,225,-4,full,/home/runner/work/sample_website/sample_website/.cache/gsv_estrella_fast/panoramas/rapid/z1_L1Z_lubXYVCEXcMJNUDkhQ.jpg,/home/runner/work/sample_website/sample_website/.cache/gsv_estrella_fast/best_views/rapid/L1Z_lubXYVCEXcMJNUDkhQ.jpg,
rrn-fsxyqtEE68r9rE7QYA,19.47214535801858,-99.11926885373515,,,,False,208.89173100082965,27,16,0.5925925925925926,0.3786749839782715,270,-4,left_houses,/home/runner/work/sample_website/sample_website/.cache/gsv_estrella_fast/panoramas/rapid/z1_rrn-fsxyqtEE68r9rE7QYA.jpg,/home/runner/work/sample_website/sample_website/.cache/gsv_estrella_fast/best_views/rapid/rrn-fsxyqtEE68r9rE7QYA.jpg,
2b1b_wTQrCZizuTYtDbJIA,19.47659087664457,-99.11479992944363,,,,False,207.31091165555284,47,16,0.3404255319148936,0.24699492752552032,270,-4,left_houses,/home/runner/work/sample_website/sample_website/.cache/gsv_estrella_fast/panoramas/rapid/z1_2b1b_wTQrCZizuTYtDbJIA.jpg,/home/runner/work/sample_website/sample_website/.cache/gsv_estrella_fast/best_views/rapid/2b1b_wTQrCZizuTYtDbJIA.jpg,
JjhDcGHVGonnjBzrO-xF1A,19.47855858439215,-99.11972795943593,,,,False,206.13184182503645,34,16,0.47058823529411764,0.2618457078933716,315,-4,left_houses,/home/runner/work/sample_website/sample_website/.cache/gsv_estrella_fast/panoramas/rapid/z1_JjhDcGHVGonnjBzrO-xF1A.jpg,/home/runner/work/sample_website/sample_website/.cache/gsv_estrella_fast/best_views/rapid/JjhDcGHVGonnjBzrO-xF1A.jpg,
oAgIHgUl7RMh7OM9Ohdz0w,19.47481055820938,-99.11611402977611,,,,False,203.9809627416588,21,16,0.7619047619047619,0.23087336122989655,0,-4,left_houses,/home/runner/work/sample_website/sample_website/.cache/gsv_estrella_fast/panoramas/rapid/z1_oAgIHgUl7RMh7OM9Ohdz0w.jpg,/home/runner/work/sample_website/sample_website/.cache/gsv_estrella_fast/best_views/rapid/oAgIHgUl7RMh7OM9Ohdz0w.jpg,
Entu2PK21HWJ-ceaGLaMAw,19.47842660561516,-99.12228761918284,,,,False,203.18783859528344,29,16,0.5517241379310345,0.18195094168186188,90,-4,left_houses,/home/runner/work/sample_website/sample_website/.cache/gsv_estrella_fast/panoramas/rapid/z1_Entu2PK21HWJ-ceaGLaMAw.jpg,/home/runner/work/sample_website/sample_website/.cache/gsv_estrella_fast/best_views/rapid/Entu2PK21HWJ-ceaGLaMAw.jpg,
Frce0g3fsfJ8Hw78Wrv5Ww,19.47956912880221,-99.11771654218627,,,,False,201.56351351351353,37,15,0.40540540540540543,0.7037800550460815,45,-4,street_depth,/home/runner/work/sample_website/sample_website/.cache/gsv_estrella_fast/panoramas/rapid/z1_Frce0g3fsfJ8Hw78Wrv5Ww.jpg,/home/runner/work/sample_website/sample_website/.cache/gsv_estrella_fast/best_views/rapid/Frce0g3fsfJ8Hw78Wrv5Ww.jpg,
4zqfDej8hZHKd9eOvlXR6w,19.4709810788263,-99.1144919640507,,,,False,201.32142857142858,35,15,0.42857142857142855,0.6645446419715881,90,-4,full,/home/runner/work/sample_website/sample_website/.cache/gsv_estrella_fast/panoramas/rapid/z1_4zqfDej8hZHKd9eOvlXR6w.jpg,/home/runner/work/sample_website/sample_website/.cache/gsv_estrella_fast/best_views/rapid/4zqfDej8hZHKd9eOvlXR6w.jpg,
U8avh_QLHqBGWDNrlXps5Q,19.47908367917355,-99.11746496029896,,,,False,200.971875,32,15,0.46875,0.6908563375473022,225,-4,left_houses,/home/runner/work/sample_website/sample_website/.cache/gsv_estrella_fast/panoramas/rapid/z1_U8avh_QLHqBGWDNrlXps5Q.jpg,/home/runner/work/sample_website/sample_website/.cache/gsv_estrella_fast/best_views/rapid/U8avh_QLHqBGWDNrlXps5Q.jpg,
RxFEyanK2lZnTL5t-BD6Ug,19.47443325512078,-99.11742519692557,,,,False,200.971875,32,15,0.46875,0.5686226487159729,225,-4,left_houses,/home/runner/work/sample_website/sample_website/.cache/gsv_estrella_fast/panoramas/rapid/z1_RxFEyanK2lZnTL5t-BD6Ug.jpg,/home/runner/work/sample_website/sample_website/.cache/gsv_estrella_fast/best_views/rapid/RxFEyanK2lZnTL5t-BD6Ug.jpg,
_u5Mpx3V2fh4KMK9-E4s1A,19.47357104179765,-99.12391499350711,,,,False,200.85967741935485,31,15,0.4838709677419355,0.5654619932174683,135,-4,left_houses,/home/runner/work/sample_website/sample_website/.cache/gsv_estrella_fast/panoramas/rapid/z1__u5Mpx3V2fh4KMK9-E4s1A.jpg,/home/runner/work/sample_website/sample_website/.cache/gsv_estrella_fast/best_views/rapid/_u5Mpx3V2fh4KMK9-E4s1A.jpg,
AIkI2c_cfUK7kJW0GvgXSA,19.47587619768602,-99.12277072004878,,,,False,200.75,30,15,0.5,0.6654782891273499,135,-4,left_houses,/home/runner/work/sample_website/sample_website/.cache/gsv_estrella_fast/panoramas/rapid/z1_AIkI2c_cfUK7kJW0GvgXSA.jpg,/home/runner/work/sample_website/sample_website/.cache/gsv_estrella_fast/best_views/rapid/AIkI2c_cfUK7kJW0GvgXSA.jpg,
hVjltNsf7BtzV4eXQEvzRw,19.47519009458678,-99.11485294553577,,,,False,200.75,30,15,0.5,0.7362715005874634,0,-4,upper_full,/home/runner/work/sample_website/sample_website/.cache/gsv_estrella_fast/panoramas/rapid/z1_hVjltNsf7BtzV4eXQEvzRw.jpg,/home/runner/work/sample_website/sample_website/.cache/gsv_estrella_fast/best_views/rapid/hVjltNsf7BtzV4eXQEvzRw.jpg,
Z5DFF3trOmF8m24i7d7ieg,19.474371477026,-99.12399072737634,,,,False,200.7304314851761,32,15,0.46875,0.4919518828392029,0,-4,left_houses,/home/runner/work/sample_website/sample_website/.cache/gsv_estrella_fast/panoramas/rapid/z1_Z5DFF3trOmF8m24i7d7ieg.jpg,/home/runner/work/sample_website/sample_website/.cache/gsv_estrella_fast/best_views/rapid/Z5DFF3trOmF8m24i7d7ieg.jpg,
wimbRch-EVy7cfmgg6UCxQ,19.4785803811083,-99.11583256768913,,,,False,200.64310344827587,29,15,0.5172413793103449,0.6093297004699707,90,-4,upper_full,/home/runner/work/sample_website/sample_website/.cache/gsv_estrella_fast/panoramas/rapid/z1_wimbRch-EVy7cfmgg6UCxQ.jpg,/home/runner/work/sample_website/sample_website/.cache/gsv_estrella_fast/best_views/rapid/wimbRch-EVy7cfmgg6UCxQ.jpg,
IjZSa3o-796VT2VwvOtsUg,19.47750191962339,-99.1153274748966,,,,False,200.62125706286045,37,15,0.40540540540540543,0.46859145164489746,135,-4,left_houses,/home/runner/work/sample_website/sample_website/.cache/gsv_estrella_fast/panoramas/rapid/z1_IjZSa3o-796VT2VwvOtsUg.jpg,/home/runner/work/sample_website/sample_website/.cache/gsv_estrella_fast/best_views/rapid/IjZSa3o-796VT2VwvOtsUg.jpg,
g_rdU_d5gmE7Zy3DuJb89A,19.47516888704197,-99.12163558117567,,,,False,200.5392857142857,28,15,0.5357142857142857,0.7240903377532959,270,-4,street_depth,/home/runner/work/sample_website/sample_website/.cache/gsv_estrella_fast/panoramas/rapid/z1_g_rdU_d5gmE7Zy3DuJb89A.jpg,/home/runner/work/sample_website/sample_website/.cache/gsv_estrella_fast/best_views/rapid/g_rdU_d5gmE7Zy3DuJb89A.jpg,
E8y0TPYQTawt1KsHqIty1Q,19.47551004336927,-99.12354831426147,,,,False,200.25,25,15,0.6,0.5709766149520874,270,-4,street_depth,/home/runner/work/sample_website/sample_website/.cache/gsv_estrella_fast/panoramas/rapid/z1_E8y0TPYQTawt1KsHqIty1Q.jpg,/home/runner/work/sample_website/sample_website/.cache/gsv_estrella_fast/best_views/rapid/E8y0TPYQTawt1KsHqIty1Q.jpg,
RWY8yt-x5EGFAIDpG03dEw,19.47752920550641,-99.11625568983419,,,,False,200.1625,24,15,0.625,0.8312342166900635,225,-4,left_houses,/home/runner/work/sample_website/sample_website/.cache/gsv_estrella_fast/panoramas/rapid/z1_RWY8yt-x5EGFAIDpG03dEw.jpg,/home/runner/work/sample_website/sample_website/.cache/gsv_estrella_fast/best_views/rapid/RWY8yt-x5EGFAIDpG03dEw.jpg,
oc0XEVhkhzIlzoz86zPqWQ,19.47736233086388,-99.11631368779699,,,,False,200.1625,24,15,0.625,0.7353013157844543,0,-4,left_houses,/home/runner/work/sample_website/sample_website/.cache/gsv_estrella_fast/panoramas/rapid/z1_oc0XEVhkhzIlzoz86zPqWQ.jpg,/home/runner/work/sample_website/sample_website/.cache/gsv_estrella_fast/best_views/rapid/oc0XEVhkhzIlzoz86zPqWQ.jpg,
YVFCfg6amM_jQ9AYOr7dfA,19.47180906945646,-99.11617599546784,,,,False,200.1625,24,15,0.625,0.6023415327072144,180,-4,full,/home/runner/work/sample_website/sample_website/.cache/gsv_estrella_fast/panoramas/rapid/z1_YVFCfg6amM_jQ9AYOr7dfA.jpg,/home/runner/work/sample_website/sample_website/.cache/gsv_estrella_fast/best_views/rapid/YVFCfg6amM_jQ9AYOr7dfA.jpg,
xacFYQkbA85HYLbw1cfkmA,19.47333737634115,-99.11643120344907,,,,False,200.15006683402592,27,15,0.5555555555555556,0.49037259817123413,315,-4,left_houses,/home/runner/work/sample_website/sample_website/.cache/gsv_estrella_fast/panoramas/rapid/z1_xacFYQkbA85HYLbw1cfkmA.jpg,/home/runner/work/sample_website/sample_website/.cache/gsv_estrella_fast/best_views/rapid/xacFYQkbA85HYLbw1cfkmA.jpg,
q8vhEFWpDxNrabE8exNZ8Q,19.472566156521,-99.11818661409198,,,,False,200.08043478260868,23,15,0.6521739130434783,0.5678582191467285,315,-4,street_depth,/home/runner/work/sample_website/sample_website/.cache/gsv_estrella_fast/panoramas/rapid/z1_q8vhEFWpDxNrabE8exNZ8Q.jpg,/home/runner/work/sample_website/sample_website/.cache/gsv_estrella_fast/best_views/rapid/q8vhEFWpDxNrabE8exNZ8Q.jpg,
F0DkuVew3aIhPQdjyGjLFg,19.47400303022279,-99.1215103749527,,,,False,199.9772104024887,25,15,0.6,0.4909070134162903,135,-4,left_houses,/home/runner/work/sample_website/sample_website/.cache/gsv_estrella_fast/panoramas/rapid/z1_F0DkuVew3aIhPQdjyGjLFg.jpg,/home/runner/work/sample_website/sample_website/.cache/gsv_estrella_fast/best_views/rapid/F0DkuVew3aIhPQdjyGjLFg.jpg,
dc_-OVC9ql1rhOE1QoIdAw,19.47559984622634,-99.1222092696498,,,,False,198.7146525144577,24,15,0.625,0.4517384171485901,135,-4,full,/home/runner/work/sample_website/sample_website/.cache/gsv_estrella_fast/panoramas/rapid/z1_dc_-OVC9ql1rhOE1QoIdAw.jpg,/home/runner/work/sample_website/sample_website/.cache/gsv_estrella_fast/best_views/rapid/dc_-OVC9ql1rhOE1QoIdAw.jpg,
9wDokX514Fraqp5sgNHllw,19.4718289251517,-99.12288976492616,,,,False,197.61153123908574,27,15,0.5555555555555556,0.4057547450065613,270,-4,street_depth,/home/runner/work/sample_website/sample_website/.cache/gsv_estrella_fast/panoramas/rapid/z1_9wDokX514Fraqp5sgNHllw.jpg,/home/runner/work/sample_website/sample_website/.cache/gsv_estrella_fast/best_views/rapid/9wDokX514Fraqp5sgNHllw.jpg,
C56Z_GMCofsT-5UVIoh2eQ,19.47747053835974,-99.11768961106716,,,,False,196.96809611850315,27,15,0.5555555555555556,0.3843069076538086,135,-4,street_depth,/home/runner/work/sample_website/sample_website/.cache/gsv_estrella_fast/panoramas/rapid/z1_C56Z_GMCofsT-5UVIoh2eQ.jpg,/home/runner/work/sample_website/sample_website/.cache/gsv_estrella_fast/best_views/rapid/C56Z_GMCofsT-5UVIoh2eQ.jpg,
ptdWT4x1BFuphdGzqyn15w,19.47115069656324,-99.1216344836152,,,,False,195.88199022186214,29,15,0.5172413793103449,0.3412962257862091,90,-4,left_houses,/home/runner/work/sample_website/sample_website/.cache/gsv_estrella_fast/panoramas/rapid/z1_ptdWT4x1BFuphdGzqyn15w.jpg,/home/runner/work/sample_website/sample_website/.cache/gsv_estrella_fast/best_views/rapid/ptdWT4x1BFuphdGzqyn15w.jpg,
nBku1-qfrfQujBDWAX0t6Q,19.47479130534111,-99.11318582578839,,,,False,195.75821042611048,26,15,0.5769230769230769,0.3471967577934265,90,-4,upper_full,/home/runner/work/sample_website/sample_website/.cache/gsv_estrella_fast/panoramas/rapid/z1_nBku1-qfrfQujBDWAX0t6Q.jpg,/home/runner/work/sample_website/sample_website/.cache/gsv_estrella_fast/best_views/rapid/nBku1-qfrfQujBDWAX0t6Q.jpg,
XliK64McUTehUnSWU-Kzwg,19.47499003555902,-99.1166192119677,,,,False,189.49594594594595,37,14,0.3783783783783784,0.706684410572052,135,-4,full,/home/runner/work/sample_website/sample_website/.cache/gsv_estrella_fast/panoramas/rapid/z1_XliK64McUTehUnSWU-Kzwg.jpg,/home/runner/work/sample_website/sample_website/.cache/gsv_estrella_fast/best_views/rapid/XliK64McUTehUnSWU-Kzwg.jpg,
woUNqrHiCXlWQJjIghQO5g,19.47674143923112,-99.11977346490754,,,,False,189.32523170842066,36,14,0.3888888888888889,0.4984336495399475,0,-4,left_houses,/home/runner/work/sample_website/sample_website/.cache/gsv_estrella_fast/panoramas/rapid/z1_woUNqrHiCXlWQJjIghQO5g.jpg,/home/runner/work/sample_website/sample_website/.cache/gsv_estrella_fast/best_views/rapid/woUNqrHiCXlWQJjIghQO5g.jpg,
hcRQDvX6jU6Iay4I_aPKGA,19.47345381468488,-99.12203788031422,,,,False,189.12941176470588,34,14,0.4117647058823529,0.5896415710449219,225,-4,full,/home/runner/work/sample_website/sample_website/.cache/gsv_estrella_fast/panoramas/rapid/z1_hcRQDvX6jU6Iay4I_aPKGA.jpg,/home/runner/work/sample_website/sample_website/.cache/gsv_estrella_fast/best_views/rapid/hcRQDvX6jU6Iay4I_aPKGA.jpg,
mhOLstazGYhYJb-5ndzP6Q,19.47404870971873,-99.1241208344475,,,,False,188.89375,32,14,0.4375,0.8264306783676147,135,-4,left_houses,/home/runner/work/sample_website/sample_website/.cache/gsv_estrella_fast/panoramas/rapid/z1_mhOLstazGYhYJb-5ndzP6Q.jpg,/home/runner/work/sample_website/sample_website/.cache/gsv_estrella_fast/best_views/rapid/mhOLstazGYhYJb-5ndzP6Q.jpg,
Rq6bsUxwJGA7hVlhI5qOcg,19.47742750503207,-99.1231987758613,,,,False,188.77903225806452,31,14,0.45161290322580644,0.6644988059997559,180,-4,street_depth,/home/runner/work/sample_website/sample_website/.cache/gsv_estrella_fast/panoramas/rapid/z1_Rq6bsUxwJGA7hVlhI5qOcg.jpg,/home/runner/work/sample_website/sample_website/.cache/gsv_estrella_fast/best_views/rapid/Rq6bsUxwJGA7hVlhI5qOcg.jpg,
RGslLvyT7f2ynLeXiXlxLg,19.46979802159688,-99.12071329799645,,,,False,188.77903225806452,31,14,0.45161290322580644,0.6017513275146484,180,-4,left_houses,/home/runner/work/sample_website/sample_website/.cache/gsv_estrella_fast/panoramas/rapid/z1_RGslLvyT7f2ynLeXiXlxLg.jpg,/home/runner/work/sample_website/sample_website/.cache/gsv_estrella_fast/best_views/rapid/RGslLvyT7f2ynLeXiXlxLg.jpg,
EJZwPvPyax4dT54WyYjyaA,19.47100081120313,-99.12053237166883,,,,False,188.77903225806452,31,14,0.45161290322580644,0.8822430968284607,180,-4,street_depth,/home/runner/work/sample_website/sample_website/.cache/gsv_estrella_fast/panoramas/rapid/z1_EJZwPvPyax4dT54WyYjyaA.jpg,/home/runner/work/sample_website/sample_website/.cache/gsv_estrella_fast/best_views/rapid/EJZwPvPyax4dT54WyYjyaA.jpg,
2AYnq2kfcb3O_Wz4jwMcqA,19.47628736074768,-99.12364025831212,,,,False,188.55689655172412,29,14,0.4827586206896552,0.5601934194564819,225,-4,upper_full,/home/runner/work/sample_website/sample_website/.cache/gsv_estrella_fast/panoramas/rapid/z1_2AYnq2kfcb3O_Wz4jwMcqA.jpg,/home/runner/work/sample_website/sample_website/.cache/gsv_estrella_fast/best_views/rapid/2AYnq2kfcb3O_Wz4jwMcqA.jpg,
-LSkiIVt4YuyPYuOe3zF9w,19.47037075267133,-99.12101537749139,,,,False,188.45,28,14,0.5,0.6455428004264832,180,-4,left_houses,/home/runner/work/sample_website/sample_website/.cache/gsv_estrella_fast/panoramas/rapid/z1_-LSkiIVt4YuyPYuOe3zF9w.jpg,/home/runner/work/sample_website/sample_website/.cache/gsv_estrella_fast/best_views/rapid/-LSkiIVt4YuyPYuOe3zF9w.jpg,
xsfC6SlgaFV3REwrURzOKw,19.4725991528528,-99.1158687845607,,,,False,188.37812501963447,34,14,0.4117647058823529,0.47495710849761963,315,-4,street_depth,/home/runner/work/sample_website/sample_website/.cache/gsv_estrella_fast/panoramas/rapid/z1_xsfC6SlgaFV3REwrURzOKw.jpg,/home/runner/work/sample_website/sample_website/.cache/gsv_estrella_fast/best_views/rapid/xsfC6SlgaFV3REwrURzOKw.jpg,
M8sXooipU_p9WlkoqGPAPQ,19.47786949211313,-99.11497417354752,,,,False,188.34629629629632,27,14,0.5185185185185185,0.6432456374168396,45,-4,street_depth,/home/runner/work/sample_website/sample_website/.cache/gsv_estrella_fast/panoramas/rapid/z1_M8sXooipU_p9WlkoqGPAPQ.jpg,/home/runner/work/sample_website/sample_website/.cache/gsv_estrella_fast/best_views/rapid/M8sXooipU_p9WlkoqGPAPQ.jpg,
9e1exjz6qPiL_YlN_4xKuQ,19.47445921885958,-99.11285684642772,,,,False,188.34629629629632,27,14,0.5185185185185185,0.8964337706565857,0,-4,left_houses,/home/runner/work/sample_website/sample_website/.cache/gsv_estrella_fast/panoramas/rapid/z1_9e1exjz6qPiL_YlN_4xKuQ.jpg,/home/runner/work/sample_website/sample_website/.cache/gsv_estrella_fast/best_views/rapid/9e1exjz6qPiL_YlN_4xKuQ.jpg,
8XkX4dNZnJHayHjR8xloAQ,19.47780516349119,-99.1156522433703,,,,False,188.15,25,14,0.56,0.5773427486419678,315,-4,full,/home/runner/work/sample_website/sample_website/.cache/gsv_estrella_fast/panoramas/rapid/z1_8XkX4dNZnJHayHjR8xloAQ.jpg,/home/runner/work/sample_website/sample_website/.cache/gsv_estrella_fast/best_views/rapid/8XkX4dNZnJHayHjR8xloAQ.jpg,
PDgpYYWUsbnqq0eZpqDGRg,19.47369356195967,-99.11451847199008,,,,False,188.15,25,14,0.56,0.5872877240180969,225,-4,upper_full,/home/runner/work/sample_website/sample_website/.cache/gsv_estrella_fast/panoramas/rapid/z1_PDgpYYWUsbnqq0eZpqDGRg.jpg,/home/runner/work/sample_website/sample_website/.cache/gsv_estrella_fast/best_views/rapid/PDgpYYWUsbnqq0eZpqDGRg.jpg,
rAUpr5FHEY7VIaXF54bsNQ,19.47366287410158,-99.12387733767467,,,,False,187.97173913043477,23,14,0.6086956521739131,0.7227957844734192,45,-4,left_houses,/home/runner/work/sample_website/sample_website/.cache/gsv_estrella_fast/panoramas/rapid/z1_rAUpr5FHEY7VIaXF54bsNQ.jpg,/home/runner/work/sample_website/sample_website/.cache/gsv_estrella_fast/best_views/rapid/rAUpr5FHEY7VIaXF54bsNQ.jpg,
NWAi1Esw3NUPd_dr1X4B_A,19.47036040129133,-99.11533844963499,,,,False,187.8909090909091,22,14,0.6363636363636364,0.7731625437736511,90,-4,street_depth,/home/runner/work/sample_website/sample_website/.cache/gsv_estrella_fast/panoramas/rapid/z1_NWAi1Esw3NUPd_dr1X4B_A.jpg,/home/runner/work/sample_website/sample_website/.cache/gsv_estrella_fast/best_views/rapid/NWAi1Esw3NUPd_dr1X4B_A.jpg,
OFLv59tIoqM7NVc8F5BsIw,19.47630806418482,-99.12207739269986,,,,False,187.81666666666666,21,14,0.6666666666666666,0.6747022271156311,270,-4,upper_full,/home/runner/work/sample_website/sample_website/.cache/gsv_estrella_fast/panoramas/rapid/z1_OFLv59tIoqM7NVc8F5BsIw.jpg,/home/runner/work/sample_website/sample_website/.cache/gsv_estrella_fast/best_views/rapid/OFLv59tIoqM7NVc8F5BsIw.jpg,
PFGuaHOBtFIwAZQDwTZq6w,19.47626407083758,-99.12312000328808,,,,False,187.81666666666666,21,14,0.6666666666666666,0.605831503868103,270,-4,full,/home/runner/work/sample_website/sample_website/.cache/gsv_estrella_fast/panoramas/rapid/z1_PFGuaHOBtFIwAZQDwTZq6w.jpg,/home/runner/work/sample_website/sample_website/.cache/gsv_estrella_fast/best_views/rapid/PFGuaHOBtFIwAZQDwTZq6w.jpg,
_kJMterUN6utCQzCZlc3mg,19.47467998643087,-99.11574291200779,,,,False,186.22566099441968,26,14,0.5384615384615384,0.43265023827552795,180,-4,full,/home/runner/work/sample_website/sample_website/.cache/gsv_estrella_fast/panoramas/rapid/z1__kJMterUN6utCQzCZlc3mg.jpg,/home/runner/work/sample_website/sample_website/.cache/gsv_estrella_fast/best_views/rapid/_kJMterUN6utCQzCZlc3mg.jpg,
lrhewz1J5GB18gkkJ5G1CA,19.47787230604252,-99.11979921476845,,,,False,185.54362626075743,28,14,0.5,0.40312087535858154,135,-4,full,/home/runner/work/sample_website/sample_website/.cache/gsv_estrella_fast/panoramas/rapid/z1_lrhewz1J5GB18gkkJ5G1CA.jpg,/home/runner/work/sample_website/sample_website/.cache/gsv_estrella_fast/best_views/rapid/lrhewz1J5GB18gkkJ5G1CA.jpg,
DEs-92mwLMkpJRZIJZVKhg,19.47298093093421,-99.12373287790813,,,,False,185.40655576785406,24,14,0.5833333333333334,0.41160741448402405,0,-4,full,/home/runner/work/sample_website/sample_website/.cache/gsv_estrella_fast/panoramas/rapid/z1_DEs-92mwLMkpJRZIJZVKhg.jpg,/home/runner/work/sample_website/sample_website/.cache/gsv_estrella_fast/best_views/rapid/DEs-92mwLMkpJRZIJZVKhg.jpg,
dYH7iTCL33coAg2z5UgFhg,19.4751819337063,-99.11995312312662,,,,False,182.4147131919861,32,14,0.4375,0.28403210639953613,315,-4,left_houses,/home/runner/work/sample_website/sample_website/.cache/gsv_estrella_fast/panoramas/rapid/z1_dYH7iTCL33coAg2z5UgFhg.jpg,/home/runner/work/sample_website/sample_website/.cache/gsv_estrella_fast/best_views/rapid/dYH7iTCL33coAg2z5UgFhg.jpg,
UTgMf91HQDde4ICCnOVUpw,19.47323004608042,-99.11515517170163,,,,False,181.7676762201168,27,14,0.5185185185185185,0.28071266412734985,315,-4,left_houses,/home/runner/work/sample_website/sample_website/.cache/gsv_estrella_fast/panoramas/rapid/z1_UTgMf91HQDde4ICCnOVUpw.jpg,/home/runner/work/sample_website/sample_website/.cache/gsv_estrella_fast/best_views/rapid/UTgMf91HQDde4ICCnOVUpw.jpg,
tli2VEtjS0jCdvoaMxhr4w,19.47628813330467,-99.11446697568277,,,,False,179.4924918567812,37,14,0.3783783783783784,0.16655153036117554,270,-4,left_houses,/home/runner/work/sample_website/sample_website/.cache/gsv_estrella_fast/panoramas/rapid/z1_tli2VEtjS0jCdvoaMxhr4w.jpg,/home/runner/work/sample_website/sample_website/.cache/gsv_estrella_fast/best_views/rapid/tli2VEtjS0jCdvoaMxhr4w.jpg,
lW9hsqVOn5onvLVAkd6J0Q,19.47552799010185,-99.11609908710288,,,,False,177.8125,40,13,0.325,0.5251336693763733,225,-4,left_houses,/home/runner/work/sample_website/sample_website/.cache/gsv_estrella_fast/panoramas/rapid/z1_lW9hsqVOn5onvLVAkd6J0Q.jpg,/home/runner/work/sample_website/sample_website/.cache/gsv_estrella_fast/best_views/rapid/lW9hsqVOn5onvLVAkd6J0Q.jpg,
08TWV4GM44RKEH2mTCoeww,19.47438208485049,-99.11609326199374,,,,False,177.17857142857142,35,13,0.37142857142857144,0.6006125807762146,45,-4,upper_full,/home/runner/work/sample_website/sample_website/.cache/gsv_estrella_fast/panoramas/rapid/z1_08TWV4GM44RKEH2mTCoeww.jpg,/home/runner/work/sample_website/sample_website/.cache/gsv_estrella_fast/best_views/rapid/08TWV4GM44RKEH2mTCoeww.jpg,
-vkYQBitI15cD_9wSNpqNA,19.46962207955406,-99.12023806121549,,,,False,176.815625,32,13,0.40625,0.529792308807373,135,-4,left_houses,/home/runner/work/sample_website/sample_website/.cache/gsv_estrella_fast/panoramas/rapid/z1_-vkYQBitI15cD_9wSNpqNA.jpg,/home/runner/work/sample_website/sample_website/.cache/gsv_estrella_fast/best_views/rapid/-vkYQBitI15cD_9wSNpqNA.jpg,
TbyocvqW7DzRa-Os2JwgBg,19.47668111759472,-99.11812785495243,,,,False,176.4706896551724,29,13,0.4482758620689655,0.5985903143882751,90,-4,full,/home/runner/work/sample_website/sample_website/.cache/gsv_estrella_fast/panoramas/rapid/z1_TbyocvqW7DzRa-Os2JwgBg.jpg,/home/runner/work/sample_website/sample_website/.cache/gsv_estrella_fast/best_views/rapid/TbyocvqW7DzRa-Os2JwgBg.jpg,
BdK_f0lXLraRGSPEeooK-Q,19.47404168602939,-99.11816331304873,,,,False,176.36071428571427,28,13,0.4642857142857143,0.7272005677223206,270,-4,left_houses,/home/runner/work/sample_website/sample_website/.cache/gsv_estrella_fast/panoramas/rapid/z1_BdK_f0lXLraRGSPEeooK-Q.jpg,/home/runner/work/sample_website/sample_website/.cache/gsv_estrella_fast/best_views/rapid/BdK_f0lXLraRGSPEeooK-Q.jpg,
YlPTA-OZW39ypP14wY7HkA,19.4747411148608,-99.11684715284007,,,,False,176.2537037037037,27,13,0.48148148148148145,0.6302138566970825,45,-4,full,/home/runner/work/sample_website/sample_website/.cache/gsv_estrella_fast/panoramas/rapid/z1_YlPTA-OZW39ypP14wY7HkA.jpg,/home/runner/work/sample_website/sample_website/.cache/gsv_estrella_fast/best_views/rapid/YlPTA-OZW39ypP14wY7HkA.jpg,
PetttUUqeFmj9kFZgNRCHw,19.473255091215,-99.11469060496992,,,,False,176.2537037037037,27,13,0.48148148148148145,0.6695536971092224,90,-4,full,/home/runner/work/sample_website/sample_website/.cache/gsv_estrella_fast/panoramas/rapid/z1_PetttUUqeFmj9kFZgNRCHw.jpg,/home/runner/work/sample_website/sample_website/.cache/gsv_estrella_fast/best_views/rapid/PetttUUqeFmj9kFZgNRCHw.jpg,
NeQeC-Vk0Vzyri0jD13KhA,19.47326489463992,-99.12362320348481,,,,False,176.15,26,13,0.5,0.7655647993087769,225,-4,left_houses,/home/runner/work/sample_website/sample_website/.cache/gsv_estrella_fast/panoramas/rapid/z1_NeQeC-Vk0Vzyri0jD13KhA.jpg,/home/runner/work/sample_website/sample_website/.cache/gsv_estrella_fast/best_views/rapid/NeQeC-Vk0Vzyri0jD13KhA.jpg,
ONVewyNv3rZ-8bVlRXbGLw,19.46951764063433,-99.11886943898803,,,,False,176.15,26,13,0.5,0.8486863374710083,315,-4,left_houses,/home/runner/work/sample_website/sample_website/.cache/gsv_estrella_fast/panoramas/rapid/z1_ONVewyNv3rZ-8bVlRXbGLw.jpg,/home/runner/work/sample_website/sample_website/.cache/gsv_estrella_fast/best_views/rapid/ONVewyNv3rZ-8bVlRXbGLw.jpg,
-MndnVYyUpjfQ85SXmOhjg,19.47238485114129,-99.11891224237517,,,,False,175.95416666666665,24,13,0.5416666666666666,0.6368629336357117,225,-4,left_houses,/home/runner/work/sample_website/sample_website/.cache/gsv_estrella_fast/panoramas/rapid/z1_-MndnVYyUpjfQ85SXmOhjg.jpg,/home/runner/work/sample_website/sample_website/.cache/gsv_estrella_fast/best_views/rapid/-MndnVYyUpjfQ85SXmOhjg.jpg,
-cgJYNPZqzhdjd58Suid2w,19.4755178935409,-99.11808209714668,,,,False,175.95416666666665,24,13,0.5416666666666666,0.5178388953208923,45,-4,left_houses,/home/runner/work/sample_website/sample_website/.cache/gsv_estrella_fast/panoramas/rapid/z1_-cgJYNPZqzhdjd58Suid2w.jpg,/home/runner/work/sample_website/sample_website/.cache/gsv_estrella_fast/best_views/rapid/-cgJYNPZqzhdjd58Suid2w.jpg,
NJs7lqWCUYWp_QiKtDNJNQ,19.47592378868678,-99.11327606952979,,,,False,175.95416666666665,24,13,0.5416666666666666,0.5324867367744446,270,-4,right_depth,/home/runner/work/sample_website/sample_website/.cache/gsv_estrella_fast/panoramas/rapid/z1_NJs7lqWCUYWp_QiKtDNJNQ.jpg,/home/runner/work/sample_website/sample_website/.cache/gsv_estrella_fast/best_views/rapid/NJs7lqWCUYWp_QiKtDNJNQ.jpg,
mgfLODf_HJ6TXWBqNAV8Uw,19.47740284091551,-99.1144620793143,,,,False,175.86304347826086,23,13,0.5652173913043478,0.627793550491333,315,-4,upper_full,/home/runner/work/sample_website/sample_website/.cache/gsv_estrella_fast/panoramas/rapid/z1_mgfLODf_HJ6TXWBqNAV8Uw.jpg,/home/runner/work/sample_website/sample_website/.cache/gsv_estrella_fast/best_views/rapid/mgfLODf_HJ6TXWBqNAV8Uw.jpg,
DKbl1sY8O3kQNM27x33cew,19.47761397075235,-99.11479266928089,,,,False,175.77727272727273,22,13,0.5909090909090909,0.5736936926841736,270,-4,street_depth,/home/runner/work/sample_website/sample_website/.cache/gsv_estrella_fast/panoramas/rapid/z1_DKbl1sY8O3kQNM27x33cew.jpg,/home/runner/work/sample_website/sample_website/.cache/gsv_estrella_fast/best_views/rapid/DKbl1sY8O3kQNM27x33cew.jpg,
IsUE_w7GkTJaPXlWNwMFHg,19.47525556739347,-99.11560901962407,,,,False,175.77727272727273,22,13,0.5909090909090909,0.8213666677474976,0,-4,left_houses,/home/runner/work/sample_website/sample_website/.cache/gsv_estrella_fast/panoramas/rapid/z1_IsUE_w7GkTJaPXlWNwMFHg.jpg,/home/runner/work/sample_website/sample_website/.cache/gsv_estrella_fast/best_views/rapid/IsUE_w7GkTJaPXlWNwMFHg.jpg,
y-BWdKW0xZf_aZx0NC8IFw,19.46987032941515,-99.11777513217585,,,,False,175.69761904761904,21,13,0.6190476190476191,0.8302587270736694,45,-4,left_houses,/home/runner/work/sample_website/sample_website/.cache/gsv_estrella_fast/panoramas/rapid/z1_y-BWdKW0xZf_aZx0NC8IFw.jpg,/home/runner/work/sample_website/sample_website/.cache/gsv_estrella_fast/best_views/rapid/y-BWdKW0xZf_aZx0NC8IFw.jpg,
5H0Qg8XQ7aNgRZV8PsEW0g,19.47759078465121,-99.12146242009258,,,,False,175.625,20,13,0.65,0.5013710260391235,90,-4,left_houses,/home/runner/work/sample_website/sample_website/.cache/gsv_estrella_fast/panoramas/rapid/z1_5H0Qg8XQ7aNgRZV8PsEW0g.jpg,/home/runner/work/sample_website/sample_website/.cache/gsv_estrella_fast/best_views/rapid/5H0Qg8XQ7aNgRZV8PsEW0g.jpg,
DwVOsyFoA3jvdvLGq-viSQ,19.47701412000758,-99.11924048686413,,,,False,175.50555555555553,18,13,0.7222222222222222,0.55870521068573,180,-4,upper_full,/home/runner/work/sample_website/sample_website/.cache/gsv_estrella_fast/panoramas/rapid/z1_DwVOsyFoA3jvdvLGq-viSQ.jpg,/home/runner/work/sample_website/sample_website/.cache/gsv_estrella_fast/best_views/rapid/DwVOsyFoA3jvdvLGq-viSQ.jpg,
B_zZCTVt3QdpRlcmMHGJVQ,19.47062749691806,-99.11769965747104,,,,False,174.20404328738942,34,13,0.38235294117647056,0.4049386978149414,135,-4,left_houses,/home/runner/work/sample_website/sample_website/.cache/gsv_estrella_fast/panoramas/rapid/z1_B_zZCTVt3QdpRlcmMHGJVQ.jpg,/home/runner/work/sample_website/sample_website/.cache/gsv_estrella_fast/best_views/rapid/B_zZCTVt3QdpRlcmMHGJVQ.jpg,
k6A6YtobqRThQXsH4yhTWw,19.47748673526336,-99.11730438730748,,,,False,174.1853232940038,39,13,0.3333333333333333,0.3833996653556824,90,-4,left_houses,/home/runner/work/sample_website/sample_website/.cache/gsv_estrella_fast/panoramas/rapid/z1_k6A6YtobqRThQXsH4yhTWw.jpg,/home/runner/work/sample_website/sample_website/.cache/gsv_estrella_fast/best_views/rapid/k6A6YtobqRThQXsH4yhTWw.jpg,
fn0yqOcm887WIo3blIW4jw,19.4783397150688,-99.12004995974975,,,,False,174.03494460428917,31,13,0.41935483870967744,0.4112185835838318,270,-4,left_houses,/home/runner/work/sample_website/sample_website/.cache/gsv_estrella_fast/panoramas/rapid/z1_fn0yqOcm887WIo3blIW4jw.jpg,/home/runner/work/sample_website/sample_website/.cache/gsv_estrella_fast/best_views/rapid/fn0yqOcm887WIo3blIW4jw.jpg,
TtDu9zoa_N6V4ib386L07A,19.47601333776123,-99.1156519901061,,,,False,173.51531667555534,31,13,0.41935483870967744,0.3938976526260376,270,-4,street_depth,/home/runner/work/sample_website/sample_website/.cache/gsv_estrella_fast/panoramas/rapid/z1_TtDu9zoa_N6V4ib386L07A.jpg,/home/runner/work/sample_website/sample_website/.cache/gsv_estrella_fast/best_views/rapid/TtDu9zoa_N6V4ib386L07A.jpg,
P3r66g1iJY5qbUWDpj5LuQ,19.47856129260333,-99.12172169750497,,,,False,173.34979604482652,25,13,0.52,0.4099932014942169,315,-4,street_depth,/home/runner/work/sample_website/sample_website/.cache/gsv_estrella_fast/panoramas/rapid/z1_P3r66g1iJY5qbUWDpj5LuQ.jpg,/home/runner/work/sample_website/sample_website/.cache/gsv_estrella_fast/best_views/rapid/P3r66g1iJY5qbUWDpj5LuQ.jpg,
sXkmBnkzhqGbhhM1UXQ5Vw,19.47519517030692,-99.1177103792648,,,,False,172.6970215678215,26,13,0.5,0.3849007189273834,180,-4,left_houses,/home/runner/work/sample_website/sample_website/.cache/gsv_estrella_fast/panoramas/rapid/z1_sXkmBnkzhqGbhhM1UXQ5Vw.jpg,/home/runner/work/sample_website/sample_website/.cache/gsv_estrella_fast/best_views/rapid/sXkmBnkzhqGbhhM1UXQ5Vw.jpg,
As3Kl108AaCE2KpHbQ6dlg,19.47409914383196,-99.12329629185535,,,,False,172.54109313488007,26,13,0.5,0.3797031044960022,180,-4,street_depth,/home/runner/work/sample_website/sample_website/.cache/gsv_estrella_fast/panoramas/rapid/z1_As3Kl108AaCE2KpHbQ6dlg.jpg,/home/runner/work/sample_website/sample_website/.cache/gsv_estrella_fast/best_views/rapid/As3Kl108AaCE2KpHbQ6dlg.jpg,
hK0nsuMYvRE4wwIMDki4QQ,19.48000842976701,-99.11914998310488,,,,False,171.5791970758211,21,13,0.6190476190476191,0.36271926760673523,270,-4,left_houses,/home/runner/work/sample_website/sample_website/.cache/gsv_estrella_fast/panoramas/rapid/z1_hK0nsuMYvRE4wwIMDki4QQ.jpg,/home/runner/work/sample_website/sample_website/.cache/gsv_estrella_fast/best_views/rapid/hK0nsuMYvRE4wwIMDki4QQ.jpg,
21hoZN2ZGC1kkspgb7YQxw,19.47558008867989,-99.1142368466892,,,,False,171.25232111215593,25,13,0.52,0.34007737040519714,180,-4,upper_full,/home/runner/work/sample_website/sample_website/.cache/gsv_estrella_fast/panoramas/rapid/z1_21hoZN2ZGC1kkspgb7YQxw.jpg,/home/runner/work/sample_website/sample_website/.cache/gsv_estrella_fast/best_views/rapid/21hoZN2ZGC1kkspgb7YQxw.jpg,
jjj1IDU5AB07LTz6Sc5Sjg,19.47707641171668,-99.12010905800813,,,,False,170.589250433445,25,13,0.52,0.3179750144481659,0,-4,full,/home/runner/work/sample_website/sample_website/.cache/gsv_estrella_fast/panoramas/rapid/z1_jjj1IDU5AB07LTz6Sc5Sjg.jpg,/home/runner/work/sample_website/sample_website/.cache/gsv_estrella_fast/best_views/rapid/jjj1IDU5AB07LTz6Sc5Sjg.jpg,
EW0Iuv_98hGYNDsuMpJGlw,19.47894556315188,-99.12095045309886,,,,False,170.404048371315,25,13,0.52,0.31180161237716675,90,-4,full,/home/runner/work/sample_website/sample_website/.cache/gsv_estrella_fast/panoramas/rapid/z1_EW0Iuv_98hGYNDsuMpJGlw.jpg,/home/runner/work/sample_website/sample_website/.cache/gsv_estrella_fast/best_views/rapid/EW0Iuv_98hGYNDsuMpJGlw.jpg,
EPpPlnT6hKorN82ClNEgoA,19.47197179124537,-99.11772844591266,,,,False,167.40853491507727,29,13,0.4482758620689655,0.19792817533016205,180,-4,left_houses,/home/runner/work/sample_website/sample_website/.cache/gsv_estrella_fast/panoramas/rapid/z1_EPpPlnT6hKorN82ClNEgoA.jpg,/home/runner/work/sample_website/sample_website/.cache/gsv_estrella_fast/best_views/rapid/EPpPlnT6hKorN82ClNEgoA.jpg,
0fqX9FkfgL7UpZlK74z0QA,19.47785428500456,-99.12250654236948,,,,False,165.5388874919518,23,13,0.5652173913043478,0.15586146712303162,45,-4,full,/home/runner/work/sample_website/sample_website/.cache/gsv_estrella_fast/panoramas/rapid/z1_0fqX9FkfgL7UpZlK74z0QA.jpg,/home/runner/work/sample_website/sample_website/.cache/gsv_estrella_fast/best_views/rapid/0fqX9FkfgL7UpZlK74z0QA.jpg,
phWmM79mGl1JhRRDfzQ-YA,19.47324299339573,-99.11561712407472,,,,False,164.7375,32,12,0.375,0.5847920775413513,270,-4,street_depth,/home/runner/work/sample_website/sample_website/.cache/gsv_estrella_fast/panoramas/rapid/z1_phWmM79mGl1JhRRDfzQ-YA.jpg,/home/runner/work/sample_website/sample_website/.cache/gsv_estrella_fast/best_views/rapid/phWmM79mGl1JhRRDfzQ-YA.jpg,
bWtNSzGa_6XK0F1xuAmaDQ,19.46962662682118,-99.11727914478983,,,,False,164.7375,32,12,0.375,0.677919328212738,315,-4,full,/home/runner/work/sample_website/sample_website/.cache/gsv_estrella_fast/panoramas/rapid/z1_bWtNSzGa_6XK0F1xuAmaDQ.jpg,/home/runner/work/sample_website/sample_website/.cache/gsv_estrella_fast/best_views/rapid/bWtNSzGa_6XK0F1xuAmaDQ.jpg,
OXJXLnwLIHVxbmQ7rSRC1w,19.47208603214758,-99.11560235033718,,,,False,164.7375,32,12,0.375,0.6443424820899963,315,-4,left_houses,/home/runner/work/sample_website/sample_website/.cache/gsv_estrella_fast/panoramas/rapid/z1_OXJXLnwLIHVxbmQ7rSRC1w.jpg,/home/runner/work/sample_website/sample_website/.cache/gsv_estrella_fast/best_views/rapid/OXJXLnwLIHVxbmQ7rSRC1w.jpg,
BnSNYri4WZfM8pqfm93Z7A,19.47967552712385,-99.11637236117924,,,,False,164.27142857142857,28,12,0.42857142857142855,0.7525284290313721,0,-4,street_depth,/home/runner/work/sample_website/sample_website/.cache/gsv_estrella_fast/panoramas/rapid/z1_BnSNYri4WZfM8pqfm93Z7A.jpg,/home/runner/work/sample_website/sample_website/.cache/gsv_estrella_fast/best_views/rapid/BnSNYri4WZfM8pqfm93Z7A.jpg,
0pkUk1Vis_RaUTsg41pamA,19.47480982454154,-99.1230229096552,,,,False,164.05384615384617,26,12,0.46153846153846156,0.752021074295044,45,-4,left_houses,/home/runner/work/sample_website/sample_website/.cache/gsv_estrella_fast/panoramas/rapid/z1_0pkUk1Vis_RaUTsg41pamA.jpg,/home/runner/work/sample_website/sample_website/.cache/gsv_estrella_fast/best_views/rapid/0pkUk1Vis_RaUTsg41pamA.jpg,
cn2Fwofmg2bzBigeB9z9ZQ,19.47914568966264,-99.12059358094983,,,,False,163.95,25,12,0.48,0.8425822257995605,0,-4,left_houses,/home/runner/work/sample_website/sample_website/.cache/gsv_estrella_fast/panoramas/rapid/z1_cn2Fwofmg2bzBigeB9z9ZQ.jpg,/home/runner/work/sample_website/sample_website/.cache/gsv_estrella_fast/best_views/rapid/cn2Fwofmg2bzBigeB9z9ZQ.jpg,
Zj_Z8GCNQyGWajahYvRtrg,19.47334240611581,-99.11465692124334,,,,False,163.95,25,12,0.48,0.7237486243247986,0,-4,left_houses,/home/runner/work/sample_website/sample_website/.cache/gsv_estrella_fast/panoramas/rapid/z1_Zj_Z8GCNQyGWajahYvRtrg.jpg,/home/runner/work/sample_website/sample_website/.cache/gsv_estrella_fast/best_views/rapid/Zj_Z8GCNQyGWajahYvRtrg.jpg,
vYr1B9rQn-dNlH8ojZAW4Q,19.47630799917123,-99.11931469664623,,,,False,163.85,24,12,0.5,0.6530348062515259,135,-4,full,/home/runner/work/sample_website/sample_website/.cache/gsv_estrella_fast/panoramas/rapid/z1_vYr1B9rQn-dNlH8ojZAW4Q.jpg,/home/runner/work/sample_website/sample_website/.cache/gsv_estrella_fast/best_views/rapid/vYr1B9rQn-dNlH8ojZAW4Q.jpg,
sj8hnyAoUoKI1Neu1AD2PA,19.47590566844081,-99.12009833589228,,,,False,163.85,24,12,0.5,0.5102536678314209,90,-4,left_houses,/home/runner/work/sample_website/sample_website/.cache/gsv_estrella_fast/panoramas/rapid/z1_sj8hnyAoUoKI1Neu1AD2PA.jpg,/home/runner/work/sample_website/sample_website/.cache/gsv_estrella_fast/best_views/rapid/sj8hnyAoUoKI1Neu1AD2PA.jpg,
Uwhf2Zt3oTJ10b4f2V1VOQ,19.4716043485909,-99.12135393077058,,,,False,163.66363636363639,22,12,0.5454545454545454,0.5197698473930359,315,-4,upper_full,/home/runner/work/sample_website/sample_website/.cache/gsv_estrella_fast/panoramas/rapid/z1_Uwhf2Zt3oTJ10b4f2V1VOQ.jpg,/home/runner/work/sample_website/sample_website/.cache/gsv_estrella_fast/best_views/rapid/Uwhf2Zt3oTJ10b4f2V1VOQ.jpg,
Z0AQCSk19smY7LNy0ywq9Q,19.47982613181921,-99.11845854452366,,,,False,163.66363636363639,22,12,0.5454545454545454,0.8190630078315735,270,-4,left_houses,/home/runner/work/sample_website/sample_website/.cache/gsv_estrella_fast/panoramas/rapid/z1_Z0AQCSk19smY7LNy0ywq9Q.jpg,/home/runner/work/sample_website/sample_website/.cache/gsv_estrella_fast/best_views/rapid/Z0AQCSk19smY7LNy0ywq9Q.jpg,
jQK8mz51q_DNvcqAzYZh2A,19.47736289558208,-99.11910473126372,,,,False,163.57857142857142,21,12,0.5714285714285714,0.5841970443725586,0,-4,street_depth,/home/runner/work/sample_website/sample_website/.cache/gsv_estrella_fast/panoramas/rapid/z1_jQK8mz51q_DNvcqAzYZh2A.jpg,/home/runner/work/sample_website/sample_website/.cache/gsv_estrella_fast/best_views/rapid/jQK8mz51q_DNvcqAzYZh2A.jpg,
Y0w8BNVJfuZgeHMB7T6Aiw,19.47854305770727,-99.11768302603002,,,,False,163.5,20,12,0.6,0.8165524005889893,225,-4,left_houses,/home/runner/work/sample_website/sample_website/.cache/gsv_estrella_fast/panoramas/rapid/z1_Y0w8BNVJfuZgeHMB7T6Aiw.jpg,/home/runner/work/sample_website/sample_website/.cache/gsv_estrella_fast/best_views/rapid/Y0w8BNVJfuZgeHMB7T6Aiw.jpg,
f9W2tGJuNLFbZ8huZt3KJQ,19.47978137587098,-99.11906209662341,,,,False,163.42894736842103,19,12,0.631578947368421,0.5219469666481018,90,-4,street_depth,/home/runner/work/sample_website/sample_website/.cache/gsv_estrella_fast/panoramas/rapid/z1_f9W2tGJuNLFbZ8huZt3KJQ.jpg,/home/runner/work/sample_website/sample_website/.cache/gsv_estrella_fast/best_views/rapid/f9W2tGJuNLFbZ8huZt3KJQ.jpg,
Bv45jFohWP9PZSh_EXEX0g,19.47512317414524,-99.1204082647189,,,,False,163.42894736842103,19,12,0.631578947368421,0.5927137136459351,315,-4,left_houses,/home/runner/work/sample_website/sample_website/.cache/gsv_estrella_fast/panoramas/rapid/z1_Bv45jFohWP9PZSh_EXEX0g.jpg,/home/runner/work/sample_website/sample_website/.cache/gsv_estrella_fast/best_views/rapid/Bv45jFohWP9PZSh_EXEX0g.jpg,
QhQjGa8ASY7c1bML_IHF9Q,19.47381201135744,-99.12066390836098,,,,False,163.31470588235294,17,12,0.7058823529411765,0.667039692401886,180,-4,left_houses,/home/runner/work/sample_website/sample_website/.cache/gsv_estrella_fast/panoramas/rapid/z1_QhQjGa8ASY7c1bML_IHF9Q.jpg,/home/runner/work/sample_website/sample_website/.cache/gsv_estrella_fast/best_views/rapid/QhQjGa8ASY7c1bML_IHF9Q.jpg,
M8xBaPiaoS2bID69yqeAyA,19.47849254813906,-99.11909400928273,,,,False,163.16966940164565,25,12,0.48,0.47398898005485535,180,-4,street_depth,/home/runner/work/sample_website/sample_website/.cache/gsv_estrella_fast/panoramas/rapid/z1_M8xBaPiaoS2bID69yqeAyA.jpg,/home/runner/work/sample_website/sample_website/.cache/gsv_estrella_fast/best_views/rapid/M8xBaPiaoS2bID69yqeAyA.jpg,
75YIESAHPHYo90V4K_3LvQ,19.48003732080615,-99.11894103125401,,,,False,162.96089519262313,25,12,0.48,0.4670298397541046,0,-4,full,/home/runner/work/sample_website/sample_website/.cache/gsv_estrella_fast/panoramas/rapid/z1_75YIESAHPHYo90V4K_3LvQ.jpg,/home/runner/work/sample_website/sample_website/.cache/gsv_estrella_fast/best_views/rapid/75YIESAHPHYo90V4K_3LvQ.jpg,
w6Q0dsujathwRnN0kEVAxg,19.47552827284701,-99.11519299226327,,,,False,161.96779995626875,27,12,0.4444444444444444,0.4268896281719208,0,-4,full,/home/runner/work/sample_website/sample_website/.cache/gsv_estrella_fast/panoramas/rapid/z1_w6Q0dsujathwRnN0kEVAxg.jpg,/home/runner/work/sample_website/sample_website/.cache/gsv_estrella_fast/best_views/rapid/w6Q0dsujathwRnN0kEVAxg.jpg,
nkI2UwriUHFJ24xEdzcyaQ,19.47701027172687,-99.12232831369046,,,,False,161.85218578577042,20,12,0.6,0.44507285952568054,135,-4,street_depth,/home/runner/work/sample_website/sample_website/.cache/gsv_estrella_fast/panoramas/rapid/z1_nkI2UwriUHFJ24xEdzcyaQ.jpg,/home/runner/work/sample_website/sample_website/.cache/gsv_estrella_fast/best_views/rapid/nkI2UwriUHFJ24xEdzcyaQ.jpg,
a2CuUl1K2PaqTYtChpAwzg,19.47711111349403,-99.11745888182023,,,,False,161.72105256632753,19,12,0.631578947368421,0.4430701732635498,45,-4,right_depth,/home/runner/work/sample_website/sample_website/.cache/gsv_estrella_fast/panoramas/rapid/z1_a2CuUl1K2PaqTYtChpAwzg.jpg,/home/runner/work/sample_website/sample_website/.cache/gsv_estrella_fast/best_views/rapid/a2CuUl1K2PaqTYtChpAwzg.jpg,
0kx_5Wvae4n42VpawVRm6Q,19.47680554956228,-99.11707500994028,,,,False,160.78487507213248,22,12,0.5454545454545454,0.4040412902832031,45,-4,upper_full,/home/runner/work/sample_website/sample_website/.cache/gsv_estrella_fast/panoramas/rapid/z1_0kx_5Wvae4n42VpawVRm6Q.jpg,/home/runner/work/sample_website/sample_website/.cache/gsv_estrella_fast/best_views/rapid/0kx_5Wvae4n42VpawVRm6Q.jpg,
X92snat02tS0Cu9dSiKzTQ,19.47171630000834,-99.12243418705013,,,,False,159.23465933903404,23,12,0.5217391304347826,0.3493437170982361,45,-4,left_houses,/home/runner/work/sample_website/sample_website/.cache/gsv_estrella_fast/panoramas/rapid/z1_X92snat02tS0Cu9dSiKzTQ.jpg,/home/runner/work/sample_website/sample_website/.cache/gsv_estrella_fast/best_views/rapid/X92snat02tS0Cu9dSiKzTQ.jpg,
2HU7vcc2aLQGXocXS0pMnw,19.4733001146236,-99.116053752569,,,,False,159.21150584220885,25,12,0.48,0.3420501947402954,90,-4,full,/home/runner/work/sample_website/sample_website/.cache/gsv_estrella_fast/panoramas/rapid/z1_2HU7vcc2aLQGXocXS0pMnw.jpg,/home/runner/work/sample_website/sample_website/.cache/gsv_estrella_fast/best_views/rapid/2HU7vcc2aLQGXocXS0pMnw.jpg,
a9dJBtkOVj8mgA2CbqWcnA,19.47558816819902,-99.12291636008257,,,,False,159.16059032403507,26,12,0.46153846153846156,0.3368914723396301,180,-4,full,/home/runner/work/sample_website/sample_website/.cache/gsv_estrella_fast/panoramas/rapid/z1_a9dJBtkOVj8mgA2CbqWcnA.jpg,/home/runner/work/sample_website/sample_website/.cache/gsv_estrella_fast/best_views/rapid/a9dJBtkOVj8mgA2CbqWcnA.jpg,
MZ3iQMpQ7zrgjfzfs5ZHDg,19.47822999924249,-99.11484298391068,,,,False,158.0420356641645,23,12,0.5217391304347826,0.30958959460258484,45,-4,left_houses,/home/runner/work/sample_website/sample_website/.cache/gsv_estrella_fast/panoramas/rapid/z1_MZ3iQMpQ7zrgjfzfs5ZHDg.jpg,/home/runner/work/sample_website/sample_website/.cache/gsv_estrella_fast/best_views/rapid/MZ3iQMpQ7zrgjfzfs5ZHDg.jpg,
ong4kuDLthCyVJq_8nWQXw,19.47361085252906,-99.11683972364581,,,,False,153.03571428571428,35,11,0.3142857142857143,0.6852701902389526,90,-4,left_houses,/home/runner/work/sample_website/sample_website/.cache/gsv_estrella_fast/panoramas/rapid/z1_ong4kuDLthCyVJq_8nWQXw.jpg,/home/runner/work/sample_website/sample_website/.cache/gsv_estrella_fast/best_views/rapid/ong4kuDLthCyVJq_8nWQXw.jpg,
P2K6pZ0gliY7Ma8my00rhQ,19.47023591284228,-99.1200017524885,,,,False,152.67533090804753,38,11,0.2894736842105263,0.47505488991737366,0,-4,left_houses,/home/runner/work/sample_website/sample_website/.cache/gsv_estrella_fast/panoramas/rapid/z1_P2K6pZ0gliY7Ma8my00rhQ.jpg,/home/runner/work/sample_website/sample_website/.cache/gsv_estrella_fast/best_views/rapid/P2K6pZ0gliY7Ma8my00rhQ.jpg,
f0lcIoyoft5G14V1HAtpsw,19.47549980014109,-99.11565055494228,,,,False,152.659375,32,11,0.34375,0.5525760054588318,225,-4,full,/home/runner/work/sample_website/sample_website/.cache/gsv_estrella_fast/panoramas/rapid/z1_f0lcIoyoft5G14V1HAtpsw.jpg,/home/runner/work/sample_website/sample_website/.cache/gsv_estrella_fast/best_views/rapid/f0lcIoyoft5G14V1HAtpsw.jpg,
rEJJ6NjW9XZrBzbvDgvkKA,19.47480408004603,-99.12421100611756,,,,False,152.53709677419354,31,11,0.3548387096774194,0.8084700107574463,90,-4,left_houses,/home/runner/work/sample_website/sample_website/.cache/gsv_estrella_fast/panoramas/rapid/z1_rEJJ6NjW9XZrBzbvDgvkKA.jpg,/home/runner/work/sample_website/sample_website/.cache/gsv_estrella_fast/best_views/rapid/rEJJ6NjW9XZrBzbvDgvkKA.jpg,
fA6UZEM8L6uNnW2aXqy-LQ,19.47676457989666,-99.11377726604792,,,,False,152.53709677419354,31,11,0.3548387096774194,0.7969595193862915,0,-4,left_houses,/home/runner/work/sample_website/sample_website/.cache/gsv_estrella_fast/panoramas/rapid/z1_fA6UZEM8L6uNnW2aXqy-LQ.jpg,/home/runner/work/sample_website/sample_website/.cache/gsv_estrella_fast/best_views/rapid/fA6UZEM8L6uNnW2aXqy-LQ.jpg,
DwSLmf2Ayvp5aSpUWI2xEg,19.4740327281743,-99.1184282361807,,,,False,152.29827586206895,29,11,0.3793103448275862,0.5514479875564575,225,-4,full,/home/runner/work/sample_website/sample_website/.cache/gsv_estrella_fast/panoramas/rapid/z1_DwSLmf2Ayvp5aSpUWI2xEg.jpg,/home/runner/work/sample_website/sample_website/.cache/gsv_estrella_fast/best_views/rapid/DwSLmf2Ayvp5aSpUWI2xEg.jpg,
5AJKSlVTdo96ledJQMLARA,19.47706278288927,-99.12281310338194,,,,False,151.85,25,11,0.44,0.8107223510742188,135,-4,left_houses,/home/runner/work/sample_website/sample_website/.cache/gsv_estrella_fast/panoramas/rapid/z1_5AJKSlVTdo96ledJQMLARA.jpg,/home/runner/work/sample_website/sample_website/.cache/gsv_estrella_fast/best_views/rapid/5AJKSlVTdo96ledJQMLARA.jpg,
kO2e5xvdv6xo2ExgHhlNKw,19.47365613942833,-99.11407813742504,,,,False,151.74583333333334,24,11,0.4583333333333333,0.7092095017433167,135,-4,upper_full,/home/runner/work/sample_website/sample_website/.cache/gsv_estrella_fast/panoramas/rapid/z1_kO2e5xvdv6xo2ExgHhlNKw.jpg,/home/runner/work/sample_website/sample_website/.cache/gsv_estrella_fast/best_views/rapid/kO2e5xvdv6xo2ExgHhlNKw.jpg,
_2SPR4CfB9CztWi_0UetVg,19.47776353674045,-99.12003881551163,,,,False,151.55,22,11,0.5,0.6213041543960571,45,-4,street_depth,/home/runner/work/sample_website/sample_website/.cache/gsv_estrella_fast/panoramas/rapid/z1__2SPR4CfB9CztWi_0UetVg.jpg,/home/runner/work/sample_website/sample_website/.cache/gsv_estrella_fast/best_views/rapid/_2SPR4CfB9CztWi_0UetVg.jpg,
9OAq-JybJULiZsJYO-eDZA,19.47441828873775,-99.12042599427137,,,,False,151.55,22,11,0.5,0.590580403804779,0,-4,upper_full,/home/runner/work/sample_website/sample_website/.cache/gsv_estrella_fast/panoramas/rapid/z1_9OAq-JybJULiZsJYO-eDZA.jpg,/home/runner/work/sample_website/sample_website/.cache/gsv_estrella_fast/best_views/rapid/9OAq-JybJULiZsJYO-eDZA.jpg,
GOCMT7lVRuaz1BlEfjnKgQ,19.4776914527209,-99.12311156035881,,,,False,151.4595238095238,21,11,0.5238095238095238,0.6281591653823853,135,-4,left_houses,/home/runner/work/sample_website/sample_website/.cache/gsv_estrella_fast/panoramas/rapid/z1_GOCMT7lVRuaz1BlEfjnKgQ.jpg,/home/runner/work/sample_website/sample_website/.cache/gsv_estrella_fast/best_views/rapid/GOCMT7lVRuaz1BlEfjnKgQ.jpg,
rX-uMY_NXsf5mRH9yDVLbA,19.47140748800684,-99.12251591395005,,,,False,151.4029030237879,28,11,0.39285714285714285,0.47402533888816833,45,-4,upper_full,/home/runner/work/sample_website/sample_website/.cache/gsv_estrella_fast/panoramas/rapid/z1_rX-uMY_NXsf5mRH9yDVLbA.jpg,/home/runner/work/sample_website/sample_website/.cache/gsv_estrella_fast/best_views/rapid/rX-uMY_NXsf5mRH9yDVLbA.jpg,
TqHyt1eCAongfMcakEDHog,19.4792820399071,-99.11835504031352,,,,False,151.375,20,11,0.55,0.7639312148094177,45,-4,street_depth,/home/runner/work/sample_website/sample_website/.cache/gsv_estrella_fast/panoramas/rapid/z1_TqHyt1eCAongfMcakEDHog.jpg,/home/runner/work/sample_website/sample_website/.cache/gsv_estrella_fast/best_views/rapid/TqHyt1eCAongfMcakEDHog.jpg,
S3SoY_gIFjiq9G-SBfBmJA,19.47293983623197,-99.11897437908848,,,,False,151.22777777777776,18,11,0.6111111111111112,0.5622839331626892,90,-4,left_houses,/home/runner/work/sample_website/sample_website/.cache/gsv_estrella_fast/panoramas/rapid/z1_S3SoY_gIFjiq9G-SBfBmJA.jpg,/home/runner/work/sample_website/sample_website/.cache/gsv_estrella_fast/best_views/rapid/S3SoY_gIFjiq9G-SBfBmJA.jpg,
JxuBel71OeiSmPlLy3j7Ww,19.4751785836949,-99.11821565598153,,,,False,151.22777777777776,18,11,0.6111111111111112,0.7795931696891785,90,-4,left_houses,/home/runner/work/sample_website/sample_website/.cache/gsv_estrella_fast/panoramas/rapid/z1_JxuBel71OeiSmPlLy3j7Ww.jpg,/home/runner/work/sample_website/sample_website/.cache/gsv_estrella_fast/best_views/rapid/JxuBel71OeiSmPlLy3j7Ww.jpg,
f9kHOdNJEDpG2ppH32_LXQ,19.47750302866565,-99.12290521544452,,,,False,151.16764705882355,17,11,0.6470588235294118,0.6621644496917725,225,-4,left_houses,/home/runner/work/sample_website/sample_website/.cache/gsv_estrella_fast/panoramas/rapid/z1_f9kHOdNJEDpG2ppH32_LXQ.jpg,/home/runner/work/sample_website/sample_website/.cache/gsv_estrella_fast/best_views/rapid/f9kHOdNJEDpG2ppH32_LXQ.jpg,
FZfwmLqczIzCIHfpRP_w1Q,19.47554717338894,-99.11644623060671,,,,False,150.60043322907552,18,11,0.6111111111111112,0.47908851504325867,0,-4,left_houses,/home/runner/work/sample_website/sample_website/.cache/gsv_estrella_fast/panoramas/rapid/z1_FZfwmLqczIzCIHfpRP_w1Q.jpg,/home/runner/work/sample_website/sample_website/.cache/gsv_estrella_fast/best_views/rapid/FZfwmLqczIzCIHfpRP_w1Q.jpg,
xh58nnKU0AnBFTN-rDrzKA,19.47220374313624,-99.11648709098223,,,,False,150.48628163234045,23,11,0.4782608695652174,0.4613543152809143,270,-4,full,/home/runner/work/sample_website/sample_website/.cache/gsv_estrella_fast/panoramas/rapid/z1_xh58nnKU0AnBFTN-rDrzKA.jpg,/home/runner/work/sample_website/sample_website/.cache/gsv_estrella_fast/best_views/rapid/xh58nnKU0AnBFTN-rDrzKA.jpg,
hZ2vLMkuhFXlYwzBCrUh6g,19.47100114685463,-99.12213159561965,,,,False,150.16815536022187,32,11,0.34375,0.41695934534072876,225,-4,upper_full,/home/runner/work/sample_website/sample_website/.cache/gsv_estrella_fast/panoramas/rapid/z1_hZ2vLMkuhFXlYwzBCrUh6g.jpg,/home/runner/work/sample_website/sample_website/.cache/gsv_estrella_fast/best_views/rapid/hZ2vLMkuhFXlYwzBCrUh6g.jpg,
ijHjo7p6MURLcXSps2_leg,19.4728122376876,-99.11405787669061,,,,False,149.83433020455496,28,11,0.39285714285714285,0.4217395782470703,90,-4,full,/home/runner/work/sample_website/sample_website/.cache/gsv_estrella_fast/panoramas/rapid/z1_ijHjo7p6MURLcXSps2_leg.jpg,/home/runner/work/sample_website/sample_website/.cache/gsv_estrella_fast/best_views/rapid/ijHjo7p6MURLcXSps2_leg.jpg,
JgLtwFBI3cTqzw-74N_wJw,19.47663463122368,-99.11714364579299,,,,False,149.432834420533,29,11,0.3793103448275862,0.404485285282135,45,-4,full,/home/runner/work/sample_website/sample_website/.cache/gsv_estrella_fast/panoramas/rapid/z1_JgLtwFBI3cTqzw-74N_wJw.jpg,/home/runner/work/sample_website/sample_website/.cache/gsv_estrella_fast/best_views/rapid/JgLtwFBI3cTqzw-74N_wJw.jpg,
spntkU5iOc6flAHD5Xying,19.47475561946755,-99.11887720607038,,,,False,148.70942119154435,29,11,0.3793103448275862,0.3803715109825134,135,-4,street_depth,/home/runner/work/sample_website/sample_website/.cache/gsv_estrella_fast/panoramas/rapid/z1_spntkU5iOc6flAHD5Xying.jpg,/home/runner/work/sample_website/sample_website/.cache/gsv_estrella_fast/best_views/rapid/spntkU5iOc6flAHD5Xying.jpg,
hMU2F51AMiFzFnrKM4R6tg,19.47897150826649,-99.11602859486857,,,,False,148.42714380727097,17,11,0.6470588235294118,0.40864989161491394,90,-4,left_houses,/home/runner/work/sample_website/sample_website/.cache/gsv_estrella_fast/panoramas/rapid/z1_hMU2F51AMiFzFnrKM4R6tg.jpg,/home/runner/work/sample_website/sample_website/.cache/gsv_estrella_fast/best_views/rapid/hMU2F51AMiFzFnrKM4R6tg.jpg,
_oFrDfJpUv3Pt9Gl8-2O_w,19.47481388145484,-99.12381553486705,,,,False,147.81305341720582,22,11,0.5,0.37543511390686035,225,-4,full,/home/runner/work/sample_website/sample_website/.cache/gsv_estrella_fast/panoramas/rapid/z1__oFrDfJpUv3Pt9Gl8-2O_w.jpg,/home/runner/work/sample_website/sample_website/.cache/gsv_estrella_fast/best_views/rapid/_oFrDfJpUv3Pt9Gl8-2O_w.jpg,
b4VlUPcsqODb97vEbI_X5g,19.47812604416605,-99.1192388827854,,,,False,147.7125343441963,25,11,0.44,0.3620844781398773,225,-4,left_houses,/home/runner/work/sample_website/sample_website/.cache/gsv_estrella_fast/panoramas/rapid/z1_b4VlUPcsqODb97vEbI_X5g.jpg,/home/runner/work/sample_website/sample_website/.cache/gsv_estrella_fast/best_views/rapid/b4VlUPcsqODb97vEbI_X5g.jpg,
r1TA8jz7Znkd59RMzPZPCw,19.47928277038987,-99.11556326326196,,,,False,146.98279512269156,28,11,0.39285714285714285,0.32668840885162354,0,-4,upper_full,/home/runner/work/sample_website/sample_website/.cache/gsv_estrella_fast/panoramas/rapid/z1_r1TA8jz7Znkd59RMzPZPCw.jpg,/home/runner/work/sample_website/sample_website/.cache/gsv_estrella_fast/best_views/rapid/r1TA8jz7Znkd59RMzPZPCw.jpg,
ucytUeNELK-WNR6gXYAM_A,19.47441059437582,-99.11750894486035,,,,False,145.821811234951,25,11,0.44,0.2990603744983673,315,-4,left_houses,/home/runner/work/sample_website/sample_website/.cache/gsv_estrella_fast/panoramas/rapid/z1_ucytUeNELK-WNR6gXYAM_A.jpg,/home/runner/work/sample_website/sample_website/.cache/gsv_estrella_fast/best_views/rapid/ucytUeNELK-WNR6gXYAM_A.jpg,
ytMSr9CkPtFawzxUK73eNg,19.47363612568731,-99.12072942350797,,,,False,144.1247045521553,26,11,0.4230769230769231,0.23890040814876556,0,-4,left_houses,/home/runner/work/sample_website/sample_website/.cache/gsv_estrella_fast/panoramas/rapid/z1_ytMSr9CkPtFawzxUK73eNg.jpg,/home/runner/work/sample_website/sample_website/.cache/gsv_estrella_fast/best_views/rapid/ytMSr9CkPtFawzxUK73eNg.jpg,
EF13KBlRcdySLrujauxWjA,19.47467465597304,-99.1179097035827,,,,False,143.97700752530778,35,11,0.3142857142857143,0.1980431079864502,315,-4,left_houses,/home/runner/work/sample_website/sample_website/.cache/gsv_estrella_fast/panoramas/rapid/z1_EF13KBlRcdySLrujauxWjA.jpg,/home/runner/work/sample_website/sample_website/.cache/gsv_estrella_fast/best_views/rapid/EF13KBlRcdySLrujauxWjA.jpg,
CZVHENYOdmRYyVdguJ9Vtw,19.47974550416739,-99.11925433259754,,,,False,143.39471219778062,22,11,0.5,0.22815707325935364,225,-4,left_houses,/home/runner/work/sample_website/sample_website/.cache/gsv_estrella_fast/panoramas/rapid/z1_CZVHENYOdmRYyVdguJ9Vtw.jpg,/home/runner/work/sample_website/sample_website/.cache/gsv_estrella_fast/best_views/rapid/CZVHENYOdmRYyVdguJ9Vtw.jpg,
CSGTfhG9qNav3qddj2QEhg,19.47479006839734,-99.11638654410402,,,,False,140.95272731677343,23,11,0.4782608695652174,0.14356917142868042,45,-4,left_houses,/home/runner/work/sample_website/sample_website/.cache/gsv_estrella_fast/panoramas/rapid/z1_CSGTfhG9qNav3qddj2QEhg.jpg,/home/runner/work/sample_website/sample_website/.cache/gsv_estrella_fast/best_views/rapid/CSGTfhG9qNav3qddj2QEhg.jpg,
BgJkFSv7QecZb5WQG6Kf7w,19.47753366581304,-99.11904082152427,,,,False,140.83529411764707,34,10,0.29411764705882354,0.7241222262382507,135,-4,left_houses,/home/runner/work/sample_website/sample_website/.cache/gsv_estrella_fast/panoramas/rapid/z1_BgJkFSv7QecZb5WQG6Kf7w.jpg,/home/runner/work/sample_website/sample_website/.cache/gsv_estrella_fast/best_views/rapid/BgJkFSv7QecZb5WQG6Kf7w.jpg,
km_CdqL-NW4bqBTnSu8MqA,19.47632472375601,-99.11776576115157,,,,False,140.33333333333334,30,10,0.3333333333333333,0.6107956767082214,90,-4,full,/home/runner/work/sample_website/sample_website/.cache/gsv_estrella_fast/panoramas/rapid/z1_km_CdqL-NW4bqBTnSu8MqA.jpg,/home/runner/work/sample_website/sample_website/.cache/gsv_estrella_fast/best_views/rapid/km_CdqL-NW4bqBTnSu8MqA.jpg,
0Z8jaKakVt04S0WSMGN7Lg,19.47510269128085,-99.11694609626572,,,,False,140.21206896551723,29,10,0.3448275862068966,0.5769389271736145,45,-4,street_depth,/home/runner/work/sample_website/sample_website/.cache/gsv_estrella_fast/panoramas/rapid/z1_0Z8jaKakVt04S0WSMGN7Lg.jpg,/home/runner/work/sample_website/sample_website/.cache/gsv_estrella_fast/best_views/rapid/0Z8jaKakVt04S0WSMGN7Lg.jpg,
nZ5QovcfbTGqwkBNvlResw,19.47811735116959,-99.12189874283835,,,,False,139.75,25,10,0.4,0.6362828612327576,135,-4,street_depth,/home/runner/work/sample_website/sample_website/.cache/gsv_estrella_fast/panoramas/rapid/z1_nZ5QovcfbTGqwkBNvlResw.jpg,/home/runner/work/sample_website/sample_website/.cache/gsv_estrella_fast/best_views/rapid/nZ5QovcfbTGqwkBNvlResw.jpg,
_m40VO6kXjjCwmfyuoO2oA,19.47063616724988,-99.12200225164138,,,,False,139.75,25,10,0.4,0.5163351893424988,0,-4,street_depth,/home/runner/work/sample_website/sample_website/.cache/gsv_estrella_fast/panoramas/rapid/z1__m40VO6kXjjCwmfyuoO2oA.jpg,/home/runner/work/sample_website/sample_website/.cache/gsv_estrella_fast/best_views/rapid/_m40VO6kXjjCwmfyuoO2oA.jpg,
xO4CADcF6l_XQFJeM4fzFQ,19.47562147377497,-99.11977945913672,,,,False,139.75,25,10,0.4,0.5132425427436829,270,-4,full,/home/runner/work/sample_website/sample_website/.cache/gsv_estrella_fast/panoramas/rapid/z1_xO4CADcF6l_XQFJeM4fzFQ.jpg,/home/runner/work/sample_website/sample_website/.cache/gsv_estrella_fast/best_views/rapid/xO4CADcF6l_XQFJeM4fzFQ.jpg,
Lx_L664eQrNbme4ygcgFVw,19.47889083155899,-99.11754398056476,,,,False,139.75,25,10,0.4,0.7056781053543091,270,-4,left_houses,/home/runner/work/sample_website/sample_website/.cache/gsv_estrella_fast/panoramas/rapid/z1_Lx_L664eQrNbme4ygcgFVw.jpg,/home/runner/work/sample_website/sample_website/.cache/gsv_estrella_fast/best_views/rapid/Lx_L664eQrNbme4ygcgFVw.jpg,
hqcx7zESLXXQx037HOBoMw,19.47520184627424,-99.12247040691592,,,,False,139.64166666666665,24,10,0.4166666666666667,0.5492801070213318,0,-4,left_houses,/home/runner/work/sample_website/sample_website/.cache/gsv_estrella_fast/panoramas/rapid/z1_hqcx7zESLXXQx037HOBoMw.jpg,/home/runner/work/sample_website/sample_website/.cache/gsv_estrella_fast/best_views/rapid/hqcx7zESLXXQx037HOBoMw.jpg,
s4jNz0DirmpiE6rn6oESjQ,19.47447364195601,-99.11408868989291,,,,False,139.64166666666665,24,10,0.4166666666666667,0.6389896273612976,180,-4,left_houses,/home/runner/work/sample_website/sample_website/.cache/gsv_estrella_fast/panoramas/rapid/z1_s4jNz0DirmpiE6rn6oESjQ.jpg,/home/runner/work/sample_website/sample_website/.cache/gsv_estrella_fast/best_views/rapid/s4jNz0DirmpiE6rn6oESjQ.jpg,
bKPSHLdN_Bok2SEf1dsaFg,19.47473872259329,-99.11838678384169,,,,False,139.3404761904762,21,10,0.47619047619047616,0.5087588429450989,0,-4,left_houses,/home/runner/work/sample_website/sample_website/.cache/gsv_estrella_fast/panoramas/rapid/z1_bKPSHLdN_Bok2SEf1dsaFg.jpg,/home/runner/work/sample_website/sample_website/.cache/gsv_estrella_fast/best_views/rapid/bKPSHLdN_Bok2SEf1dsaFg.jpg,
1AetpalHeyOZ6-9EuQJGWA,19.47281836202788,-99.12014325059188,,,,False,139.25,20,10,0.5,0.6703466773033142,315,-4,left_houses,/home/runner/work/sample_website/sample_website/.cache/gsv_estrella_fast/panoramas/rapid/z1_1AetpalHeyOZ6-9EuQJGWA.jpg,/home/runner/work/sample_website/sample_website/.cache/gsv_estrella_fast/best_views/rapid/1AetpalHeyOZ6-9EuQJGWA.jpg,
2vsW3JCKnlAs3l7U_LZiCQ,19.47938249642438,-99.11720535901475,,,,False,139.25,20,10,0.5,0.7838070392608643,315,-4,left_houses,/home/runner/work/sample_website/sample_website/.cache/gsv_estrella_fast/panoramas/rapid/z1_2vsW3JCKnlAs3l7U_LZiCQ.jpg,/home/runner/work/sample_website/sample_website/.cache/gsv_estrella_fast/best_views/rapid/2vsW3JCKnlAs3l7U_LZiCQ.jpg,
5KEOxx2O4V9xFz7t_mwY2g,19.47779538469966,-99.12086543515098,,,,False,139.1657894736842,19,10,0.5263157894736842,0.6726153492927551,45,-4,left_houses,/home/runner/work/sample_website/sample_website/.cache/gsv_estrella_fast/panoramas/rapid/z1_5KEOxx2O4V9xFz7t_mwY2g.jpg,/home/runner/work/sample_website/sample_website/.cache/gsv_estrella_fast/best_views/rapid/5KEOxx2O4V9xFz7t_mwY2g.jpg,
1v0SK6uMiZeKh5Poo0rleg,19.478671035201,-99.11902689140291,,,,False,139.1657894736842,19,10,0.5263157894736842,0.6116023063659668,90,-4,full,/home/runner/work/sample_website/sample_website/.cache/gsv_estrella_fast/panoramas/rapid/z1_1v0SK6uMiZeKh5Poo0rleg.jpg,/home/runner/work/sample_website/sample_website/.cache/gsv_estrella_fast/best_views/rapid/1v0SK6uMiZeKh5Poo0rleg.jpg,
k-18mqJXDIRqZG6FMHUTLQ,19.47483737043156,-99.12051160273725,,,,False,139.08888888888887,18,10,0.5555555555555556,0.5188694596290588,315,-4,right_depth,/home/runner/work/sample_website/sample_website/.cache/gsv_estrella_fast/panoramas/rapid/z1_k-18mqJXDIRqZG6FMHUTLQ.jpg,/home/runner/work/sample_website/sample_website/.cache/gsv_estrella_fast/best_views/rapid/k-18mqJXDIRqZG6FMHUTLQ.jpg,
axuhg26QtJa74j2grNCviA,19.47440209027765,-99.11469972237204,,,,False,139.08888888888887,18,10,0.5555555555555556,0.5325084328651428,90,-4,street_depth,/home/runner/work/sample_website/sample_website/.cache/gsv_estrella_fast/panoramas/rapid/z1_axuhg26QtJa74j2grNCviA.jpg,/home/runner/work/sample_website/sample_website/.cache/gsv_estrella_fast/best_views/rapid/axuhg26QtJa74j2grNCviA.jpg,
KbECYTaK-wProAmN5GRepQ,19.47593770658099,-99.1189162103432,,,,False,138.91666666666666,15,10,0.6666666666666666,0.6142460107803345,45,-4,upper_full,/home/runner/work/sample_website/sample_website/.cache/gsv_estrella_fast/panoramas/rapid/z1_KbECYTaK-wProAmN5GRepQ.jpg,/home/runner/work/sample_website/sample_website/.cache/gsv_estrella_fast/best_views/rapid/KbECYTaK-wProAmN5GRepQ.jpg,
QYRFnoCCvVKOBhBd3PxdYA,19.4718276898011,-99.11378773405659,,,,False,138.88445246219635,20,10,0.5,0.48781508207321167,135,-4,right_depth,/home/runner/work/sample_website/sample_website/.cache/gsv_estrella_fast/panoramas/rapid/z1_QYRFnoCCvVKOBhBd3PxdYA.jpg,/home/runner/work/sample_website/sample_website/.cache/gsv_estrella_fast/best_views/rapid/QYRFnoCCvVKOBhBd3PxdYA.jpg,
cYITUiZNoShMt6pRrKwIzA,19.47288609180412,-99.11364903305316,,,,False,136.99635547929338,18,10,0.5555555555555556,0.430248886346817,45,-4,left_houses,/home/runner/work/sample_website/sample_website/.cache/gsv_estrella_fast/panoramas/rapid/z1_cYITUiZNoShMt6pRrKwIzA.jpg,/home/runner/work/sample_website/sample_website/.cache/gsv_estrella_fast/best_views/rapid/cYITUiZNoShMt6pRrKwIzA.jpg,
BcZY1FQgn9sHtpDxeAq5FQ,19.47518963045113,-99.12287456769789,,,,False,136.98230263875877,23,10,0.43478260869565216,0.4148448705673218,135,-4,upper_full,/home/runner/work/sample_website/sample_website/.cache/gsv_estrella_fast/panoramas/rapid/z1_BcZY1FQgn9sHtpDxeAq5FQ.jpg,/home/runner/work/sample_website/sample_website/.cache/gsv_estrella_fast/best_views/rapid/BcZY1FQgn9sHtpDxeAq5FQ.jpg,
L7uii40YN6MZGzmJnFoXbg,19.47564411942675,-99.120198634166,,,,False,136.44006984744752,14,10,0.7142857142857143,0.41847851872444153,225,-4,left_houses,/home/runner/work/sample_website/sample_website/.cache/gsv_estrella_fast/panoramas/rapid/z1_L7uii40YN6MZGzmJnFoXbg.jpg,/home/runner/work/sample_website/sample_website/.cache/gsv_estrella_fast/best_views/rapid/L7uii40YN6MZGzmJnFoXbg.jpg,
tDsfMeFXGeuJ6b7GZAKV2Q,19.47363532261651,-99.11593015911019,,,,False,136.31640916954387,22,10,0.45454545454545453,0.39600151777267456,45,-4,right_depth,/home/runner/work/sample_website/sample_website/.cache/gsv_estrella_fast/panoramas/rapid/z1_tDsfMeFXGeuJ6b7GZAKV2Q.jpg,/home/runner/work/sample_website/sample_website/.cache/gsv_estrella_fast/best_views/rapid/tDsfMeFXGeuJ6b7GZAKV2Q.jpg,
2qnAfDnfbrm9wJwQjnyT8g,19.47022282279512,-99.11957489576722,,,,False,136.18943092512046,23,10,0.43478260869565216,0.3884158134460449,0,-4,left_houses,/home/runner/work/sample_website/sample_website/.cache/gsv_estrella_fast/panoramas/rapid/z1_2qnAfDnfbrm9wJwQjnyT8g.jpg,/home/runner/work/sample_website/sample_website/.cache/gsv_estrella_fast/best_views/rapid/2qnAfDnfbrm9wJwQjnyT8g.jpg,
6kfmfHXYccDj4e1hrkUZrQ,19.4770405086719,-99.1155067854268,,,,False,135.2311932648931,28,10,0.35714285714285715,0.33794453740119934,45,-4,left_houses,/home/runner/work/sample_website/sample_website/.cache/gsv_estrella_fast/panoramas/rapid/z1_6kfmfHXYccDj4e1hrkUZrQ.jpg,/home/runner/work/sample_website/sample_website/.cache/gsv_estrella_fast/best_views/rapid/6kfmfHXYccDj4e1hrkUZrQ.jpg,
OPpJY5nlOHfsG_NaD4k71Q,19.47447936738709,-99.11695318777876,,,,False,135.12874114513397,20,10,0.5,0.3626247048377991,315,-4,upper_full,/home/runner/work/sample_website/sample_website/.cache/gsv_estrella_fast/panoramas/rapid/z1_OPpJY5nlOHfsG_NaD4k71Q.jpg,/home/runner/work/sample_website/sample_website/.cache/gsv_estrella_fast/best_views/rapid/OPpJY5nlOHfsG_NaD4k71Q.jpg,
-GTyT3g0XhqecZ1bCU0JlA,19.47953771820339,-99.12027799484221,,,,False,134.81341755390167,25,10,0.4,0.3354472517967224,90,-4,left_houses,/home/runner/work/sample_website/sample_website/.cache/gsv_estrella_fast/panoramas/rapid/z1_-GTyT3g0XhqecZ1bCU0JlA.jpg,/home/runner/work/sample_website/sample_website/.cache/gsv_estrella_fast/best_views/rapid/-GTyT3g0XhqecZ1bCU0JlA.jpg,
5vDYZ35gfMeuRbn48UD1Zw,19.47522849627094,-99.11301057256527,,,,False,134.1671362406329,19,10,0.5263157894736842,0.33337822556495667,180,-4,street_depth,/home/runner/work/sample_website/sample_website/.cache/gsv_estrella_fast/panoramas/rapid/z1_5vDYZ35gfMeuRbn48UD1Zw.jpg,/home/runner/work/sample_website/sample_website/.cache/gsv_estrella_fast/best_views/rapid/5vDYZ35gfMeuRbn48UD1Zw.jpg,
DtLbIo6BdYDIKwXbGST4jw,19.47554794475728,-99.11334048116815,,,,False,133.5953449933425,23,10,0.43478260869565216,0.3019462823867798,315,-4,full,/home/runner/work/sample_website/sample_website/.cache/gsv_estrella_fast/panoramas/rapid/z1_DtLbIo6BdYDIKwXbGST4jw.jpg,/home/runner/work/sample_website/sample_website/.cache/gsv_estrella_fast/best_views/rapid/DtLbIo6BdYDIKwXbGST4jw.jpg,
ML8uRbNL2klLGTRYsuxQxA,19.47329715234524,-99.1231836630036,,,,False,132.84949942055871,17,10,0.5882352941176471,0.2942970395088196,90,-4,street_depth,/home/runner/work/sample_website/sample_website/.cache/gsv_estrella_fast/panoramas/rapid/z1_ML8uRbNL2klLGTRYsuxQxA.jpg,/home/runner/work/sample_website/sample_website/.cache/gsv_estrella_fast/best_views/rapid/ML8uRbNL2klLGTRYsuxQxA.jpg,
cGMxEsO1KIYaBdklunD_sg,19.47549246770054,-99.11290859495168,,,,False,132.48383027844957,18,10,0.5555555555555556,0.2798313796520233,135,-4,full,/home/runner/work/sample_website/sample_website/.cache/gsv_estrella_fast/panoramas/rapid/z1_cGMxEsO1KIYaBdklunD_sg.jpg,/home/runner/work/sample_website/sample_website/.cache/gsv_estrella_fast/best_views/rapid/cGMxEsO1KIYaBdklunD_sg.jpg,
0u8KKZWqbjXnYd4Q9muOtQ,19.47658782858877,-99.12351724411954,,,,False,132.3703281780084,30,10,0.3333333333333333,0.23456649482250214,225,-4,full,/home/runner/work/sample_website/sample_website/.cache/gsv_estrella_fast/panoramas/rapid/z1_0u8KKZWqbjXnYd4Q9muOtQ.jpg,/home/runner/work/sample_website/sample_website/.cache/gsv_estrella_fast/best_views/rapid/0u8KKZWqbjXnYd4Q9muOtQ.jpg,
3Rv2DNKxHneFnkDWS197_A,19.47862227503542,-99.1186119437507,,,,False,132.22289314866066,25,10,0.4,0.24909643828868866,135,-4,left_houses,/home/runner/work/sample_website/sample_website/.cache/gsv_estrella_fast/panoramas/rapid/z1_3Rv2DNKxHneFnkDWS197_A.jpg,/home/runner/work/sample_website/sample_website/.cache/gsv_estrella_fast/best_views/rapid/3Rv2DNKxHneFnkDWS197_A.jpg,
3XlzP7-C1Zx7yHnjQlGBmw,19.47631514373588,-99.12259637450244,,,,False,127.88333333333333,27,9,0.3333333333333333,0.6077434420585632,180,-4,street_depth,/home/runner/work/sample_website/sample_website/.cache/gsv_estrella_fast/panoramas/rapid/z1_3XlzP7-C1Zx7yHnjQlGBmw.jpg,/home/runner/work/sample_website/sample_website/.cache/gsv_estrella_fast/best_views/rapid/3XlzP7-C1Zx7yHnjQlGBmw.jpg,
umBrMLoeeTCTwva4khoCOw,19.48000628844757,-99.11808209714668,,,,False,127.88333333333333,27,9,0.3333333333333333,0.522156298160553,0,-4,full,/home/runner/work/sample_website/sample_website/.cache/gsv_estrella_fast/panoramas/rapid/z1_umBrMLoeeTCTwva4khoCOw.jpg,/home/runner/work/sample_website/sample_website/.cache/gsv_estrella_fast/best_views/rapid/umBrMLoeeTCTwva4khoCOw.jpg,
bxtuTF_RmEsuCwOQ3KeYtQ,19.4766631574498,-99.12246323048433,,,,False,127.76538461538462,26,9,0.34615384615384615,0.596518337726593,180,-4,full,/home/runner/work/sample_website/sample_website/.cache/gsv_estrella_fast/panoramas/rapid/z1_bxtuTF_RmEsuCwOQ3KeYtQ.jpg,/home/runner/work/sample_website/sample_website/.cache/gsv_estrella_fast/best_views/rapid/bxtuTF_RmEsuCwOQ3KeYtQ.jpg,
bkqSiYWa0CydzGlOzgJKVA,19.4763013813587,-99.11534199532002,,,,False,127.65,25,9,0.36,0.5801047086715698,90,-4,street_depth,/home/runner/work/sample_website/sample_website/.cache/gsv_estrella_fast/panoramas/rapid/z1_bkqSiYWa0CydzGlOzgJKVA.jpg,/home/runner/work/sample_website/sample_website/.cache/gsv_estrella_fast/best_views/rapid/bkqSiYWa0CydzGlOzgJKVA.jpg,
nKKUm95JSpIBmWKbeNo9qw,19.47719638469508,-99.12205130439176,,,,False,127.42826086956522,23,9,0.391304347826087,0.6105711460113525,315,-4,right_depth,/home/runner/work/sample_website/sample_website/.cache/gsv_estrella_fast/panoramas/rapid/z1_nKKUm95JSpIBmWKbeNo9qw.jpg,/home/runner/work/sample_website/sample_website/.cache/gsv_estrella_fast/best_views/rapid/nKKUm95JSpIBmWKbeNo9qw.jpg,
6dAg0BSwHqziMmQJfewyFA,19.46986840706688,-99.11971563328298,,,,False,127.42826086956522,23,9,0.391304347826087,0.7777132391929626,225,-4,full,/home/runner/work/sample_website/sample_website/.cache/gsv_estrella_fast/panoramas/rapid/z1_6dAg0BSwHqziMmQJfewyFA.jpg,/home/runner/work/sample_website/sample_website/.cache/gsv_estrella_fast/best_views/rapid/6dAg0BSwHqziMmQJfewyFA.jpg,
ZaR9lYWI6S3vvF453VmrjQ,19.47780018365286,-99.11669232182106,,,,False,127.32272727272726,22,9,0.4090909090909091,0.842856228351593,135,-4,left_houses,/home/runner/work/sample_website/sample_website/.cache/gsv_estrella_fast/panoramas/rapid/z1_ZaR9lYWI6S3vvF453VmrjQ.jpg,/home/runner/work/sample_website/sample_website/.cache/gsv_estrella_fast/best_views/rapid/ZaR9lYWI6S3vvF453VmrjQ.jpg,
rmrURnJXnDVqMu_fupNB9w,19.47779896707671,-99.11531329215998,,,,False,127.32272727272726,22,9,0.4090909090909091,0.7874402403831482,270,-4,left_houses,/home/runner/work/sample_website/sample_website/.cache/gsv_estrella_fast/panoramas/rapid/z1_rmrURnJXnDVqMu_fupNB9w.jpg,/home/runner/work/sample_website/sample_website/.cache/gsv_estrella_fast/best_views/rapid/rmrURnJXnDVqMu_fupNB9w.jpg,
X1J3AqQ4hBqCjQgA5jpRRA,19.47334207930739,-99.11374484899753,,,,False,127.32272727272726,22,9,0.4090909090909091,0.7929885387420654,180,-4,left_houses,/home/runner/work/sample_website/sample_website/.cache/gsv_estrella_fast/panoramas/rapid/z1_X1J3AqQ4hBqCjQgA5jpRRA.jpg,/home/runner/work/sample_website/sample_website/.cache/gsv_estrella_fast/best_views/rapid/X1J3AqQ4hBqCjQgA5jpRRA.jpg,
7TZJcV4ek92qEn0fXAFBBg,19.47878323228824,-99.11812582877597,,,,False,127.125,20,9,0.45,0.6130512356758118,45,-4,full,/home/runner/work/sample_website/sample_website/.cache/gsv_estrella_fast/panoramas/rapid/z1_7TZJcV4ek92qEn0fXAFBBg.jpg,/home/runner/work/sample_website/sample_website/.cache/gsv_estrella_fast/best_views/rapid/7TZJcV4ek92qEn0fXAFBBg.jpg,
7U651k_AnqRIhZrclrp-VQ,19.47477566116956,-99.11409181342367,,,,False,127.125,20,9,0.45,0.8450658321380615,135,-4,left_houses,/home/runner/work/sample_website/sample_website/.cache/gsv_estrella_fast/panoramas/rapid/z1_7U651k_AnqRIhZrclrp-VQ.jpg,/home/runner/work/sample_website/sample_website/.cache/gsv_estrella_fast/best_views/rapid/7U651k_AnqRIhZrclrp-VQ.jpg,
d0MLYufXT18cs0J_yxPS8A,19.47775909778059,-99.11852811023456,,,,False,126.95,18,9,0.5,0.5804082155227661,0,-4,upper_full,/home/runner/work/sample_website/sample_website/.cache/gsv_estrella_fast/panoramas/rapid/z1_d0MLYufXT18cs0J_yxPS8A.jpg,/home/runner/work/sample_website/sample_website/.cache/gsv_estrella_fast/best_views/rapid/d0MLYufXT18cs0J_yxPS8A.jpg,
APUX-yQ-dr2fS5hp57PriQ,19.47597565973642,-99.11454987631184,,,,False,126.75859613201834,22,9,0.4090909090909091,0.4811956286430359,45,-4,upper_full,/home/runner/work/sample_website/sample_website/.cache/gsv_estrella_fast/panoramas/rapid/z1_APUX-yQ-dr2fS5hp57PriQ.jpg,/home/runner/work/sample_website/sample_website/.cache/gsv_estrella_fast/best_views/rapid/APUX-yQ-dr2fS5hp57PriQ.jpg,
9nD9w7lLzU1RbF-qvJhDpg,19.47824570315749,-99.11694035551753,,,,False,126.70714285714286,14,9,0.6428571428571429,0.5779626965522766,0,-4,full,/home/runner/work/sample_website/sample_website/.cache/gsv_estrella_fast/panoramas/rapid/z1_9nD9w7lLzU1RbF-qvJhDpg.jpg,/home/runner/work/sample_website/sample_website/.cache/gsv_estrella_fast/best_views/rapid/9nD9w7lLzU1RbF-qvJhDpg.jpg,
qLa-9D0T9IcdrxFRmYsWpQ,19.47828272801641,-99.11783220258167,,,,False,126.67729688364527,23,9,0.391304347826087,0.4749678671360016,135,-4,left_houses,/home/runner/work/sample_website/sample_website/.cache/gsv_estrella_fast/panoramas/rapid/z1_qLa-9D0T9IcdrxFRmYsWpQ.jpg,/home/runner/work/sample_website/sample_website/.cache/gsv_estrella_fast/best_views/rapid/qLa-9D0T9IcdrxFRmYsWpQ.jpg,
725SPsP4BJHiFLL2w4d6Lg,19.47251081477585,-99.11590314417201,,,,False,126.44751870632172,20,9,0.45,0.4774172902107239,45,-4,right_depth,/home/runner/work/sample_website/sample_website/.cache/gsv_estrella_fast/panoramas/rapid/z1_725SPsP4BJHiFLL2w4d6Lg.jpg,/home/runner/work/sample_website/sample_website/.cache/gsv_estrella_fast/best_views/rapid/725SPsP4BJHiFLL2w4d6Lg.jpg,
pZY0MIfFugHQQKbtEwLaNw,19.46986734177049,-99.11923044026639,,,,False,126.07310591529716,22,10,0.45454545454545453,0.054558075964450836,0,-4,left_houses,/home/runner/work/sample_website/sample_website/.cache/gsv_estrella_fast/panoramas/rapid/z1_pZY0MIfFugHQQKbtEwLaNw.jpg,/home/runner/work/sample_website/sample_website/.cache/gsv_estrella_fast/best_views/rapid/pZY0MIfFugHQQKbtEwLaNw.jpg,
QEXZHa9Fi7h2pMWZL3dGGg,19.47549831894928,-99.123942686597,,,,False,125.64859598129988,20,10,0.5,0.04661986604332924,45,-4,left_houses,/home/runner/work/sample_website/sample_website/.cache/gsv_estrella_fast/panoramas/rapid/z1_QEXZHa9Fi7h2pMWZL3dGGg.jpg,/home/runner/work/sample_website/sample_website/.cache/gsv_estrella_fast/best_views/rapid/QEXZHa9Fi7h2pMWZL3dGGg.jpg,
5A5ebQgzZlL8huOXr3GNaA,19.47897797347465,-99.11664740906257,,,,False,125.51395522839314,37,9,0.24324324324324326,0.3785282373428345,0,-4,full,/home/runner/work/sample_website/sample_website/.cache/gsv_estrella_fast/panoramas/rapid/z1_5A5ebQgzZlL8huOXr3GNaA.jpg,/home/runner/work/sample_website/sample_website/.cache/gsv_estrella_fast/best_views/rapid/5A5ebQgzZlL8huOXr3GNaA.jpg,
ljldJAaJCfHIUbDO4A6qAA,19.4718257837651,-99.11570188317026,,,,False,125.46859450340271,18,9,0.5,0.45061981678009033,90,-4,left_houses,/home/runner/work/sample_website/sample_website/.cache/gsv_estrella_fast/panoramas/rapid/z1_ljldJAaJCfHIUbDO4A6qAA.jpg,/home/runner/work/sample_website/sample_website/.cache/gsv_estrella_fast/best_views/rapid/ljldJAaJCfHIUbDO4A6qAA.jpg,
0jftRAOsPexvg21Ak_Ik4Q,19.47479151456266,-99.12122070439621,,,,False,125.13516754003672,26,9,0.34615384615384615,0.4123260974884033,180,-4,upper_full,/home/runner/work/sample_website/sample_website/.cache/gsv_estrella_fast/panoramas/rapid/z1_0jftRAOsPexvg21Ak_Ik4Q.jpg,/home/runner/work/sample_website/sample_website/.cache/gsv_estrella_fast/best_views/rapid/0jftRAOsPexvg21Ak_Ik4Q.jpg,
bXsmcseVGPdrFdkivsPRfQ,19.47811869240975,-99.12240666334027,,,,False,124.08659703731537,18,9,0.5,0.40455323457717896,225,-4,full,/home/runner/work/sample_website/sample_website/.cache/gsv_estrella_fast/panoramas/rapid/z1_bXsmcseVGPdrFdkivsPRfQ.jpg,/home/runner/work/sample_website/sample_website/.cache/gsv_estrella_fast/best_views/rapid/bXsmcseVGPdrFdkivsPRfQ.jpg,
xXGlI7FDmfUGVqNMHfurzQ,19.47709004220331,-99.11411806797082,,,,False,123.71053565247306,29,9,0.3103448275862069,0.3528224527835846,90,-4,street_depth,/home/runner/work/sample_website/sample_website/.cache/gsv_estrella_fast/panoramas/rapid/z1_xXGlI7FDmfUGVqNMHfurzQ.jpg,/home/runner/work/sample_website/sample_website/.cache/gsv_estrella_fast/best_views/rapid/xXGlI7FDmfUGVqNMHfurzQ.jpg,
hGsFjXGocIvhvsNjEnb2IQ,19.47403942170777,-99.11712422851011,,,,False,122.37306392987568,27,9,0.3333333333333333,0.3163243532180786,0,-4,upper_full,/home/runner/work/sample_website/sample_website/.cache/gsv_estrella_fast/panoramas/rapid/z1_hGsFjXGocIvhvsNjEnb2IQ.jpg,/home/runner/work/sample_website/sample_website/.cache/gsv_estrella_fast/best_views/rapid/hGsFjXGocIvhvsNjEnb2IQ.jpg,
3Y_9AYOV3GwYLg88P90pvg,19.47672067287363,-99.12347063892928,,,,False,122.19408746895037,19,9,0.47368421052631576,0.3386625647544861,225,-4,upper_full,/home/runner/work/sample_website/sample_website/.cache/gsv_estrella_fast/panoramas/rapid/z1_3Y_9AYOV3GwYLg88P90pvg.jpg,/home/runner/work/sample_website/sample_website/.cache/gsv_estrella_fast/best_views/rapid/3Y_9AYOV3GwYLg88P90pvg.jpg,
B96HcTQDywGgjUEKPeCHPQ,19.4744125253974,-99.11800907044461,,,,False,121.87563862737856,19,9,0.47368421052631576,0.32804760336875916,45,-4,upper_full,/home/runner/work/sample_website/sample_website/.cache/gsv_estrella_fast/panoramas/rapid/z1_B96HcTQDywGgjUEKPeCHPQ.jpg,/home/runner/work/sample_website/sample_website/.cache/gsv_estrella_fast/best_views/rapid/B96HcTQDywGgjUEKPeCHPQ.jpg,
aswwa6S6uIRF4zjPG_k7DQ,19.47328142797915,-99.12257400088845,,,,False,121.53566492277643,23,9,0.391304347826087,0.3035801351070404,315,-4,full,/home/runner/work/sample_website/sample_website/.cache/gsv_estrella_fast/panoramas/rapid/z1_aswwa6S6uIRF4zjPG_k7DQ.jpg,/home/runner/work/sample_website/sample_website/.cache/gsv_estrella_fast/best_views/rapid/aswwa6S6uIRF4zjPG_k7DQ.jpg,
Xj1NkSzIelNzss1OF8MrKA,19.47061800263862,-99.1201110842349,,,,False,121.02334517240524,15,9,0.6,0.30911150574684143,90,-4,street_depth,/home/runner/work/sample_website/sample_website/.cache/gsv_estrella_fast/panoramas/rapid/z1_Xj1NkSzIelNzss1OF8MrKA.jpg,/home/runner/work/sample_website/sample_website/.cache/gsv_estrella_fast/best_views/rapid/Xj1NkSzIelNzss1OF8MrKA.jpg,
bSMZ7ZKiHZH162rzs8ABdQ,19.47417362428306,-99.11882097916518,,,,False,120.3244174361229,16,9,0.5625,0.2839389145374298,315,-4,street_depth,/home/runner/work/sample_website/sample_website/.cache/gsv_estrella_fast/panoramas/rapid/z1_bSMZ7ZKiHZH162rzs8ABdQ.jpg,/home/runner/work/sample_website/sample_website/.cache/gsv_estrella_fast/best_views/rapid/bSMZ7ZKiHZH162rzs8ABdQ.jpg,
99YNOaNPW8BI0a_q1IvURQ,19.474330923303,-99.11928430355306,,,,False,119.69668921657971,21,9,0.42857142857142855,0.24917535483837128,0,-4,left_houses,/home/runner/work/sample_website/sample_website/.cache/gsv_estrella_fast/panoramas/rapid/z1_99YNOaNPW8BI0a_q1IvURQ.jpg,/home/runner/work/sample_website/sample_website/.cache/gsv_estrella_fast/best_views/rapid/99YNOaNPW8BI0a_q1IvURQ.jpg,
YgnRi6ApptSIJ3sD7LseOg,19.47553977147973,-99.11857361502243,,,,False,118.23368096351624,20,9,0.45,0.2036226987838745,315,-4,left_houses,/home/runner/work/sample_website/sample_website/.cache/gsv_estrella_fast/panoramas/rapid/z1_YgnRi6ApptSIJ3sD7LseOg.jpg,/home/runner/work/sample_website/sample_website/.cache/gsv_estrella_fast/best_views/rapid/YgnRi6ApptSIJ3sD7LseOg.jpg,
-4al0EWPSmifBah_27EXRQ,19.4701565702387,-99.1210949078335,,,,False,116.87543956420637,22,9,0.4090909090909091,0.15175707638263702,180,-4,left_houses,/home/runner/work/sample_website/sample_website/.cache/gsv_estrella_fast/panoramas/rapid/z1_-4al0EWPSmifBah_27EXRQ.jpg,/home/runner/work/sample_website/sample_website/.cache/gsv_estrella_fast/best_views/rapid/-4al0EWPSmifBah_27EXRQ.jpg,
VlgnPc6kf8RWKeR9sovtVQ,19.47593536287912,-99.11742249538075,,,,False,115.79126521249611,27,9,0.3333333333333333,0.09693106263875961,225,-4,left_houses,/home/runner/work/sample_website/sample_website/.cache/gsv_estrella_fast/panoramas/rapid/z1_VlgnPc6kf8RWKeR9sovtVQ.jpg,/home/runner/work/sample_website/sample_website/.cache/gsv_estrella_fast/best_views/rapid/VlgnPc6kf8RWKeR9sovtVQ.jpg,
n3guqLURxvVN_w8bxqryMQ,19.47411898397431,-99.11619760749153,,,,False,115.43333333333332,24,8,0.3333333333333333,0.5217078328132629,270,-4,upper_full,/home/runner/work/sample_website/sample_website/.cache/gsv_estrella_fast/panoramas/rapid/z1_n3guqLURxvVN_w8bxqryMQ.jpg,/home/runner/work/sample_website/sample_website/.cache/gsv_estrella_fast/best_views/rapid/n3guqLURxvVN_w8bxqryMQ.jpg,
5de9xLqSZUcnFaMSDAcceQ,19.46960917800844,-99.11981103437951,,,,False,115.3195652173913,23,8,0.34782608695652173,0.7180999517440796,180,-4,street_depth,/home/runner/work/sample_website/sample_website/.cache/gsv_estrella_fast/panoramas/rapid/z1_5de9xLqSZUcnFaMSDAcceQ.jpg,/home/runner/work/sample_website/sample_website/.cache/gsv_estrella_fast/best_views/rapid/5de9xLqSZUcnFaMSDAcceQ.jpg,
T2UbuSnVdi01kBC1VJ6cbg,19.47109652494374,-99.12080456336902,,,,False,115.3195652173913,23,8,0.34782608695652173,0.5830011367797852,180,-4,full,/home/runner/work/sample_website/sample_website/.cache/gsv_estrella_fast/panoramas/rapid/z1_T2UbuSnVdi01kBC1VJ6cbg.jpg,/home/runner/work/sample_website/sample_website/.cache/gsv_estrella_fast/best_views/rapid/T2UbuSnVdi01kBC1VJ6cbg.jpg,
waETb9-QN_qjisDupkbrUg,19.47814705907821,-99.12072393576808,,,,False,115.2090909090909,22,8,0.36363636363636365,0.6382886171340942,315,-4,full,/home/runner/work/sample_website/sample_website/.cache/gsv_estrella_fast/panoramas/rapid/z1_waETb9-QN_qjisDupkbrUg.jpg,/home/runner/work/sample_website/sample_website/.cache/gsv_estrella_fast/best_views/rapid/waETb9-QN_qjisDupkbrUg.jpg,
BdiBaX77lo3AICCYnDXFmQ,19.47330956122952,-99.11421498193673,,,,False,115.2090909090909,22,8,0.36363636363636365,0.690001904964447,315,-4,street_depth,/home/runner/work/sample_website/sample_website/.cache/gsv_estrella_fast/panoramas/rapid/z1_BdiBaX77lo3AICCYnDXFmQ.jpg,/home/runner/work/sample_website/sample_website/.cache/gsv_estrella_fast/best_views/rapid/BdiBaX77lo3AICCYnDXFmQ.jpg,
puFAYnwoX88eJCR2igT-3Q,19.47249732800107,-99.12288199745356,,,,False,115.10238095238095,21,8,0.38095238095238093,0.5812694430351257,270,-4,street_depth,/home/runner/work/sample_website/sample_website/.cache/gsv_estrella_fast/panoramas/rapid/z1_puFAYnwoX88eJCR2igT-3Q.jpg,/home/runner/work/sample_website/sample_website/.cache/gsv_estrella_fast/best_views/rapid/puFAYnwoX88eJCR2igT-3Q.jpg,
y59VlJCpdLF6J1Q02KsV9w,19.47528002202424,-99.11867568429768,,,,False,115.10238095238095,21,8,0.38095238095238093,0.5419440269470215,135,-4,street_depth,/home/runner/work/sample_website/sample_website/.cache/gsv_estrella_fast/panoramas/rapid/z1_y59VlJCpdLF6J1Q02KsV9w.jpg,/home/runner/work/sample_website/sample_website/.cache/gsv_estrella_fast/best_views/rapid/y59VlJCpdLF6J1Q02KsV9w.jpg,
jDBMofl1CkZ3MmqkrmrBqg,19.47480772663148,-99.11453670675604,,,,False,115.10238095238095,21,8,0.38095238095238093,0.8120667934417725,315,-4,street_depth,/home/runner/work/sample_website/sample_website/.cache/gsv_estrella_fast/panoramas/rapid/z1_jDBMofl1CkZ3MmqkrmrBqg.jpg,/home/runner/work/sample_website/sample_website/.cache/gsv_estrella_fast/best_views/rapid/jDBMofl1CkZ3MmqkrmrBqg.jpg,
JdQJKgTMNZO7KyfXJvXm_Q,19.47548972214247,-99.12317589550246,,,,False,115.0,20,8,0.4,0.5399061441421509,225,-4,upper_full,/home/runner/work/sample_website/sample_website/.cache/gsv_estrella_fast/panoramas/rapid/z1_JdQJKgTMNZO7KyfXJvXm_Q.jpg,/home/runner/work/sample_website/sample_website/.cache/gsv_estrella_fast/best_views/rapid/JdQJKgTMNZO7KyfXJvXm_Q.jpg,
IiqjTPpsirCKnr37LDzQyg,19.47669665232773,-99.1229577303435,,,,False,115.0,20,8,0.4,0.5899088978767395,135,-4,full,/home/runner/work/sample_website/sample_website/.cache/gsv_estrella_fast/panoramas/rapid/z1_IiqjTPpsirCKnr37LDzQyg.jpg,/home/runner/work/sample_website/sample_website/.cache/gsv_estrella_fast/best_views/rapid/IiqjTPpsirCKnr37LDzQyg.jpg,
BqJDZoSVcQfjtml9JovrrQ,19.47786664619258,-99.12302594910626,,,,False,114.90263157894736,19,8,0.42105263157894735,0.55246502161026,270,-4,upper_full,/home/runner/work/sample_website/sample_website/.cache/gsv_estrella_fast/panoramas/rapid/z1_BqJDZoSVcQfjtml9JovrrQ.jpg,/home/runner/work/sample_website/sample_website/.cache/gsv_estrella_fast/best_views/rapid/BqJDZoSVcQfjtml9JovrrQ.jpg,
kw_cvz1rCGlxrUWiw3sBng,19.47397288131759,-99.11669789370639,,,,False,114.90263157894736,19,8,0.42105263157894735,0.5253567695617676,135,-4,left_houses,/home/runner/work/sample_website/sample_website/.cache/gsv_estrella_fast/panoramas/rapid/z1_kw_cvz1rCGlxrUWiw3sBng.jpg,/home/runner/work/sample_website/sample_website/.cache/gsv_estrella_fast/best_views/rapid/kw_cvz1rCGlxrUWiw3sBng.jpg,
09ZU8UznQc6W4VAL9-5a6A,19.47475879263356,-99.11364514976621,,,,False,114.90263157894736,19,8,0.42105263157894735,0.6408660411834717,0,-4,left_houses,/home/runner/work/sample_website/sample_website/.cache/gsv_estrella_fast/panoramas/rapid/z1_09ZU8UznQc6W4VAL9-5a6A.jpg,/home/runner/work/sample_website/sample_website/.cache/gsv_estrella_fast/best_views/rapid/09ZU8UznQc6W4VAL9-5a6A.jpg,
JqK-YoFzOnt5v2d2HWkDpg,19.4732960530449,-99.12402145998144,,,,False,114.81111111111112,18,8,0.4444444444444444,0.5356811881065369,135,-4,upper_full,/home/runner/work/sample_website/sample_website/.cache/gsv_estrella_fast/panoramas/rapid/z1_JqK-YoFzOnt5v2d2HWkDpg.jpg,/home/runner/work/sample_website/sample_website/.cache/gsv_estrella_fast/best_views/rapid/JqK-YoFzOnt5v2d2HWkDpg.jpg,
_1PGp3v7gv1fOaigmbLM1g,19.47966435229714,-99.11724807708674,,,,False,114.81111111111112,18,8,0.4444444444444444,0.7704061269760132,180,-4,street_depth,/home/runner/work/sample_website/sample_website/.cache/gsv_estrella_fast/panoramas/rapid/z1__1PGp3v7gv1fOaigmbLM1g.jpg,/home/runner/work/sample_website/sample_website/.cache/gsv_estrella_fast/best_views/rapid/_1PGp3v7gv1fOaigmbLM1g.jpg,
KiDAFKo3rCcCXhK5W0gvBA,19.47484890895088,-99.11783912532597,,,,False,114.81111111111112,18,8,0.4444444444444444,0.5987077355384827,315,-4,full,/home/runner/work/sample_website/sample_website/.cache/gsv_estrella_fast/panoramas/rapid/z1_KiDAFKo3rCcCXhK5W0gvBA.jpg,/home/runner/work/sample_website/sample_website/.cache/gsv_estrella_fast/best_views/rapid/KiDAFKo3rCcCXhK5W0gvBA.jpg,
n1sNll2vjqLs73wqyY-AzA,19.47859941427558,-99.12222075190415,,,,False,114.72647058823529,17,8,0.47058823529411764,0.8196653723716736,315,-4,left_houses,/home/runner/work/sample_website/sample_website/.cache/gsv_estrella_fast/panoramas/rapid/z1_n1sNll2vjqLs73wqyY-AzA.jpg,/home/runner/work/sample_website/sample_website/.cache/gsv_estrella_fast/best_views/rapid/n1sNll2vjqLs73wqyY-AzA.jpg,
FAkuzS4g9VaMup1-s1PzyA,19.47927919289342,-99.11926336609562,,,,False,114.54270888611123,27,8,0.2962962962962963,0.4583989381790161,270,-4,street_depth,/home/runner/work/sample_website/sample_website/.cache/gsv_estrella_fast/panoramas/rapid/z1_FAkuzS4g9VaMup1-s1PzyA.jpg,/home/runner/work/sample_website/sample_website/.cache/gsv_estrella_fast/best_views/rapid/FAkuzS4g9VaMup1-s1PzyA.jpg,
Vb0NwA73CITBfzN9OwvMSg,19.47298605601874,-99.11618418439801,,,,False,114.48846153846154,13,8,0.6153846153846154,0.534532368183136,90,-4,right_depth,/home/runner/work/sample_website/sample_website/.cache/gsv_estrella_fast/panoramas/rapid/z1_Vb0NwA73CITBfzN9OwvMSg.jpg,/home/runner/work/sample_website/sample_website/.cache/gsv_estrella_fast/best_views/rapid/Vb0NwA73CITBfzN9OwvMSg.jpg,
TyVJjC_OTozuv8lUjX8KPQ,19.47328484447417,-99.12086678598162,,,,False,113.95054926547137,22,8,0.36363636363636365,0.45804861187934875,135,-4,street_depth,/home/runner/work/sample_website/sample_website/.cache/gsv_estrella_fast/panoramas/rapid/z1_TyVJjC_OTozuv8lUjX8KPQ.jpg,/home/runner/work/sample_website/sample_website/.cache/gsv_estrella_fast/best_views/rapid/TyVJjC_OTozuv8lUjX8KPQ.jpg,
abEy-tsVMgGvcO6zVqBeuQ,19.47093827535902,-99.11930659182026,,,,False,113.71035683014813,17,8,0.47058823529411764,0.4661295413970947,225,-4,right_depth,/home/runner/work/sample_website/sample_website/.cache/gsv_estrella_fast/panoramas/rapid/z1_abEy-tsVMgGvcO6zVqBeuQ.jpg,/home/runner/work/sample_website/sample_website/.cache/gsv_estrella_fast/best_views/rapid/abEy-tsVMgGvcO6zVqBeuQ.jpg,
P21_ZF4BJ6IxW3UUdVtFFg,19.47663066290955,-99.11566583521723,,,,False,113.2899882403287,22,8,0.36363636363636365,0.43602991104125977,0,-4,left_houses,/home/runner/work/sample_website/sample_website/.cache/gsv_estrella_fast/panoramas/rapid/z1_P21_ZF4BJ6IxW3UUdVtFFg.jpg,/home/runner/work/sample_website/sample_website/.cache/gsv_estrella_fast/best_views/rapid/P21_ZF4BJ6IxW3UUdVtFFg.jpg,
Exd4vjGVz6PU44P6KK7fJQ,19.47365779525025,-99.12243317390727,,,,False,112.5984916276402,18,8,0.4444444444444444,0.4262460172176361,270,-4,upper_full,/home/runner/work/sample_website/sample_website/.cache/gsv_estrella_fast/panoramas/rapid/z1_Exd4vjGVz6PU44P6KK7fJQ.jpg,/home/runner/work/sample_website/sample_website/.cache/gsv_estrella_fast/best_views/rapid/Exd4vjGVz6PU44P6KK7fJQ.jpg,
d4QVAt9K_dpC6WbGon2IAA,19.47444233570322,-99.11332013620205,,,,False,112.52173562916842,22,8,0.36363636363636365,0.4104214906692505,315,-4,left_houses,/home/runner/work/sample_website/sample_website/.cache/gsv_estrella_fast/panoramas/rapid/z1_d4QVAt9K_dpC6WbGon2IAA.jpg,/home/runner/work/sample_website/sample_website/.cache/gsv_estrella_fast/best_views/rapid/d4QVAt9K_dpC6WbGon2IAA.jpg,
MBDNggc_2mGp9ero1RHKdg,19.47140230022143,-99.1216706186906,,,,False,111.35853846940127,22,8,0.36363636363636365,0.37164825201034546,315,-4,left_houses,/home/runner/work/sample_website/sample_website/.cache/gsv_estrella_fast/panoramas/rapid/z1_MBDNggc_2mGp9ero1RHKdg.jpg,/home/runner/work/sample_website/sample_website/.cache/gsv_estrella_fast/best_views/rapid/MBDNggc_2mGp9ero1RHKdg.jpg,
gjGU1BeNNLRIAJwRcT5QLQ,19.47346668484162,-99.11679168716788,,,,False,108.02574350550061,21,8,0.38095238095238093,0.26411208510398865,0,-4,street_depth,/home/runner/work/sample_website/sample_website/.cache/gsv_estrella_fast/panoramas/rapid/z1_gjGU1BeNNLRIAJwRcT5QLQ.jpg,/home/runner/work/sample_website/sample_website/.cache/gsv_estrella_fast/best_views/rapid/gjGU1BeNNLRIAJwRcT5QLQ.jpg,
6CGz-_9GgERdjpIbOvQSHQ,19.47932828654025,-99.11650617042095,,,,False,107.31483336885769,24,8,0.3333333333333333,0.22938333451747894,45,-4,left_houses,/home/runner/work/sample_website/sample_website/.cache/gsv_estrella_fast/panoramas/rapid/z1_6CGz-_9GgERdjpIbOvQSHQ.jpg,/home/runner/work/sample_website/sample_website/.cache/gsv_estrella_fast/best_views/rapid/6CGz-_9GgERdjpIbOvQSHQ.jpg,
M1v5p4OugOnzPFC8FWqL9w,19.47726462063282,-99.11378781847601,,,,False,105.58723720767918,17,8,0.47058823529411764,0.19535888731479645,315,-4,upper_full,/home/runner/work/sample_website/sample_website/.cache/gsv_estrella_fast/panoramas/rapid/z1_M1v5p4OugOnzPFC8FWqL9w.jpg,/home/runner/work/sample_website/sample_website/.cache/gsv_estrella_fast/best_views/rapid/M1v5p4OugOnzPFC8FWqL9w.jpg,
A-4gnBdVXMVeBTDYrFirKw,19.47216618267242,-99.11482078131007,,,,False,105.46506627514249,21,8,0.38095238095238093,0.17875617742538452,135,-4,street_depth,/home/runner/work/sample_website/sample_website/.cache/gsv_estrella_fast/panoramas/rapid/z1_A-4gnBdVXMVeBTDYrFirKw.jpg,/home/runner/work/sample_website/sample_website/.cache/gsv_estrella_fast/best_views/rapid/A-4gnBdVXMVeBTDYrFirKw.jpg,
ZUCLoNP0chpU5mOn6ausDQ,19.47944040237714,-99.1200126434434,,,,False,103.45,25,7,0.28,0.8409978151321411,45,-4,left_houses,/home/runner/work/sample_website/sample_website/.cache/gsv_estrella_fast/panoramas/rapid/z1_ZUCLoNP0chpU5mOn6ausDQ.jpg,/home/runner/work/sample_website/sample_website/.cache/gsv_estrella_fast/best_views/rapid/ZUCLoNP0chpU5mOn6ausDQ.jpg,
6QlxyBipX_K1ySuqhs7IjQ,19.47131007618525,-99.12209031021479,,,,False,103.2108695652174,23,7,0.30434782608695654,0.5008364915847778,0,-4,upper_full,/home/runner/work/sample_website/sample_website/.cache/gsv_estrella_fast/panoramas/rapid/z1_6QlxyBipX_K1ySuqhs7IjQ.jpg,/home/runner/work/sample_website/sample_website/.cache/gsv_estrella_fast/best_views/rapid/6QlxyBipX_K1ySuqhs7IjQ.jpg,
SdG2kbzskbTo1P82kE_f8g,19.47361061417277,-99.11364151973727,,,,False,102.98333333333333,21,7,0.3333333333333333,0.6630903482437134,135,-4,left_houses,/home/runner/work/sample_website/sample_website/.cache/gsv_estrella_fast/panoramas/rapid/z1_SdG2kbzskbTo1P82kE_f8g.jpg,/home/runner/work/sample_website/sample_website/.cache/gsv_estrella_fast/best_views/rapid/SdG2kbzskbTo1P82kE_f8g.jpg,
dAvXmhBfIi3yfueYofVE3A,19.47368447519214,-99.11544591772991,,,,False,102.77105263157894,19,7,0.3684210526315789,0.7138022780418396,90,-4,left_houses,/home/runner/work/sample_website/sample_website/.cache/gsv_estrella_fast/panoramas/rapid/z1_dAvXmhBfIi3yfueYofVE3A.jpg,/home/runner/work/sample_website/sample_website/.cache/gsv_estrella_fast/best_views/rapid/dAvXmhBfIi3yfueYofVE3A.jpg,
qrpWAW4kStFSEu9HIdiICw,19.47528524191873,-99.11344583609628,,,,False,102.57941176470588,17,7,0.4117647058823529,0.5184091329574585,135,-4,left_houses,/home/runner/work/sample_website/sample_website/.cache/gsv_estrella_fast/panoramas/rapid/z1_qrpWAW4kStFSEu9HIdiICw.jpg,/home/runner/work/sample_website/sample_website/.cache/gsv_estrella_fast/best_views/rapid/qrpWAW4kStFSEu9HIdiICw.jpg,
DSFXe3BxfydufGI1n5TLaQ,19.47813737352082,-99.11795563013732,,,,False,102.44288351668253,18,7,0.3888888888888889,0.4923553764820099,180,-4,street_depth,/home/runner/work/sample_website/sample_website/.cache/gsv_estrella_fast/panoramas/rapid/z1_DSFXe3BxfydufGI1n5TLaQ.jpg,/home/runner/work/sample_website/sample_website/.cache/gsv_estrella_fast/best_views/rapid/DSFXe3BxfydufGI1n5TLaQ.jpg,
4fbbAYsXjluXW6MM1JNgzw,19.47744891374973,-99.11579888348065,,,,False,101.7415787903886,19,7,0.3684210526315789,0.4656842052936554,225,-4,left_houses,/home/runner/work/sample_website/sample_website/.cache/gsv_estrella_fast/panoramas/rapid/z1_4fbbAYsXjluXW6MM1JNgzw.jpg,/home/runner/work/sample_website/sample_website/.cache/gsv_estrella_fast/best_views/rapid/4fbbAYsXjluXW6MM1JNgzw.jpg,
VI_vsb-Axt2TqIZouA6bOg,19.47736031098943,-99.1140891964114,,,,False,100.02758160829543,14,7,0.5,0.422586053609848,180,-4,street_depth,/home/runner/work/sample_website/sample_website/.cache/gsv_estrella_fast/panoramas/rapid/z1_VI_vsb-Axt2TqIZouA6bOg.jpg,/home/runner/work/sample_website/sample_website/.cache/gsv_estrella_fast/best_views/rapid/VI_vsb-Axt2TqIZouA6bOg.jpg,
BtR6ahENeuOtCQagtEdkkg,19.47286288156303,-99.11438762078245,,,,False,98.99234191179275,14,7,0.5,0.38807806372642517,90,-4,street_depth,/home/runner/work/sample_website/sample_website/.cache/gsv_estrella_fast/panoramas/rapid/z1_BtR6ahENeuOtCQagtEdkkg.jpg,/home/runner/work/sample_website/sample_website/.cache/gsv_estrella_fast/best_views/rapid/BtR6ahENeuOtCQagtEdkkg.jpg,
64osz4yZCXDAaDTQfWNaKA,19.47436664967972,-99.12319911357882,,,,False,97.59144307374955,25,7,0.28,0.30471476912498474,180,-4,left_houses,/home/runner/work/sample_website/sample_website/.cache/gsv_estrella_fast/panoramas/rapid/z1_64osz4yZCXDAaDTQfWNaKA.jpg,/home/runner/work/sample_website/sample_website/.cache/gsv_estrella_fast/best_views/rapid/64osz4yZCXDAaDTQfWNaKA.jpg,
eUJxZV_wHU6wrBy3SrpExw,19.47591934345548,-99.11594290678732,,,,False,97.0552115281423,21,7,0.3333333333333333,0.30239593982696533,90,-4,left_houses,/home/runner/work/sample_website/sample_website/.cache/gsv_estrella_fast/panoramas/rapid/z1_eUJxZV_wHU6wrBy3SrpExw.jpg,/home/runner/work/sample_website/sample_website/.cache/gsv_estrella_fast/best_views/rapid/eUJxZV_wHU6wrBy3SrpExw.jpg,
13_xf0CCeyBKa17OQzelwQ,19.47246488746229,-99.11638941445814,,,,False,90.53333333333333,18,6,0.3333333333333333,0.564050555229187,270,-4,left_houses,/home/runner/work/sample_website/sample_website/.cache/gsv_estrella_fast/panoramas/rapid/z1_13_xf0CCeyBKa17OQzelwQ.jpg,/home/runner/work/sample_website/sample_website/.cache/gsv_estrella_fast/best_views/rapid/13_xf0CCeyBKa17OQzelwQ.jpg,
0i7ZoLtF_yOIrsrzOvn8RQ,19.47713078208403,-99.1169495575994,,,,False,-1.0,0,0,0.0,0.0,0,0,,/home/runner/work/sample_website/sample_website/.cache/gsv_estrella_fast/panoramas/rapid/z1_0i7ZoLtF_yOIrsrzOvn8RQ.jpg,,download: RuntimeError('panorama metadata unavailable')
