pano_id,lat,lon,date,source,parent_id,is_historical,best_score,good_matches,inliers,inlier_ratio,coverage,yaw,pitch,target_crop,pano_path,view_path,error
9ESpeGMXdt6qRUu3B2xnSQ,19.47414852089944,-99.11761253239715,,,,False,1614.7297297297298,148,132,0.8918918918918919,0.8112645745277405,225,-4,left_houses,/home/runner/work/sample_website/sample_website/.cache/gsv_estrella_fast/panoramas/coarse/z1_9ESpeGMXdt6qRUu3B2xnSQ.jpg,/home/runner/work/sample_website/sample_website/.cache/gsv_estrella_fast/best_views/coarse/9ESpeGMXdt6qRUu3B2xnSQ.jpg,
BU_z24DGtUByuT1B65a2SA,19.47476860328039,-99.12100642822219,,,,False,1614.6019108280254,157,132,0.8407643312101911,0.5927826762199402,270,-4,left_houses,/home/runner/work/sample_website/sample_website/.cache/gsv_estrella_fast/panoramas/coarse/z1_BU_z24DGtUByuT1B65a2SA.jpg,/home/runner/work/sample_website/sample_website/.cache/gsv_estrella_fast/best_views/coarse/BU_z24DGtUByuT1B65a2SA.jpg,
iBhDXMuslhYJwJPzyc-DwQ,19.47620104306715,-99.12044693203364,,,,False,1598.9108844003476,143,131,0.916083916083916,0.37068915367126465,90,-4,left_houses,/home/runner/work/sample_website/sample_website/.cache/gsv_estrella_fast/panoramas/coarse/z1_iBhDXMuslhYJwJPzyc-DwQ.jpg,/home/runner/work/sample_website/sample_website/.cache/gsv_estrella_fast/best_views/coarse/iBhDXMuslhYJwJPzyc-DwQ.jpg,
fHEB3s2yq9yYcRi7aiaQzQ,19.4759320997171,-99.12078463863493,,,,False,1506.8837209302326,129,123,0.9534883720930233,0.7374014854431152,180,-4,left_houses,/home/runner/work/sample_website/sample_website/.cache/gsv_estrella_fast/panoramas/coarse/z1_fHEB3s2yq9yYcRi7aiaQzQ.jpg,/home/runner/work/sample_website/sample_website/.cache/gsv_estrella_fast/best_views/coarse/fHEB3s2yq9yYcRi7aiaQzQ.jpg,
YQ1ebowSS6GaQ-Id0qX6Jg,19.47549150225666,-99.11908826838011,,,,False,1470.6496286460986,143,121,0.8461538461538461,0.10114146769046783,45,-4,left_houses,/home/runner/work/sample_website/sample_website/.cache/gsv_estrella_fast/panoramas/coarse/z1_YQ1ebowSS6GaQ-Id0qX6Jg.jpg,/home/runner/work/sample_website/sample_website/.cache/gsv_estrella_fast/best_views/coarse/YQ1ebowSS6GaQ-Id0qX6Jg.jpg,
9Hcvu9-K1H1oaSExxl2Tjw,19.47843345713601,-99.12114699940624,,,,False,1458.7037037037037,135,119,0.8814814814814815,0.8613084554672241,90,-4,left_houses,/home/runner/work/sample_website/sample_website/.cache/gsv_estrella_fast/panoramas/coarse/z1_9Hcvu9-K1H1oaSExxl2Tjw.jpg,/home/runner/work/sample_website/sample_website/.cache/gsv_estrella_fast/best_views/coarse/9Hcvu9-K1H1oaSExxl2Tjw.jpg,
Y9fHafiWWe1zKUMFs1BcHA,19.47512886748073,-99.11524313830344,,,,False,1377.8989090120792,125,113,0.904,0.2046303004026413,180,-4,left_houses,/home/runner/work/sample_website/sample_website/.cache/gsv_estrella_fast/panoramas/coarse/z1_Y9fHafiWWe1zKUMFs1BcHA.jpg,/home/runner/work/sample_website/sample_website/.cache/gsv_estrella_fast/best_views/coarse/Y9fHafiWWe1zKUMFs1BcHA.jpg,
5YrnU_UJXdDY2hS2CbylbQ,19.47409010556292,-99.1214760973561,,,,False,1374.758064516129,124,112,0.9032258064516129,0.7811935544013977,45,-4,full,/home/runner/work/sample_website/sample_website/.cache/gsv_estrella_fast/panoramas/coarse/z1_5YrnU_UJXdDY2hS2CbylbQ.jpg,/home/runner/work/sample_website/sample_website/.cache/gsv_estrella_fast/best_views/coarse/5YrnU_UJXdDY2hS2CbylbQ.jpg,
I6yQParP2GKmQwdQXeNnzw,19.46976158777503,-99.11765415318123,,,,False,1224.4351752711846,111,100,0.9009009009009009,0.28943076729774475,315,-4,left_houses,/home/runner/work/sample_website/sample_website/.cache/gsv_estrella_fast/panoramas/coarse/z1_I6yQParP2GKmQwdQXeNnzw.jpg,/home/runner/work/sample_website/sample_website/.cache/gsv_estrella_fast/best_views/coarse/I6yQParP2GKmQwdQXeNnzw.jpg,
jR3Egpehoj05m51f0TSZPA,19.47929815787647,-99.11945070587983,,,,False,1218.8798076923076,104,99,0.9519230769230769,0.676372230052948,0,-4,left_houses,/home/runner/work/sample_website/sample_website/.cache/gsv_estrella_fast/panoramas/coarse/z1_jR3Egpehoj05m51f0TSZPA.jpg,/home/runner/work/sample_website/sample_website/.cache/gsv_estrella_fast/best_views/coarse/jR3Egpehoj05m51f0TSZPA.jpg,
DrIrGTEG6Wgy0wEskIkxBA,19.47221843195818,-99.12350601496794,,,,False,1170.4957983193278,119,95,0.7983193277310925,0.692692220211029,270,-4,left_houses,/home/runner/work/sample_website/sample_website/.cache/gsv_estrella_fast/panoramas/coarse/z1_DrIrGTEG6Wgy0wEskIkxBA.jpg,/home/runner/work/sample_website/sample_website/.cache/gsv_estrella_fast/best_views/coarse/DrIrGTEG6Wgy0wEskIkxBA.jpg,
D-OZq-VgUC7TJxxmA2rUMg,19.4721749384293,-99.11935099952267,,,,False,1164.8030681547111,123,95,0.7723577235772358,0.3124057948589325,45,-4,left_houses,/home/runner/work/sample_website/sample_website/.cache/gsv_estrella_fast/panoramas/coarse/z1_D-OZq-VgUC7TJxxmA2rUMg.jpg,/home/runner/work/sample_website/sample_website/.cache/gsv_estrella_fast/best_views/coarse/D-OZq-VgUC7TJxxmA2rUMg.jpg,
1kHzwwzznoGLtyUFaukGKQ,19.47851710908852,-99.11738450491639,,,,False,1139.7796708721864,95,93,0.9789473684210527,0.26107674837112427,90,-4,left_houses,/home/runner/work/sample_website/sample_website/.cache/gsv_estrella_fast/panoramas/coarse/z1_1kHzwwzznoGLtyUFaukGKQ.jpg,/home/runner/work/sample_website/sample_website/.cache/gsv_estrella_fast/best_views/coarse/1kHzwwzznoGLtyUFaukGKQ.jpg,
NuSqkxODx7ESeWTWoSHbRg,19.47101036713723,-99.11488139526851,,,,False,1086.7,100,88,0.88,0.6096291542053223,315,-4,left_houses,/home/runner/work/sample_website/sample_website/.cache/gsv_estrella_fast/panoramas/coarse/z1_NuSqkxODx7ESeWTWoSHbRg.jpg,/home/runner/work/sample_website/sample_website/.cache/gsv_estrella_fast/best_views/coarse/NuSqkxODx7ESeWTWoSHbRg.jpg,
z3oHLejeB0GyfKLHEJTviQ,19.46963512466253,-99.11835706649579,,,,False,1074.5327102803737,107,87,0.8130841121495327,0.5782960653305054,315,-4,left_houses,/home/runner/work/sample_website/sample_website/.cache/gsv_estrella_fast/panoramas/coarse/z1_z3oHLejeB0GyfKLHEJTviQ.jpg,/home/runner/work/sample_website/sample_website/.cache/gsv_estrella_fast/best_views/coarse/z3oHLejeB0GyfKLHEJTviQ.jpg,
VdMcSVXqFrF1NNn1Ld1Trw,19.47394413796182,-99.11534554100523,,,,False,1074.407894736842,114,87,0.7631578947368421,0.7262267470359802,90,-4,left_houses,/home/runner/work/sample_website/sample_website/.cache/gsv_estrella_fast/panoramas/coarse/z1_VdMcSVXqFrF1NNn1Ld1Trw.jpg,/home/runner/work/sample_website/sample_website/.cache/gsv_estrella_fast/best_views/coarse/VdMcSVXqFrF1NNn1Ld1Trw.jpg,
ySYgxex26Brui5z4yqWbsw,19.47278555742608,-99.1220052910536,,,,False,1050.625,100,85,0.85,0.5418370366096497,315,-4,upper_full,/home/runner/work/sample_website/sample_website/.cache/gsv_estrella_fast/panoramas/coarse/z1_ySYgxex26Brui5z4yqWbsw.jpg,/home/runner/work/sample_website/sample_website/.cache/gsv_estrella_fast/best_views/coarse/ySYgxex26Brui5z4yqWbsw.jpg,
SMCj-kDYZvbQ7nOeap5kJg,19.47456074010785,-99.11992163225355,,,,False,1038.7105263157894,95,84,0.8842105263157894,0.6518507599830627,225,-4,upper_full,/home/runner/work/sample_website/sample_website/.cache/gsv_estrella_fast/panoramas/coarse/z1_SMCj-kDYZvbQ7nOeap5kJg.jpg,/home/runner/work/sample_website/sample_website/.cache/gsv_estrella_fast/best_views/coarse/SMCj-kDYZvbQ7nOeap5kJg.jpg,
ZIWwhiZSNBCGBmFNRJuA_g,19.47157277518811,-99.12126139836025,,,,False,1038.6649484536083,97,84,0.865979381443299,0.6115999221801758,270,-4,upper_full,/home/runner/work/sample_website/sample_website/.cache/gsv_estrella_fast/panoramas/coarse/z1_ZIWwhiZSNBCGBmFNRJuA_g.jpg,/home/runner/work/sample_website/sample_website/.cache/gsv_estrella_fast/best_views/coarse/ZIWwhiZSNBCGBmFNRJuA_g.jpg,
BB8ga4VKmH9YuySWlJ7Paw,19.47867577345969,-99.11582598280515,,,,False,1024.741715333511,97,83,0.8556701030927835,0.4367513358592987,315,-4,upper_full,/home/runner/work/sample_website/sample_website/.cache/gsv_estrella_fast/panoramas/coarse/z1_BB8ga4VKmH9YuySWlJ7Paw.jpg,/home/runner/work/sample_website/sample_website/.cache/gsv_estrella_fast/best_views/coarse/BB8ga4VKmH9YuySWlJ7Paw.jpg,
2SGlis8lFisSOhDIiWlaEQ,19.47514703035437,-99.12329983789374,,,,False,1018.3161446039493,104,83,0.7980769230769231,0.22736507654190063,315,-4,left_houses,/home/runner/work/sample_website/sample_website/.cache/gsv_estrella_fast/panoramas/coarse/z1_2SGlis8lFisSOhDIiWlaEQ.jpg,/home/runner/work/sample_website/sample_website/.cache/gsv_estrella_fast/best_views/coarse/2SGlis8lFisSOhDIiWlaEQ.jpg,
QV6Rsxt_KnW8GyQJwbALLg,19.46941135205414,-99.11940587599511,,,,False,1015.1733806898781,102,83,0.8137254901960784,0.12130223214626312,0,-4,left_houses,/home/runner/work/sample_website/sample_website/.cache/gsv_estrella_fast/panoramas/coarse/z1_QV6Rsxt_KnW8GyQJwbALLg.jpg,/home/runner/work/sample_website/sample_website/.cache/gsv_estrella_fast/best_views/coarse/QV6Rsxt_KnW8GyQJwbALLg.jpg,
-G3hcqsZnaIYjW0ovm8qDA,19.47617800336651,-99.1168181114483,,,,False,991.7667008664297,115,81,0.7043478260869566,0.15019437670707703,0,-4,left_houses,/home/runner/work/sample_website/sample_website/.cache/gsv_estrella_fast/panoramas/coarse/z1_-G3hcqsZnaIYjW0ovm8qDA.jpg,/home/runner/work/sample_website/sample_website/.cache/gsv_estrella_fast/best_views/coarse/-G3hcqsZnaIYjW0ovm8qDA.jpg,
cqEydbzr4pYXQl9vgFgxxw,19.47264121454358,-99.11493837918506,,,,False,979.696155299743,96,80,0.8333333333333334,0.13709406554698944,90,-4,left_houses,/home/runner/work/sample_website/sample_website/.cache/gsv_estrella_fast/panoramas/coarse/z1_cqEydbzr4pYXQl9vgFgxxw.jpg,/home/runner/work/sample_website/sample_website/.cache/gsv_estrella_fast/best_views/coarse/cqEydbzr4pYXQl9vgFgxxw.jpg,
PzHuCbpRBAVndPsNXeM2rw,19.47125721939994,-99.12034317196718,,,,False,977.5301136043337,90,79,0.8777777777777778,0.4611889719963074,270,-4,left_houses,/home/runner/work/sample_website/sample_website/.cache/gsv_estrella_fast/panoramas/coarse/z1_PzHuCbpRBAVndPsNXeM2rw.jpg,/home/runner/work/sample_website/sample_website/.cache/gsv_estrella_fast/best_views/coarse/PzHuCbpRBAVndPsNXeM2rw.jpg,
3zubX0Su7QvZLNY0TwPWYw,19.47752603946862,-99.11993514040134,,,,False,962.4856283285645,89,78,0.8764044943820225,0.36482056975364685,0,-4,left_houses,/home/runner/work/sample_website/sample_website/.cache/gsv_estrella_fast/panoramas/coarse/z1_3zubX0Su7QvZLNY0TwPWYw.jpg,/home/runner/work/sample_website/sample_website/.cache/gsv_estrella_fast/best_views/coarse/3zubX0Su7QvZLNY0TwPWYw.jpg,
54ffc8m8Ok4NsLkETr-2Lg,19.47254822045595,-99.114394458808,,,,False,954.5923913043479,92,77,0.8369565217391305,0.6278634071350098,315,-4,left_houses,/home/runner/work/sample_website/sample_website/.cache/gsv_estrella_fast/panoramas/coarse/z1_54ffc8m8Ok4NsLkETr-2Lg.jpg,/home/runner/work/sample_website/sample_website/.cache/gsv_estrella_fast/best_views/coarse/54ffc8m8Ok4NsLkETr-2Lg.jpg,
tsTF1CpaQVQIfj-M1EoRFw,19.47016017253231,-99.11814794787172,,,,False,941.3141319901756,89,77,0.8651685393258427,0.06004035472869873,45,-4,left_houses,/home/runner/work/sample_website/sample_website/.cache/gsv_estrella_fast/panoramas/coarse/z1_tsTF1CpaQVQIfj-M1EoRFw.jpg,/home/runner/work/sample_website/sample_website/.cache/gsv_estrella_fast/best_views/coarse/tsTF1CpaQVQIfj-M1EoRFw.jpg,
1xswMrKgW1XRcVr1Nc5ScQ,19.47771923675401,-99.11513060523033,,,,False,939.1508768684562,87,76,0.8735632183908046,0.3972322940826416,270,-4,left_houses,/home/runner/work/sample_website/sample_website/.cache/gsv_estrella_fast/panoramas/coarse/z1_1xswMrKgW1XRcVr1Nc5ScQ.jpg,/home/runner/work/sample_website/sample_website/.cache/gsv_estrella_fast/best_views/coarse/1xswMrKgW1XRcVr1Nc5ScQ.jpg,
7gyl6RAhRZ2g5J0kxTL14g,19.47509642951254,-99.11514985318658,,,,False,927.4687749743462,96,75,0.78125,0.4005216658115387,0,-4,left_houses,/home/runner/work/sample_website/sample_website/.cache/gsv_estrella_fast/panoramas/coarse/z1_7gyl6RAhRZ2g5J0kxTL14g.jpg,/home/runner/work/sample_website/sample_website/.cache/gsv_estrella_fast/best_views/coarse/7gyl6RAhRZ2g5J0kxTL14g.jpg,
JBncshQUDnCeyKu_dzhacg,19.47238366544526,-99.11467760423166,,,,False,918.0384592439817,92,74,0.8043478260869565,0.4842529892921448,135,-4,left_houses,/home/runner/work/sample_website/sample_website/.cache/gsv_estrella_fast/panoramas/coarse/z1_JBncshQUDnCeyKu_dzhacg.jpg,/home/runner/work/sample_website/sample_website/.cache/gsv_estrella_fast/best_views/coarse/JBncshQUDnCeyKu_dzhacg.jpg,
6lXCEJWCJ06dPoHvMhDarA,19.47151017298435,-99.12107979537387,,,,False,901.4051966039758,95,73,0.7684210526315789,0.332804799079895,45,-4,left_houses,/home/runner/work/sample_website/sample_website/.cache/gsv_estrella_fast/panoramas/coarse/z1_6lXCEJWCJ06dPoHvMhDarA.jpg,/home/runner/work/sample_website/sample_website/.cache/gsv_estrella_fast/best_views/coarse/6lXCEJWCJ06dPoHvMhDarA.jpg,
svFmqss9MHZER42QcW7gUg,19.47386128552697,-99.11655859668971,,,,False,882.0902298850574,87,71,0.8160919540229885,0.6169648766517639,135,-4,left_houses,/home/runner/work/sample_website/sample_website/.cache/gsv_estrella_fast/panoramas/coarse/z1_svFmqss9MHZER42QcW7gUg.jpg,/home/runner/work/sample_website/sample_website/.cache/gsv_estrella_fast/best_views/coarse/svFmqss9MHZER42QcW7gUg.jpg,
SK7p-9u_n_rd9dHwrljs5g,19.47030157218027,-99.11815098713727,,,,False,881.5885542168675,83,71,0.8554216867469879,0.7451780438423157,315,-4,full,/home/runner/work/sample_website/sample_website/.cache/gsv_estrella_fast/panoramas/coarse/z1_SK7p-9u_n_rd9dHwrljs5g.jpg,/home/runner/work/sample_website/sample_website/.cache/gsv_estrella_fast/best_views/coarse/SK7p-9u_n_rd9dHwrljs5g.jpg,
Kbr_pUhwyM7nSXkHaglRsw,19.46972257555871,-99.11832245255573,,,,False,871.3969360127506,83,71,0.8554216867469879,0.16027939319610596,0,-4,upper_full,/home/runner/work/sample_website/sample_website/.cache/gsv_estrella_fast/panoramas/coarse/z1_Kbr_pUhwyM7nSXkHaglRsw.jpg,/home/runner/work/sample_website/sample_website/.cache/gsv_estrella_fast/best_views/coarse/Kbr_pUhwyM7nSXkHaglRsw.jpg,
rkENh-Sfvp60ZtTl__JvZg,19.46976398327396,-99.11696112352027,,,,False,845.9166666666666,120,68,0.5666666666666667,0.5963659286499023,0,-4,left_houses,/home/runner/work/sample_website/sample_website/.cache/gsv_estrella_fast/panoramas/coarse/z1_rkENh-Sfvp60ZtTl__JvZg.jpg,/home/runner/work/sample_website/sample_website/.cache/gsv_estrella_fast/best_views/coarse/rkENh-Sfvp60ZtTl__JvZg.jpg,
vI7affGPLsj7-ou18yCnHQ,19.47664865914086,-99.1165624801184,,,,False,844.9268447943709,88,69,0.7840909090909091,0.05888725072145462,180,-4,left_houses,/home/runner/work/sample_website/sample_website/.cache/gsv_estrella_fast/panoramas/coarse/z1_vI7affGPLsj7-ou18yCnHQ.jpg,/home/runner/work/sample_website/sample_website/.cache/gsv_estrella_fast/best_views/coarse/vI7affGPLsj7-ou18yCnHQ.jpg,
LCZJ8KE8imxN5oV92IC-rg,19.47549521698407,-99.1170127058594,,,,False,833.6863416823475,88,67,0.7613636363636364,0.4860977530479431,180,-4,left_houses,/home/runner/work/sample_website/sample_website/.cache/gsv_estrella_fast/panoramas/coarse/z1_LCZJ8KE8imxN5oV92IC-rg.jpg,/home/runner/work/sample_website/sample_website/.cache/gsv_estrella_fast/best_views/coarse/LCZJ8KE8imxN5oV92IC-rg.jpg,
O9WGeGdKOScFo-L60PHtEQ,19.46960468406619,-99.1193314128524,,,,False,821.3121951219512,82,66,0.8048780487804879,0.6883232593536377,0,-4,left_houses,/home/runner/work/sample_website/sample_website/.cache/gsv_estrella_fast/panoramas/coarse/z1_O9WGeGdKOScFo-L60PHtEQ.jpg,/home/runner/work/sample_website/sample_website/.cache/gsv_estrella_fast/best_views/coarse/O9WGeGdKOScFo-L60PHtEQ.jpg,
Kb2c9-JUaIzUvOzCMllJSg,19.47186533360611,-99.12195446534207,,,,False,808.6603896103895,77,65,0.8441558441558441,0.612254798412323,45,-4,left_houses,/home/runner/work/sample_website/sample_website/.cache/gsv_estrella_fast/panoramas/coarse/z1_Kb2c9-JUaIzUvOzCMllJSg.jpg,/home/runner/work/sample_website/sample_website/.cache/gsv_estrella_fast/best_views/coarse/Kb2c9-JUaIzUvOzCMllJSg.jpg,
lMxRJ2x_Btiti_BCZIkdmA,19.47365863009021,-99.12166285133657,,,,False,798.0686274509804,102,64,0.6274509803921569,0.620578944683075,0,-4,left_houses,/home/runner/work/sample_website/sample_website/.cache/gsv_estrella_fast/panoramas/coarse/z1_lMxRJ2x_Btiti_BCZIkdmA.jpg,/home/runner/work/sample_website/sample_website/.cache/gsv_estrella_fast/best_views/coarse/lMxRJ2x_Btiti_BCZIkdmA.jpg,
8MbBqQohSLOJwYqjdARydA,19.47954514086989,-99.11915614613747,,,,False,786.0291262135922,103,63,0.6116504854368932,0.6490725874900818,225,-4,left_houses,/home/runner/work/sample_website/sample_website/.cache/gsv_estrella_fast/panoramas/coarse/z1_8MbBqQohSLOJwYqjdARydA.jpg,/home/runner/work/sample_website/sample_website/.cache/gsv_estrella_fast/best_views/coarse/8MbBqQohSLOJwYqjdARydA.jpg,
Mtj2StLgOVaTjfyp25sXvQ,19.47575946211227,-99.11774322004364,,,,False,772.4394736842105,76,62,0.8157894736842105,0.5426102876663208,315,-4,left_houses,/home/runner/work/sample_website/sample_website/.cache/gsv_estrella_fast/panoramas/coarse/z1_Mtj2StLgOVaTjfyp25sXvQ.jpg,/home/runner/work/sample_website/sample_website/.cache/gsv_estrella_fast/best_views/coarse/Mtj2StLgOVaTjfyp25sXvQ.jpg,
eJZQlzISa_94N0MG7uiq6g,19.47659942627797,-99.12014612108105,,,,False,772.3379013351905,78,62,0.7948717948717948,0.48835739493370056,90,-4,upper_full,/home/runner/work/sample_website/sample_website/.cache/gsv_estrella_fast/panoramas/coarse/z1_eJZQlzISa_94N0MG7uiq6g.jpg,/home/runner/work/sample_website/sample_website/.cache/gsv_estrella_fast/best_views/coarse/eJZQlzISa_94N0MG7uiq6g.jpg,
qaASPlN422sHEA9SdRnf-A,19.4727976180946,-99.11490072758527,,,,False,767.4117248666053,102,62,0.6078431372549019,0.2797372341156006,225,-4,left_houses,/home/runner/work/sample_website/sample_website/.cache/gsv_estrella_fast/panoramas/coarse/z1_qaASPlN422sHEA9SdRnf-A.jpg,/home/runner/work/sample_website/sample_website/.cache/gsv_estrella_fast/best_views/coarse/qaASPlN422sHEA9SdRnf-A.jpg,
mR3YuMWQkWNF1hJmF8mlXQ,19.47465259634501,-99.11688151287244,,,,False,766.4863580324518,127,62,0.4881889763779528,0.25886285305023193,225,-4,left_houses,/home/runner/work/sample_website/sample_website/.cache/gsv_estrella_fast/panoramas/coarse/z1_mR3YuMWQkWNF1hJmF8mlXQ.jpg,/home/runner/work/sample_website/sample_website/.cache/gsv_estrella_fast/best_views/coarse/mR3YuMWQkWNF1hJmF8mlXQ.jpg,
ei6m0gT7QQ0k5MV62IBB4A,19.47062225303656,-99.11904099037424,,,,False,759.326119402985,67,61,0.9104477611940298,0.7675951719284058,135,-4,full,/home/runner/work/sample_website/sample_website/.cache/gsv_estrella_fast/panoramas/coarse/z1_ei6m0gT7QQ0k5MV62IBB4A.jpg,/home/runner/work/sample_website/sample_website/.cache/gsv_estrella_fast/best_views/coarse/ei6m0gT7QQ0k5MV62IBB4A.jpg,
rl9QuRs3Yjk1A9gl-tp8dw,19.47170698030199,-99.11437318495268,,,,False,754.8984445755547,74,61,0.8243243243243243,0.32458779215812683,45,-4,left_houses,/home/runner/work/sample_website/sample_website/.cache/gsv_estrella_fast/panoramas/coarse/z1_rl9QuRs3Yjk1A9gl-tp8dw.jpg,/home/runner/work/sample_website/sample_website/.cache/gsv_estrella_fast/best_views/coarse/rl9QuRs3Yjk1A9gl-tp8dw.jpg,
W2XOacFfaYawzRqeXBkfkw,19.47208797971964,-99.1217945587463,,,,False,735.9705479452056,73,59,0.8082191780821918,0.7429918646812439,45,-4,left_houses,/home/runner/work/sample_website/sample_website/.cache/gsv_estrella_fast/panoramas/coarse/z1_W2XOacFfaYawzRqeXBkfkw.jpg,/home/runner/work/sample_website/sample_website/.cache/gsv_estrella_fast/best_views/coarse/W2XOacFfaYawzRqeXBkfkw.jpg,
pQRlddV5F7jsCeBEM8uKfw,19.47281781551373,-99.12176703525682,,,,False,735.7274647887324,71,59,0.8309859154929577,0.711208701133728,180,-4,full,/home/runner/work/sample_website/sample_website/.cache/gsv_estrella_fast/panoramas/coarse/z1_pQRlddV5F7jsCeBEM8uKfw.jpg,/home/runner/work/sample_website/sample_website/.cache/gsv_estrella_fast/best_views/coarse/pQRlddV5F7jsCeBEM8uKfw.jpg,
MNMC5oVRosNKnPnskNbeiw,19.47854788319499,-99.1206955683802,,,,False,710.9949726614832,69,58,0.8405797101449275,0.0847841128706932,225,-4,left_houses,/home/runner/work/sample_website/sample_website/.cache/gsv_estrella_fast/panoramas/coarse/z1_MNMC5oVRosNKnPnskNbeiw.jpg,/home/runner/work/sample_website/sample_website/.cache/gsv_estrella_fast/best_views/coarse/MNMC5oVRosNKnPnskNbeiw.jpg,
KEDNOuKMImQjgYRxhuYy_w,19.47240209496986,-99.1144458706484,,,,False,705.4323651594275,68,57,0.8382352941176471,0.30455923080444336,225,-4,left_houses,/home/runner/work/sample_website/sample_website/.cache/gsv_estrella_fast/panoramas/coarse/z1_KEDNOuKMImQjgYRxhuYy_w.jpg,/home/runner/work/sample_website/sample_website/.cache/gsv_estrella_fast/best_views/coarse/KEDNOuKMImQjgYRxhuYy_w.jpg,
K_5-1E7QHfMyg8UmfaiIyg,19.47838282655167,-99.11979980574897,,,,False,702.2681497735136,68,57,0.8382352941176471,0.19908538460731506,180,-4,left_houses,/home/runner/work/sample_website/sample_website/.cache/gsv_estrella_fast/panoramas/coarse/z1_K_5-1E7QHfMyg8UmfaiIyg.jpg,/home/runner/work/sample_website/sample_website/.cache/gsv_estrella_fast/best_views/coarse/K_5-1E7QHfMyg8UmfaiIyg.jpg,
QRH1FqmlQQbCgsLpexrYZg,19.47239799704828,-99.11485353647966,,,,False,700.3681818181818,77,56,0.7272727272727273,0.6266875267028809,270,-4,left_houses,/home/runner/work/sample_website/sample_website/.cache/gsv_estrella_fast/panoramas/coarse/z1_QRH1FqmlQQbCgsLpexrYZg.jpg,/home/runner/work/sample_website/sample_website/.cache/gsv_estrella_fast/best_views/coarse/QRH1FqmlQQbCgsLpexrYZg.jpg,
ML8uRbNL2klLGTRYsuxQxA,19.47329715234524,-99.1231836630036,,,,False,699.2588235294118,68,56,0.8235294117647058,0.6902755498886108,225,-4,left_houses,/home/runner/work/sample_website/sample_website/.cache/gsv_estrella_fast/panoramas/coarse/z1_ML8uRbNL2klLGTRYsuxQxA.jpg,/home/runner/work/sample_website/sample_website/.cache/gsv_estrella_fast/best_views/coarse/ML8uRbNL2klLGTRYsuxQxA.jpg,
xDx-XsDv8IDRFXP_fja_FQ,19.47417381377256,-99.12123944725673,,,,False,698.7875,64,56,0.875,0.6822030544281006,180,-4,upper_full,/home/runner/work/sample_website/sample_website/.cache/gsv_estrella_fast/panoramas/coarse/z1_xDx-XsDv8IDRFXP_fja_FQ.jpg,/home/runner/work/sample_website/sample_website/.cache/gsv_estrella_fast/best_views/coarse/xDx-XsDv8IDRFXP_fja_FQ.jpg,
-wtp3SGCWa2V3uJ7M9kvHQ,19.47054296674136,-99.11773519980078,,,,False,698.2737061808075,69,56,0.8115942028985508,0.4631573557853699,225,-4,left_houses,/home/runner/work/sample_website/sample_website/.cache/gsv_estrella_fast/panoramas/coarse/z1_-wtp3SGCWa2V3uJ7M9kvHQ.jpg,/home/runner/work/sample_website/sample_website/.cache/gsv_estrella_fast/best_views/coarse/-wtp3SGCWa2V3uJ7M9kvHQ.jpg,
KKqFPIGSGA81EgshSwtQpA,19.47419028785367,-99.11365831917489,,,,False,698.2455120714742,67,56,0.835820895522388,0.4701986610889435,225,-4,left_houses,/home/runner/work/sample_website/sample_website/.cache/gsv_estrella_fast/panoramas/coarse/z1_KKqFPIGSGA81EgshSwtQpA.jpg,/home/runner/work/sample_website/sample_website/.cache/gsv_estrella_fast/best_views/coarse/KKqFPIGSGA81EgshSwtQpA.jpg,
5zX4ywXZUjcLNIzROuMN4w,19.47232980428663,-99.11939194581008,,,,False,695.0827864405437,78,56,0.717948717948718,0.31959715485572815,225,-4,full,/home/runner/work/sample_website/sample_website/.cache/gsv_estrella_fast/panoramas/coarse/z1_5zX4ywXZUjcLNIzROuMN4w.jpg,/home/runner/work/sample_website/sample_website/.cache/gsv_estrella_fast/best_views/coarse/5zX4ywXZUjcLNIzROuMN4w.jpg,
8AT1N64wCo9i3DFrxr_BPg,19.47872217705826,-99.1179402650003,,,,False,687.3427536231884,69,55,0.7971014492753623,0.572606086730957,45,-4,left_houses,/home/runner/work/sample_website/sample_website/.cache/gsv_estrella_fast/panoramas/coarse/z1_8AT1N64wCo9i3DFrxr_BPg.jpg,/home/runner/work/sample_website/sample_website/.cache/gsv_estrella_fast/best_views/coarse/8AT1N64wCo9i3DFrxr_BPg.jpg,
jbsqmNXGopfuuauNROr_IA,19.47296199511424,-99.1219395215759,,,,False,686.620088143008,70,55,0.7857142857142857,0.4718600809574127,45,-4,left_houses,/home/runner/work/sample_website/sample_website/.cache/gsv_estrella_fast/panoramas/coarse/z1_jbsqmNXGopfuuauNROr_IA.jpg,/home/runner/work/sample_website/sample_website/.cache/gsv_estrella_fast/best_views/coarse/jbsqmNXGopfuuauNROr_IA.jpg,
6soU790xZLp9l153qPnfqg,19.47868046825299,-99.12157352681946,,,,False,677.6912797530492,66,55,0.8333333333333334,0.19026488065719604,270,-4,left_houses,/home/runner/work/sample_website/sample_website/.cache/gsv_estrella_fast/panoramas/coarse/z1_6soU790xZLp9l153qPnfqg.jpg,/home/runner/work/sample_website/sample_website/.cache/gsv_estrella_fast/best_views/coarse/6soU790xZLp9l153qPnfqg.jpg,
2di2OqcLkxlD_2iX6v7V7g,19.47460582546249,-99.12107059281604,,,,False,674.709375,64,54,0.84375,0.5220252871513367,225,-4,left_houses,/home/runner/work/sample_website/sample_website/.cache/gsv_estrella_fast/panoramas/coarse/z1_2di2OqcLkxlD_2iX6v7V7g.jpg,/home/runner/work/sample_website/sample_website/.cache/gsv_estrella_fast/best_views/coarse/2di2OqcLkxlD_2iX6v7V7g.jpg,
t4I0-AQFGw_eiXySCT0hFA,19.47335071515914,-99.12307213189086,,,,False,670.2195547007744,62,54,0.8709677419354839,0.3580711781978607,45,-4,left_houses,/home/runner/work/sample_website/sample_website/.cache/gsv_estrella_fast/panoramas/coarse/z1_t4I0-AQFGw_eiXySCT0hFA.jpg,/home/runner/work/sample_website/sample_website/.cache/gsv_estrella_fast/best_views/coarse/t4I0-AQFGw_eiXySCT0hFA.jpg,
iUgEEmlGmtoCRxzBtMMcfA,19.47600308863686,-99.12408199649363,,,,False,661.7157728396929,65,53,0.8153846153846154,0.46424371004104614,90,-4,upper_full,/home/runner/work/sample_website/sample_website/.cache/gsv_estrella_fast/panoramas/coarse/z1_iUgEEmlGmtoCRxzBtMMcfA.jpg,/home/runner/work/sample_website/sample_website/.cache/gsv_estrella_fast/best_views/coarse/iUgEEmlGmtoCRxzBtMMcfA.jpg,
0vrCv5Is_ENLl2EOqa3E7A,19.47193664694577,-99.11909907478538,,,,False,658.0650566102967,63,53,0.8412698412698413,0.350396066904068,0,-4,left_houses,/home/runner/work/sample_website/sample_website/.cache/gsv_estrella_fast/panoramas/coarse/z1_0vrCv5Is_ENLl2EOqa3E7A.jpg,/home/runner/work/sample_website/sample_website/.cache/gsv_estrella_fast/best_views/coarse/0vrCv5Is_ENLl2EOqa3E7A.jpg,
P27OMK_h4d69824icTLNvw,19.476433348239,-99.12007250150886,,,,False,647.109445901478,85,52,0.611764705882353,0.2943344712257385,315,-4,left_houses,/home/runner/work/sample_website/sample_website/.cache/gsv_estrella_fast/panoramas/coarse/z1_P27OMK_h4d69824icTLNvw.jpg,/home/runner/work/sample_website/sample_website/.cache/gsv_estrella_fast/best_views/coarse/P27OMK_h4d69824icTLNvw.jpg,
TwZsgCznJU4f99-uer-AXg,19.47406577979621,-99.1166604945441,,,,False,643.534471730745,73,52,0.7123287671232876,0.22678832709789276,45,-4,left_houses,/home/runner/work/sample_website/sample_website/.cache/gsv_estrella_fast/panoramas/coarse/z1_TwZsgCznJU4f99-uer-AXg.jpg,/home/runner/work/sample_website/sample_website/.cache/gsv_estrella_fast/best_views/coarse/TwZsgCznJU4f99-uer-AXg.jpg,
tyVsLmLpXvMHkW6L2hW_DA,19.47189747548516,-99.11614028498839,,,,False,639.3214285714286,70,51,0.7285714285714285,0.7150192260742188,135,-4,left_houses,/home/runner/work/sample_website/sample_website/.cache/gsv_estrella_fast/panoramas/coarse/z1_tyVsLmLpXvMHkW6L2hW_DA.jpg,/home/runner/work/sample_website/sample_website/.cache/gsv_estrella_fast/best_views/coarse/tyVsLmLpXvMHkW6L2hW_DA.jpg,
sufrkUSGiRTkZBJXEN7hgg,19.47315007556159,-99.11382682026237,,,,False,637.898275862069,58,51,0.8793103448275862,0.6132125854492188,270,-4,upper_full,/home/runner/work/sample_website/sample_website/.cache/gsv_estrella_fast/panoramas/coarse/z1_sufrkUSGiRTkZBJXEN7hgg.jpg,/home/runner/work/sample_website/sample_website/.cache/gsv_estrella_fast/best_views/coarse/sufrkUSGiRTkZBJXEN7hgg.jpg,
OvOy29GR8oqkuJ5i_u-qjg,19.47421177769879,-99.11705559267409,,,,False,619.582772727196,65,50,0.7692307692307693,0.26365652680397034,315,-4,street_depth,/home/runner/work/sample_website/sample_website/.cache/gsv_estrella_fast/panoramas/coarse/z1_OvOy29GR8oqkuJ5i_u-qjg.jpg,/home/runner/work/sample_website/sample_website/.cache/gsv_estrella_fast/best_views/coarse/OvOy29GR8oqkuJ5i_u-qjg.jpg,
sq6uWmndjneCwzzrpudsZg,19.47215419631249,-99.11386345832146,,,,False,614.3944444444445,63,49,0.7777777777777778,0.5269636511802673,270,-4,upper_full,/home/runner/work/sample_website/sample_website/.cache/gsv_estrella_fast/panoramas/coarse/z1_sq6uWmndjneCwzzrpudsZg.jpg,/home/runner/work/sample_website/sample_website/.cache/gsv_estrella_fast/best_views/coarse/sq6uWmndjneCwzzrpudsZg.jpg,
RCyjCjZmnKVwkl1ksCMitA,19.47374604285832,-99.1216254498489,,,,False,613.9262711864407,59,49,0.8305084745762712,0.5238919258117676,45,-4,upper_full,/home/runner/work/sample_website/sample_website/.cache/gsv_estrella_fast/panoramas/coarse/z1_RCyjCjZmnKVwkl1ksCMitA.jpg,/home/runner/work/sample_website/sample_website/.cache/gsv_estrella_fast/best_views/coarse/RCyjCjZmnKVwkl1ksCMitA.jpg,
6XS-wx9n8crNFHdtzWOajg,19.47013297813534,-99.11961060778283,,,,False,600.5657770369364,69,48,0.6956521739130435,0.4158882200717926,225,-4,upper_full,/home/runner/work/sample_website/sample_website/.cache/gsv_estrella_fast/panoramas/coarse/z1_6XS-wx9n8crNFHdtzWOajg.jpg,/home/runner/work/sample_website/sample_website/.cache/gsv_estrella_fast/best_views/coarse/6XS-wx9n8crNFHdtzWOajg.jpg,
u8S2TGNQBsi5a2YJHQsOTg,19.47856739412092,-99.12089701082314,,,,False,599.9102551023165,72,48,0.6666666666666666,0.3814529478549957,225,-4,left_houses,/home/runner/work/sample_website/sample_website/.cache/gsv_estrella_fast/panoramas/coarse/z1_u8S2TGNQBsi5a2YJHQsOTg.jpg,/home/runner/work/sample_website/sample_website/.cache/gsv_estrella_fast/best_views/coarse/u8S2TGNQBsi5a2YJHQsOTg.jpg,
2kQKsgoXdTiMSYn30cbTQA,19.47215225198806,-99.12301581760316,,,,False,599.4221336590833,58,48,0.8275862068965517,0.4217722713947296,225,-4,left_houses,/home/runner/work/sample_website/sample_website/.cache/gsv_estrella_fast/panoramas/coarse/z1_2kQKsgoXdTiMSYn30cbTQA.jpg,/home/runner/work/sample_website/sample_website/.cache/gsv_estrella_fast/best_views/coarse/2kQKsgoXdTiMSYn30cbTQA.jpg,
xNvV2XiIp5HHXRIax4sO6w,19.47263374393496,-99.11960647092914,,,,False,596.6249064728395,67,48,0.7164179104477612,0.2927953898906708,45,-4,left_houses,/home/runner/work/sample_website/sample_website/.cache/gsv_estrella_fast/panoramas/coarse/z1_xNvV2XiIp5HHXRIax4sO6w.jpg,/home/runner/work/sample_website/sample_website/.cache/gsv_estrella_fast/best_views/coarse/xNvV2XiIp5HHXRIax4sO6w.jpg,
cUD-d1cXaeh72HIZwt35yQ,19.47129944137993,-99.11581357283298,,,,False,593.4005747126437,87,47,0.5402298850574713,0.7743961811065674,45,-4,left_houses,/home/runner/work/sample_website/sample_website/.cache/gsv_estrella_fast/panoramas/coarse/z1_cUD-d1cXaeh72HIZwt35yQ.jpg,/home/runner/work/sample_website/sample_website/.cache/gsv_estrella_fast/best_views/coarse/cUD-d1cXaeh72HIZwt35yQ.jpg,
jMuoYCC6DVu_2-dP0C0rvA,19.4714107074028,-99.12080355024682,,,,False,590.0625117972248,61,47,0.7704918032786885,0.4995427429676056,270,-4,upper_full,/home/runner/work/sample_website/sample_website/.cache/gsv_estrella_fast/panoramas/coarse/z1_jMuoYCC6DVu_2-dP0C0rvA.jpg,/home/runner/work/sample_website/sample_website/.cache/gsv_estrella_fast/best_views/coarse/jMuoYCC6DVu_2-dP0C0rvA.jpg,
a1pdjYo4gFr1w5Pc6S_RqQ,19.47261620143947,-99.11457655311098,,,,False,589.3762427182339,67,47,0.7014925373134329,0.4524170458316803,135,-4,left_houses,/home/runner/work/sample_website/sample_website/.cache/gsv_estrella_fast/panoramas/coarse/z1_a1pdjYo4gFr1w5Pc6S_RqQ.jpg,/home/runner/work/sample_website/sample_website/.cache/gsv_estrella_fast/best_views/coarse/a1pdjYo4gFr1w5Pc6S_RqQ.jpg,
7BTKOP0ZtDUme51oVY4glw,19.47688667774,-99.12038302122004,,,,False,569.0735294117648,85,45,0.5294117647058824,0.7287954688072205,180,-4,left_houses,/home/runner/work/sample_website/sample_website/.cache/gsv_estrella_fast/panoramas/coarse/z1_7BTKOP0ZtDUme51oVY4glw.jpg,/home/runner/work/sample_website/sample_website/.cache/gsv_estrella_fast/best_views/coarse/7BTKOP0ZtDUme51oVY4glw.jpg,
u-Wzj7yy6b0sKppmTlPjSg,19.4779755764391,-99.11975590435142,,,,False,565.6396551724139,58,45,0.7758620689655172,0.6476204991340637,225,-4,left_houses,/home/runner/work/sample_website/sample_website/.cache/gsv_estrella_fast/panoramas/coarse/z1_u-Wzj7yy6b0sKppmTlPjSg.jpg,/home/runner/work/sample_website/sample_website/.cache/gsv_estrella_fast/best_views/coarse/u-Wzj7yy6b0sKppmTlPjSg.jpg,
X2j1-n7xWWMfqDIZmL9szw,19.4763956886798,-99.12204471899496,,,,False,565.2954545454545,55,45,0.8181818181818182,0.6843568682670593,315,-4,left_houses,/home/runner/work/sample_website/sample_website/.cache/gsv_estrella_fast/panoramas/coarse/z1_X2j1-n7xWWMfqDIZmL9szw.jpg,/home/runner/work/sample_website/sample_website/.cache/gsv_estrella_fast/best_views/coarse/X2j1-n7xWWMfqDIZmL9szw.jpg,
EoJRCiNS_IH3WcSj3pxTOA,19.47444053842861,-99.12135021596372,,,,False,564.9634615384615,52,45,0.8653846153846154,0.6581600904464722,90,-4,left_houses,/home/runner/work/sample_website/sample_website/.cache/gsv_estrella_fast/panoramas/coarse/z1_EoJRCiNS_IH3WcSj3pxTOA.jpg,/home/runner/work/sample_website/sample_website/.cache/gsv_estrella_fast/best_views/coarse/EoJRCiNS_IH3WcSj3pxTOA.jpg,
_YgOXLmNOZrf6SQpayj1mQ,19.47891333076735,-99.12209681118715,,,,False,564.75,50,45,0.9,0.6364052891731262,270,-4,left_houses,/home/runner/work/sample_website/sample_website/.cache/gsv_estrella_fast/panoramas/coarse/z1__YgOXLmNOZrf6SQpayj1mQ.jpg,/home/runner/work/sample_website/sample_website/.cache/gsv_estrella_fast/best_views/coarse/_YgOXLmNOZrf6SQpayj1mQ.jpg,
C8o0JXd35xubI0wOnkfJsg,19.47238288293799,-99.12195995316651,,,,False,551.760084918394,59,44,0.7457627118644068,0.43485593795776367,225,-4,left_houses,/home/runner/work/sample_website/sample_website/.cache/gsv_estrella_fast/panoramas/coarse/z1_C8o0JXd35xubI0wOnkfJsg.jpg,/home/runner/work/sample_website/sample_website/.cache/gsv_estrella_fast/best_views/coarse/C8o0JXd35xubI0wOnkfJsg.jpg,
XgZORZVeB-bkRkCzJay7Pg,19.47503653879588,-99.12043916479863,,,,False,546.3333510142786,54,44,0.8148148148148148,0.27321046590805054,270,-4,full,/home/runner/work/sample_website/sample_website/.cache/gsv_estrella_fast/panoramas/coarse/z1_XgZORZVeB-bkRkCzJay7Pg.jpg,/home/runner/work/sample_website/sample_website/.cache/gsv_estrella_fast/best_views/coarse/XgZORZVeB-bkRkCzJay7Pg.jpg,
D0ItkMwi2mPvymlpxXqQaQ,19.47108029345529,-99.11960934139903,,,,False,546.3013870716095,55,44,0.8,0.2683795690536499,90,-4,left_houses,/home/runner/work/sample_website/sample_website/.cache/gsv_estrella_fast/panoramas/coarse/z1_D0ItkMwi2mPvymlpxXqQaQ.jpg,/home/runner/work/sample_website/sample_website/.cache/gsv_estrella_fast/best_views/coarse/D0ItkMwi2mPvymlpxXqQaQ.jpg,
hZ2vLMkuhFXlYwzBCrUh6g,19.47100114685463,-99.12213159561965,,,,False,544.025644159317,64,44,0.6875,0.1568964719772339,180,-4,left_houses,/home/runner/work/sample_website/sample_website/.cache/gsv_estrella_fast/panoramas/coarse/z1_hZ2vLMkuhFXlYwzBCrUh6g.jpg,/home/runner/work/sample_website/sample_website/.cache/gsv_estrella_fast/best_views/coarse/hZ2vLMkuhFXlYwzBCrUh6g.jpg,
zOG6KtDWdgtXAP-TC89uLA,19.47548299660429,-99.12072900137412,,,,False,542.6086662259969,88,43,0.48863636363636365,0.40623584389686584,180,-4,left_houses,/home/runner/work/sample_website/sample_website/.cache/gsv_estrella_fast/panoramas/coarse/z1_zOG6KtDWdgtXAP-TC89uLA.jpg,/home/runner/work/sample_website/sample_website/.cache/gsv_estrella_fast/best_views/coarse/zOG6KtDWdgtXAP-TC89uLA.jpg,
h1rTx6bdcHZGxVn4KE2SSQ,19.47601497781498,-99.1168105134115,,,,False,534.8744909207776,53,43,0.8113207547169812,0.29653963446617126,45,-4,left_houses,/home/runner/work/sample_website/sample_website/.cache/gsv_estrella_fast/panoramas/coarse/z1_h1rTx6bdcHZGxVn4KE2SSQ.jpg,/home/runner/work/sample_website/sample_website/.cache/gsv_estrella_fast/best_views/coarse/h1rTx6bdcHZGxVn4KE2SSQ.jpg,
LMifbqjCobpbVmbt-tDxFQ,19.47347621309485,-99.11783659261458,,,,False,533.2762056863669,66,43,0.6515151515151515,0.19158059358596802,0,-4,left_houses,/home/runner/work/sample_website/sample_website/.cache/gsv_estrella_fast/panoramas/coarse/z1_LMifbqjCobpbVmbt-tDxFQ.jpg,/home/runner/work/sample_website/sample_website/.cache/gsv_estrella_fast/best_views/coarse/LMifbqjCobpbVmbt-tDxFQ.jpg,
uSJz3fZKDLimMC_e6Zazfg,19.47099012680221,-99.12133054437574,,,,False,532.580487804878,82,42,0.5121951219512195,0.7132295370101929,0,-4,left_houses,/home/runner/work/sample_website/sample_website/.cache/gsv_estrella_fast/panoramas/coarse/z1_uSJz3fZKDLimMC_e6Zazfg.jpg,/home/runner/work/sample_website/sample_website/.cache/gsv_estrella_fast/best_views/coarse/uSJz3fZKDLimMC_e6Zazfg.jpg,
JIuODGhD6xMqnX3G2a8W7g,19.47351207333135,-99.12222176504432,,,,False,529.6296610169492,59,42,0.711864406779661,0.5223754048347473,180,-4,upper_full,/home/runner/work/sample_website/sample_website/.cache/gsv_estrella_fast/panoramas/coarse/z1_JIuODGhD6xMqnX3G2a8W7g.jpg,/home/runner/work/sample_website/sample_website/.cache/gsv_estrella_fast/best_views/coarse/JIuODGhD6xMqnX3G2a8W7g.jpg,
D9iS5LTbE6uIqfJ0Ml3R4g,19.47703370960198,-99.11636011996644,,,,False,528.086057217743,46,42,0.9130434782608695,0.4967816174030304,135,-4,left_houses,/home/runner/work/sample_website/sample_website/.cache/gsv_estrella_fast/panoramas/coarse/z1_D9iS5LTbE6uIqfJ0Ml3R4g.jpg,/home/runner/work/sample_website/sample_website/.cache/gsv_estrella_fast/best_views/coarse/D9iS5LTbE6uIqfJ0Ml3R4g.jpg,
nzX3abccpRN2EjL6mao4HQ,19.47074697277778,-99.12142459656125,,,,False,518.5798507462686,67,41,0.6119402985074627,0.5076487064361572,135,-4,right_depth,/home/runner/work/sample_website/sample_website/.cache/gsv_estrella_fast/panoramas/coarse/z1_nzX3abccpRN2EjL6mao4HQ.jpg,/home/runner/work/sample_website/sample_website/.cache/gsv_estrella_fast/best_views/coarse/nzX3abccpRN2EjL6mao4HQ.jpg,
fT2H8Uk_6UrsUvX9Qda8vg,19.47302708244036,-99.11343190695116,,,,False,516.3354166666667,48,41,0.8541666666666666,0.7107356190681458,225,-4,left_houses,/home/runner/work/sample_website/sample_website/.cache/gsv_estrella_fast/panoramas/coarse/z1_fT2H8Uk_6UrsUvX9Qda8vg.jpg,/home/runner/work/sample_website/sample_website/.cache/gsv_estrella_fast/best_views/coarse/fT2H8Uk_6UrsUvX9Qda8vg.jpg,
D2odP9MsKcFcY4sQEHP9Vw,19.47219565737813,-99.11464645312067,,,,False,511.65148131955755,55,41,0.7454545454545455,0.31792816519737244,270,-4,left_houses,/home/runner/work/sample_website/sample_website/.cache/gsv_estrella_fast/panoramas/coarse/z1_D2odP9MsKcFcY4sQEHP9Vw.jpg,/home/runner/work/sample_website/sample_website/.cache/gsv_estrella_fast/best_views/coarse/D2odP9MsKcFcY4sQEHP9Vw.jpg,
-MndnVYyUpjfQ85SXmOhjg,19.47238485114129,-99.11891224237517,,,,False,511.33906031953757,67,41,0.6119402985074627,0.258640319108963,180,-4,left_houses,/home/runner/work/sample_website/sample_website/.cache/gsv_estrella_fast/panoramas/coarse/z1_-MndnVYyUpjfQ85SXmOhjg.jpg,/home/runner/work/sample_website/sample_website/.cache/gsv_estrella_fast/best_views/coarse/-MndnVYyUpjfQ85SXmOhjg.jpg,
-vkYQBitI15cD_9wSNpqNA,19.46962207955406,-99.12023806121549,,,,False,508.7476789596728,59,41,0.6949152542372882,0.20534636080265045,315,-4,left_houses,/home/runner/work/sample_website/sample_website/.cache/gsv_estrella_fast/panoramas/coarse/z1_-vkYQBitI15cD_9wSNpqNA.jpg,/home/runner/work/sample_website/sample_website/.cache/gsv_estrella_fast/best_views/coarse/-vkYQBitI15cD_9wSNpqNA.jpg,
aIg5DOiUiIMWQdf6uSwuSA,19.47303916597822,-99.12319024849432,,,,False,504.5,50,40,0.8,0.6057317852973938,225,-4,left_houses,/home/runner/work/sample_website/sample_website/.cache/gsv_estrella_fast/panoramas/coarse/z1_aIg5DOiUiIMWQdf6uSwuSA.jpg,/home/runner/work/sample_website/sample_website/.cache/gsv_estrella_fast/best_views/coarse/aIg5DOiUiIMWQdf6uSwuSA.jpg,
Jid4c_5g3n7gTmFkqpYdGQ,19.47480914898355,-99.12252849382122,,,,False,493.34578819725965,74,39,0.527027027027027,0.4309406876564026,90,-4,left_houses,/home/runner/work/sample_website/sample_website/.cache/gsv_estrella_fast/panoramas/coarse/z1_Jid4c_5g3n7gTmFkqpYdGQ.jpg,/home/runner/work/sample_website/sample_website/.cache/gsv_estrella_fast/best_views/coarse/Jid4c_5g3n7gTmFkqpYdGQ.jpg,
sqAm5wqEbjL3UOqS0JpD0A,19.47201748427544,-99.11458077412432,,,,False,493.2605263157895,57,39,0.6842105263157895,0.6923715472221375,135,-4,full,/home/runner/work/sample_website/sample_website/.cache/gsv_estrella_fast/panoramas/coarse/z1_sqAm5wqEbjL3UOqS0JpD0A.jpg,/home/runner/work/sample_website/sample_website/.cache/gsv_estrella_fast/best_views/coarse/sqAm5wqEbjL3UOqS0JpD0A.jpg,
69_1hLfqsuJsQB5BFXfWBg,19.47272092519473,-99.11986776853699,,,,False,492.56176470588235,51,39,0.7647058823529411,0.7157168984413147,270,-4,full,/home/runner/work/sample_website/sample_website/.cache/gsv_estrella_fast/panoramas/coarse/z1_69_1hLfqsuJsQB5BFXfWBg.jpg,/home/runner/work/sample_website/sample_website/.cache/gsv_estrella_fast/best_views/coarse/69_1hLfqsuJsQB5BFXfWBg.jpg,
_9rNAeu6EtStUEhmvQs5bg,19.47842822431155,-99.12032409161162,,,,False,492.5384560716563,58,39,0.6724137931034483,0.47191405296325684,225,-4,left_houses,/home/runner/work/sample_website/sample_website/.cache/gsv_estrella_fast/panoramas/coarse/z1__9rNAeu6EtStUEhmvQs5bg.jpg,/home/runner/work/sample_website/sample_website/.cache/gsv_estrella_fast/best_views/coarse/_9rNAeu6EtStUEhmvQs5bg.jpg,
tHLNLpwtKxkPGiWziZpn2w,19.47082700780577,-99.11912161627609,,,,False,492.38192044666835,56,39,0.6964285714285714,0.47469496726989746,90,-4,upper_full,/home/runner/work/sample_website/sample_website/.cache/gsv_estrella_fast/panoramas/coarse/z1_tHLNLpwtKxkPGiWziZpn2w.jpg,/home/runner/work/sample_website/sample_website/.cache/gsv_estrella_fast/best_views/coarse/tHLNLpwtKxkPGiWziZpn2w.jpg,
wzT66xocpge2iU9qwbzWKg,19.47464154880437,-99.12259198420789,,,,False,492.1244680851064,47,39,0.8297872340425532,0.6587109565734863,135,-4,upper_full,/home/runner/work/sample_website/sample_website/.cache/gsv_estrella_fast/panoramas/coarse/z1_wzT66xocpge2iU9qwbzWKg.jpg,/home/runner/work/sample_website/sample_website/.cache/gsv_estrella_fast/best_views/coarse/wzT66xocpge2iU9qwbzWKg.jpg,
8PS_gJTxcGSDDesLAdEYSQ,19.4749236036951,-99.11643677531617,,,,False,490.4342035364132,49,39,0.7959183673469388,0.43648025393486023,315,-4,full,/home/runner/work/sample_website/sample_website/.cache/gsv_estrella_fast/panoramas/coarse/z1_8PS_gJTxcGSDDesLAdEYSQ.jpg,/home/runner/work/sample_website/sample_website/.cache/gsv_estrella_fast/best_views/coarse/8PS_gJTxcGSDDesLAdEYSQ.jpg,
NOPleM-S79taBQBar1tf8Q,19.47800784284576,-99.11994341414298,,,,False,485.0878096589502,53,39,0.7358490566037735,0.24327290058135986,0,-4,left_houses,/home/runner/work/sample_website/sample_website/.cache/gsv_estrella_fast/panoramas/coarse/z1_NOPleM-S79taBQBar1tf8Q.jpg,/home/runner/work/sample_website/sample_website/.cache/gsv_estrella_fast/best_views/coarse/NOPleM-S79taBQBar1tf8Q.jpg,
DzuVskKwS859gKs8dvJqvg,19.47889851263048,-99.11958755960072,,,,False,484.7521720290184,64,39,0.609375,0.1876244843006134,180,-4,left_houses,/home/runner/work/sample_website/sample_website/.cache/gsv_estrella_fast/panoramas/coarse/z1_DzuVskKwS859gKs8dvJqvg.jpg,/home/runner/work/sample_website/sample_website/.cache/gsv_estrella_fast/best_views/coarse/DzuVskKwS859gKs8dvJqvg.jpg,
xQNrGi1FmOG89_pYN1U84g,19.46945550899745,-99.11795630552803,,,,False,483.78376623376624,77,38,0.4935064935064935,0.6483862996101379,270,-4,left_houses,/home/runner/work/sample_website/sample_website/.cache/gsv_estrella_fast/panoramas/coarse/z1_xQNrGi1FmOG89_pYN1U84g.jpg,/home/runner/work/sample_website/sample_website/.cache/gsv_estrella_fast/best_views/coarse/xQNrGi1FmOG89_pYN1U84g.jpg,
GbcargJmn7IG5q9ztt2Qwg,19.4777051092023,-99.1193984465628,,,,False,480.5439462588384,52,38,0.7307692307692307,0.4972341060638428,180,-4,upper_full,/home/runner/work/sample_website/sample_website/.cache/gsv_estrella_fast/panoramas/coarse/z1_GbcargJmn7IG5q9ztt2Qwg.jpg,/home/runner/work/sample_website/sample_website/.cache/gsv_estrella_fast/best_views/coarse/GbcargJmn7IG5q9ztt2Qwg.jpg,
3_VDziSxrgI0s9gu0oMcQw,19.47260940073256,-99.11348247398048,,,,False,480.2887755102041,49,38,0.7755102040816326,0.6861200928688049,180,-4,left_houses,/home/runner/work/sample_website/sample_website/.cache/gsv_estrella_fast/panoramas/coarse/z1_3_VDziSxrgI0s9gu0oMcQw.jpg,/home/runner/work/sample_website/sample_website/.cache/gsv_estrella_fast/best_views/coarse/3_VDziSxrgI0s9gu0oMcQw.jpg,
n1oOQMq3oFA05hfE1ZoC4w,19.47443664632986,-99.11436043752623,,,,False,480.1791666666667,48,38,0.7916666666666666,0.6777082085609436,225,-4,left_houses,/home/runner/work/sample_website/sample_website/.cache/gsv_estrella_fast/panoramas/coarse/z1_n1oOQMq3oFA05hfE1ZoC4w.jpg,/home/runner/work/sample_website/sample_website/.cache/gsv_estrella_fast/best_views/coarse/n1oOQMq3oFA05hfE1ZoC4w.jpg,
scSj7WPHHwIHQSlkFZYReQ,19.47458551185563,-99.12272580387163,,,,False,471.7695608122008,56,38,0.6785714285714286,0.18910440802574158,180,-4,left_houses,/home/runner/work/sample_website/sample_website/.cache/gsv_estrella_fast/panoramas/coarse/z1_scSj7WPHHwIHQSlkFZYReQ.jpg,/home/runner/work/sample_website/sample_website/.cache/gsv_estrella_fast/best_views/coarse/scSj7WPHHwIHQSlkFZYReQ.jpg,
4hCgqaoJN8eI_vp5wS0kfg,19.4727709855569,-99.12337742863032,,,,False,469.5416666666667,60,37,0.6166666666666667,0.6335018277168274,0,-4,left_houses,/home/runner/work/sample_website/sample_website/.cache/gsv_estrella_fast/panoramas/coarse/z1_4hCgqaoJN8eI_vp5wS0kfg.jpg,/home/runner/work/sample_website/sample_website/.cache/gsv_estrella_fast/best_views/coarse/4hCgqaoJN8eI_vp5wS0kfg.jpg,
gGDgIkkS2Ef9n_KJF7ItjQ,19.47548138800155,-99.11626345666228,,,,False,464.6976550205279,59,37,0.6271186440677966,0.34266194701194763,0,-4,left_houses,/home/runner/work/sample_website/sample_website/.cache/gsv_estrella_fast/panoramas/coarse/z1_gGDgIkkS2Ef9n_KJF7ItjQ.jpg,/home/runner/work/sample_website/sample_website/.cache/gsv_estrella_fast/best_views/coarse/gGDgIkkS2Ef9n_KJF7ItjQ.jpg,
FAK2vRKZNqZpdxxQYYsAjw,19.47284894957496,-99.12326530624088,,,,False,463.1369933543534,58,37,0.6379310344827587,0.29473885893821716,135,-4,left_houses,/home/runner/work/sample_website/sample_website/.cache/gsv_estrella_fast/panoramas/coarse/z1_FAK2vRKZNqZpdxxQYYsAjw.jpg,/home/runner/work/sample_website/sample_website/.cache/gsv_estrella_fast/best_views/coarse/FAK2vRKZNqZpdxxQYYsAjw.jpg,
AyIa2_PF4vQii4tY29LQRg,19.47731885942002,-99.1168759409743,,,,False,450.2367896601839,53,36,0.6792452830188679,0.2862892150878906,180,-4,left_houses,/home/runner/work/sample_website/sample_website/.cache/gsv_estrella_fast/panoramas/coarse/z1_AyIa2_PF4vQii4tY29LQRg.jpg,/home/runner/work/sample_website/sample_website/.cache/gsv_estrella_fast/best_views/coarse/AyIa2_PF4vQii4tY29LQRg.jpg,
303EgzKxbaoWS9X7uVEaWQ,19.47120970569038,-99.12110664320916,,,,False,449.7425674971269,49,36,0.7346938775510204,0.28519442677497864,0,-4,full,/home/runner/work/sample_website/sample_website/.cache/gsv_estrella_fast/panoramas/coarse/z1_303EgzKxbaoWS9X7uVEaWQ.jpg,/home/runner/work/sample_website/sample_website/.cache/gsv_estrella_fast/best_views/coarse/303EgzKxbaoWS9X7uVEaWQ.jpg,
6rb26Cr8qdccXKxgFoX88Q,19.47119516695212,-99.12017203991448,,,,False,443.99078725015005,43,36,0.8372093023255814,0.11492546647787094,225,-4,left_houses,/home/runner/work/sample_website/sample_website/.cache/gsv_estrella_fast/panoramas/coarse/z1_6rb26Cr8qdccXKxgFoX88Q.jpg,/home/runner/work/sample_website/sample_website/.cache/gsv_estrella_fast/best_views/coarse/6rb26Cr8qdccXKxgFoX88Q.jpg,
GyEpuUkqh0dLLGXxKBRnDw,19.472989260089,-99.12170219468108,,,,False,443.74810736576717,48,35,0.7291666666666666,0.4908396899700165,180,-4,left_houses,/home/runner/work/sample_website/sample_website/.cache/gsv_estrella_fast/panoramas/coarse/z1_GyEpuUkqh0dLLGXxKBRnDw.jpg,/home/runner/work/sample_website/sample_website/.cache/gsv_estrella_fast/best_views/coarse/GyEpuUkqh0dLLGXxKBRnDw.jpg,
4YEC7PinMeA7tvfzg3Moag,19.47823622608644,-99.12069278229801,,,,False,443.65005653301876,48,35,0.7291666666666666,0.4875713288784027,180,-4,upper_full,/home/runner/work/sample_website/sample_website/.cache/gsv_estrella_fast/panoramas/coarse/z1_4YEC7PinMeA7tvfzg3Moag.jpg,/home/runner/work/sample_website/sample_website/.cache/gsv_estrella_fast/best_views/coarse/4YEC7PinMeA7tvfzg3Moag.jpg,
TIWpbeZXw3_gb6T1m-6W-Q,19.4769497707766,-99.1162074004417,,,,False,433.6709677419355,62,34,0.5483870967741935,0.67745041847229,225,-4,left_houses,/home/runner/work/sample_website/sample_website/.cache/gsv_estrella_fast/panoramas/coarse/z1_TIWpbeZXw3_gb6T1m-6W-Q.jpg,/home/runner/work/sample_website/sample_website/.cache/gsv_estrella_fast/best_views/coarse/TIWpbeZXw3_gb6T1m-6W-Q.jpg,
6j1nA1emIG2ER-gNssWDjg,19.47699940815566,-99.11609697655605,,,,False,432.79545454545456,55,34,0.6181818181818182,0.6425231695175171,45,-4,left_houses,/home/runner/work/sample_website/sample_website/.cache/gsv_estrella_fast/panoramas/coarse/z1_6j1nA1emIG2ER-gNssWDjg.jpg,/home/runner/work/sample_website/sample_website/.cache/gsv_estrella_fast/best_views/coarse/6j1nA1emIG2ER-gNssWDjg.jpg,
S9lLK_WvGGBUvUML7BFqDg,19.47636531379755,-99.11988448485894,,,,False,432.31666666666666,51,34,0.6666666666666666,0.6320849061012268,180,-4,left_houses,/home/runner/work/sample_website/sample_website/.cache/gsv_estrella_fast/panoramas/coarse/z1_S9lLK_WvGGBUvUML7BFqDg.jpg,/home/runner/work/sample_website/sample_website/.cache/gsv_estrella_fast/best_views/coarse/S9lLK_WvGGBUvUML7BFqDg.jpg,
p1SrbSKt-IBVgP_7pIw-dQ,19.47888932466889,-99.12149627554543,,,,False,432.0553914755583,50,35,0.7,0.09351304918527603,45,-4,left_houses,/home/runner/work/sample_website/sample_website/.cache/gsv_estrella_fast/panoramas/coarse/z1_p1SrbSKt-IBVgP_7pIw-dQ.jpg,/home/runner/work/sample_website/sample_website/.cache/gsv_estrella_fast/best_views/coarse/p1SrbSKt-IBVgP_7pIw-dQ.jpg,
CNV7ApmaT8vV8bHCCn-qeQ,19.47299125556967,-99.12064322382186,,,,False,431.8585106382979,47,34,0.723404255319149,0.6443424820899963,225,-4,left_houses,/home/runner/work/sample_website/sample_website/.cache/gsv_estrella_fast/panoramas/coarse/z1_CNV7ApmaT8vV8bHCCn-qeQ.jpg,/home/runner/work/sample_website/sample_website/.cache/gsv_estrella_fast/best_views/coarse/CNV7ApmaT8vV8bHCCn-qeQ.jpg,
188LlPdNWhkihWurPqueCA,19.47791475275897,-99.1181238870236,,,,False,431.34896515174347,55,34,0.6181818181818182,0.451783686876297,225,-4,left_houses,/home/runner/work/sample_website/sample_website/.cache/gsv_estrella_fast/panoramas/coarse/z1_188LlPdNWhkihWurPqueCA.jpg,/home/runner/work/sample_website/sample_website/.cache/gsv_estrella_fast/best_views/coarse/188LlPdNWhkihWurPqueCA.jpg,
rxD45859xgVQeKprZU8PBw,19.47906987055184,-99.11952449372983,,,,False,431.32380952380953,42,34,0.8095238095238095,0.6246306300163269,90,-4,upper_full,/home/runner/work/sample_website/sample_website/.cache/gsv_estrella_fast/panoramas/coarse/z1_rxD45859xgVQeKprZU8PBw.jpg,/home/runner/work/sample_website/sample_website/.cache/gsv_estrella_fast/best_views/coarse/rxD45859xgVQeKprZU8PBw.jpg,
39NzZ4E8X_CEpWN4GZ0u3w,19.47706916705714,-99.12031142766132,,,,False,430.71741577488314,47,34,0.723404255319149,0.4619635045528412,90,-4,left_houses,/home/runner/work/sample_website/sample_website/.cache/gsv_estrella_fast/panoramas/coarse/z1_39NzZ4E8X_CEpWN4GZ0u3w.jpg,/home/runner/work/sample_website/sample_website/.cache/gsv_estrella_fast/best_views/coarse/39NzZ4E8X_CEpWN4GZ0u3w.jpg,
kC_dNpQvzGPPn1QpPXpxGw,19.47169233101011,-99.11416964847287,,,,False,429.38699035133635,70,34,0.4857142857142857,0.3224234879016876,315,-4,upper_full,/home/runner/work/sample_website/sample_website/.cache/gsv_estrella_fast/panoramas/coarse/z1_kC_dNpQvzGPPn1QpPXpxGw.jpg,/home/runner/work/sample_website/sample_website/.cache/gsv_estrella_fast/best_views/coarse/kC_dNpQvzGPPn1QpPXpxGw.jpg,
PcDcnu6N691vMhEvD16hFA,19.47732607886322,-99.11728547652429,,,,False,428.02955623966585,47,34,0.723404255319149,0.372368186712265,0,-4,left_houses,/home/runner/work/sample_website/sample_website/.cache/gsv_estrella_fast/panoramas/coarse/z1_PcDcnu6N691vMhEvD16hFA.jpg,/home/runner/work/sample_website/sample_website/.cache/gsv_estrella_fast/best_views/coarse/PcDcnu6N691vMhEvD16hFA.jpg,
VLpwulqXTJuT0ES7rDUf5Q,19.47230930699475,-99.11509641479319,,,,False,420.75,55,33,0.6,0.5538291931152344,90,-4,full,/home/runner/work/sample_website/sample_website/.cache/gsv_estrella_fast/panoramas/coarse/z1_VLpwulqXTJuT0ES7rDUf5Q.jpg,/home/runner/work/sample_website/sample_website/.cache/gsv_estrella_fast/best_views/coarse/VLpwulqXTJuT0ES7rDUf5Q.jpg,
iTPhUIrLAajY5k0pCAKbug,19.47725407122337,-99.12004050403246,,,,False,420.38653846153846,52,33,0.6346153846153846,0.5660386085510254,180,-4,left_houses,/home/runner/work/sample_website/sample_website/.cache/gsv_estrella_fast/panoramas/coarse/z1_iTPhUIrLAajY5k0pCAKbug.jpg,/home/runner/work/sample_website/sample_website/.cache/gsv_estrella_fast/best_views/coarse/iTPhUIrLAajY5k0pCAKbug.jpg,
bsadUXYXMmPmcuTKZ5ZxYA,19.47559551858767,-99.11768251948872,,,,False,418.77972972972975,37,33,0.8918918918918919,0.5994067192077637,315,-4,left_houses,/home/runner/work/sample_website/sample_website/.cache/gsv_estrella_fast/panoramas/coarse/z1_bsadUXYXMmPmcuTKZ5ZxYA.jpg,/home/runner/work/sample_website/sample_website/.cache/gsv_estrella_fast/best_views/coarse/bsadUXYXMmPmcuTKZ5ZxYA.jpg,
-SYYS_ic2UDw28Ltl4Bgrg,19.47216338130775,-99.12222505774996,,,,False,409.3333333333333,60,32,0.5333333333333333,0.5995942950248718,135,-4,upper_full,/home/runner/work/sample_website/sample_website/.cache/gsv_estrella_fast/panoramas/coarse/z1_-SYYS_ic2UDw28Ltl4Bgrg.jpg,/home/runner/work/sample_website/sample_website/.cache/gsv_estrella_fast/best_views/coarse/-SYYS_ic2UDw28Ltl4Bgrg.jpg,
rupElu1n_van5l7McUVYKQ,19.47582518321394,-99.11300035791433,,,,False,408.36488863318056,54,32,0.5925925925925926,0.49278023838996887,315,-4,left_houses,/home/runner/work/sample_website/sample_website/.cache/gsv_estrella_fast/panoramas/coarse/z1_rupElu1n_van5l7McUVYKQ.jpg,/home/runner/work/sample_website/sample_website/.cache/gsv_estrella_fast/best_views/coarse/rupElu1n_van5l7McUVYKQ.jpg,
STwf7yUNi-SQDI3LosgPow,19.47462998286508,-99.12014274403498,,,,False,407.75212765957446,47,32,0.6808510638297872,0.5574749112129211,0,-4,left_houses,/home/runner/work/sample_website/sample_website/.cache/gsv_estrella_fast/panoramas/coarse/z1_STwf7yUNi-SQDI3LosgPow.jpg,/home/runner/work/sample_website/sample_website/.cache/gsv_estrella_fast/best_views/coarse/STwf7yUNi-SQDI3LosgPow.jpg,
4dpigVv8zLyk28nwH7n2MQ,19.47115629411608,-99.11475721268164,,,,False,407.31046511627903,43,32,0.7441860465116279,0.5646741390228271,180,-4,full,/home/runner/work/sample_website/sample_website/.cache/gsv_estrella_fast/panoramas/coarse/z1_4dpigVv8zLyk28nwH7n2MQ.jpg,/home/runner/work/sample_website/sample_website/.cache/gsv_estrella_fast/best_views/coarse/4dpigVv8zLyk28nwH7n2MQ.jpg,
K3eGajL3Np4BuaIPK_tsnA,19.47061539342985,-99.11938021068639,,,,False,407.0,40,32,0.8,0.5727757811546326,135,-4,upper_full,/home/runner/work/sample_website/sample_website/.cache/gsv_estrella_fast/panoramas/coarse/z1_K3eGajL3Np4BuaIPK_tsnA.jpg,/home/runner/work/sample_website/sample_website/.cache/gsv_estrella_fast/best_views/coarse/K3eGajL3Np4BuaIPK_tsnA.jpg,
QSUIsqSw832D8T3fItOtyw,19.47117292340149,-99.1198892127082,,,,False,405.74262380223524,38,32,0.8421052631578947,0.46457868814468384,135,-4,left_houses,/home/runner/work/sample_website/sample_website/.cache/gsv_estrella_fast/panoramas/coarse/z1_QSUIsqSw832D8T3fItOtyw.jpg,/home/runner/work/sample_website/sample_website/.cache/gsv_estrella_fast/best_views/coarse/QSUIsqSw832D8T3fItOtyw.jpg,
DvjW8KmqdItTpxqxeVCq3g,19.47661938073542,-99.12035127689836,,,,False,405.14840227365494,40,32,0.8,0.4382800757884979,270,-4,left_houses,/home/runner/work/sample_website/sample_website/.cache/gsv_estrella_fast/panoramas/coarse/z1_DvjW8KmqdItTpxqxeVCq3g.jpg,/home/runner/work/sample_website/sample_website/.cache/gsv_estrella_fast/best_views/coarse/DvjW8KmqdItTpxqxeVCq3g.jpg,
E-0kq0OwHLd6wl-bhB7SGA,19.47529496870632,-99.12243570676445,,,,False,404.2146318370646,44,32,0.7272727272727273,0.39321500062942505,0,-4,left_houses,/home/runner/work/sample_website/sample_website/.cache/gsv_estrella_fast/panoramas/coarse/z1_E-0kq0OwHLd6wl-bhB7SGA.jpg,/home/runner/work/sample_website/sample_website/.cache/gsv_estrella_fast/best_views/coarse/E-0kq0OwHLd6wl-bhB7SGA.jpg,
GrhFV5xk_cRY_xuWYFcJ1w,19.47200727230129,-99.12341694167856,,,,False,403.8922538919882,55,32,0.5818181818181818,0.33959028124809265,180,-4,upper_full,/home/runner/work/sample_website/sample_website/.cache/gsv_estrella_fast/panoramas/coarse/z1_GrhFV5xk_cRY_xuWYFcJ1w.jpg,/home/runner/work/sample_website/sample_website/.cache/gsv_estrella_fast/best_views/coarse/GrhFV5xk_cRY_xuWYFcJ1w.jpg,
rKY1mYRA-vrWJc94dMf7lg,19.47397762135622,-99.11768260391227,,,,False,403.02243204142184,47,32,0.6808510638297872,0.3423434793949127,90,-4,left_houses,/home/runner/work/sample_website/sample_website/.cache/gsv_estrella_fast/panoramas/coarse/z1_rKY1mYRA-vrWJc94dMf7lg.jpg,/home/runner/work/sample_website/sample_website/.cache/gsv_estrella_fast/best_views/coarse/rKY1mYRA-vrWJc94dMf7lg.jpg,
UEo7i3Y79z4oCucn7CEXhA,19.47433443812475,-99.1236216837479,,,,False,400.8110704289542,45,32,0.7111111111111111,0.2761097550392151,270,-4,left_houses,/home/runner/work/sample_website/sample_website/.cache/gsv_estrella_fast/panoramas/coarse/z1_UEo7i3Y79z4oCucn7CEXhA.jpg,/home/runner/work/sample_website/sample_website/.cache/gsv_estrella_fast/best_views/coarse/UEo7i3Y79z4oCucn7CEXhA.jpg,
Eiagje15KnrHzOI9JL6VRA,19.47043716902595,-99.11891984061198,,,,False,400.2230710281516,53,32,0.6037735849056604,0.22545456886291504,0,-4,left_houses,/home/runner/work/sample_website/sample_website/.cache/gsv_estrella_fast/panoramas/coarse/z1_Eiagje15KnrHzOI9JL6VRA.jpg,/home/runner/work/sample_website/sample_website/.cache/gsv_estrella_fast/best_views/coarse/Eiagje15KnrHzOI9JL6VRA.jpg,
3w3ky1S_d9HhnnFhJNYBeg,19.47296404918923,-99.11536689954077,,,,False,398.90116784719,57,32,0.5614035087719298,0.16492196917533875,135,-4,left_houses,/home/runner/work/sample_website/sample_website/.cache/gsv_estrella_fast/panoramas/coarse/z1_3w3ky1S_d9HhnnFhJNYBeg.jpg,/home/runner/work/sample_website/sample_website/.cache/gsv_estrella_fast/best_views/coarse/3w3ky1S_d9HhnnFhJNYBeg.jpg,
Fllxg_Qd10clbNSNOD1k5A,19.47078436232891,-99.1205463020528,,,,False,396.4122641509434,53,31,0.5849056603773585,0.5289427042007446,225,-4,left_houses,/home/runner/work/sample_website/sample_website/.cache/gsv_estrella_fast/panoramas/coarse/z1_Fllxg_Qd10clbNSNOD1k5A.jpg,/home/runner/work/sample_website/sample_website/.cache/gsv_estrella_fast/best_views/coarse/Fllxg_Qd10clbNSNOD1k5A.jpg,
jPc7V1x7NtIo0OL653sDgA,19.47195028019058,-99.11872363748446,,,,False,396.29038461538465,52,31,0.5961538461538461,0.5310744047164917,315,-4,left_houses,/home/runner/work/sample_website/sample_website/.cache/gsv_estrella_fast/panoramas/coarse/z1_jPc7V1x7NtIo0OL653sDgA.jpg,/home/runner/work/sample_website/sample_website/.cache/gsv_estrella_fast/best_views/coarse/jPc7V1x7NtIo0OL653sDgA.jpg,
Mxfa9Cchn97Ywg-pxTad3A,19.4750362444347,-99.12090123217064,,,,False,396.1696078431372,51,31,0.6078431372549019,0.5976739525794983,270,-4,left_houses,/home/runner/work/sample_website/sample_website/.cache/gsv_estrella_fast/panoramas/coarse/z1_Mxfa9Cchn97Ywg-pxTad3A.jpg,/home/runner/work/sample_website/sample_website/.cache/gsv_estrella_fast/best_views/coarse/Mxfa9Cchn97Ywg-pxTad3A.jpg,
MoZUmL32YLERX980kpxomA,19.47639945288002,-99.11575658829166,,,,False,396.1696078431372,51,31,0.6078431372549019,0.5673893690109253,90,-4,left_houses,/home/runner/work/sample_website/sample_website/.cache/gsv_estrella_fast/panoramas/coarse/z1_MoZUmL32YLERX980kpxomA.jpg,/home/runner/work/sample_website/sample_website/.cache/gsv_estrella_fast/best_views/coarse/MoZUmL32YLERX980kpxomA.jpg,
0lfSdlw8-f4LvNOJSUHxnQ,19.47400667154953,-99.12281031722588,,,,False,395.8145833333333,48,31,0.6458333333333334,0.7051839828491211,315,-4,left_houses,/home/runner/work/sample_website/sample_website/.cache/gsv_estrella_fast/panoramas/coarse/z1_0lfSdlw8-f4LvNOJSUHxnQ.jpg,/home/runner/work/sample_website/sample_website/.cache/gsv_estrella_fast/best_views/coarse/0lfSdlw8-f4LvNOJSUHxnQ.jpg,
au6eHnYgjY7sHpbdy-_-IA,19.4753123431442,-99.12219837839537,,,,False,394.79694786866503,48,31,0.6458333333333334,0.46607881784439087,90,-4,full,/home/runner/work/sample_website/sample_website/.cache/gsv_estrella_fast/panoramas/coarse/z1_au6eHnYgjY7sHpbdy-_-IA.jpg,/home/runner/work/sample_website/sample_website/.cache/gsv_estrella_fast/best_views/coarse/au6eHnYgjY7sHpbdy-_-IA.jpg,
nNZ9T5nb27afkNGoPO93pQ,19.47347872453292,-99.12311595068192,,,,False,389.62664259988435,49,31,0.6326530612244898,0.289833664894104,315,-4,left_houses,/home/runner/work/sample_website/sample_website/.cache/gsv_estrella_fast/panoramas/coarse/z1_nNZ9T5nb27afkNGoPO93pQ.jpg,/home/runner/work/sample_website/sample_website/.cache/gsv_estrella_fast/best_views/coarse/nNZ9T5nb27afkNGoPO93pQ.jpg,
mtQPwDoGVp3j_DzyHOhErg,19.47197927745871,-99.11848218335066,,,,False,384.6136363636364,55,30,0.5454545454545454,0.6134065985679626,45,-4,left_houses,/home/runner/work/sample_website/sample_website/.cache/gsv_estrella_fast/panoramas/coarse/z1_mtQPwDoGVp3j_DzyHOhErg.jpg,/home/runner/work/sample_website/sample_website/.cache/gsv_estrella_fast/best_views/coarse/mtQPwDoGVp3j_DzyHOhErg.jpg,
1Zrr4OM1JjtsS5ZwrFkT7A,19.4798669965755,-99.11902815777749,,,,False,383.880612244898,49,30,0.6122448979591837,0.5004963874816895,180,-4,left_houses,/home/runner/work/sample_website/sample_website/.cache/gsv_estrella_fast/panoramas/coarse/z1_1Zrr4OM1JjtsS5ZwrFkT7A.jpg,/home/runner/work/sample_website/sample_website/.cache/gsv_estrella_fast/best_views/coarse/1Zrr4OM1JjtsS5ZwrFkT7A.jpg,
tgkpN_GUVSxtQyZNPHa_eg,19.47595959268456,-99.12221070493152,,,,False,383.0857142857143,42,30,0.7142857142857143,0.7047445774078369,180,-4,left_houses,/home/runner/work/sample_website/sample_website/.cache/gsv_estrella_fast/panoramas/coarse/z1_tgkpN_GUVSxtQyZNPHa_eg.jpg,/home/runner/work/sample_website/sample_website/.cache/gsv_estrella_fast/best_views/coarse/tgkpN_GUVSxtQyZNPHa_eg.jpg,
PG7ju7oE4UDV9cYKixoS7A,19.47385793213704,-99.11794980489272,,,,False,383.0857142857143,42,30,0.7142857142857143,0.5168734788894653,180,-4,left_houses,/home/runner/work/sample_website/sample_website/.cache/gsv_estrella_fast/panoramas/coarse/z1_PG7ju7oE4UDV9cYKixoS7A.jpg,/home/runner/work/sample_website/sample_website/.cache/gsv_estrella_fast/best_views/coarse/PG7ju7oE4UDV9cYKixoS7A.jpg,
bLzjbc-dCQ_IqlHSCjYY9A,19.47538492906932,-99.11598629955787,,,,False,382.7730769230769,39,30,0.7692307692307693,0.5250892043113708,315,-4,upper_full,/home/runner/work/sample_website/sample_website/.cache/gsv_estrella_fast/panoramas/coarse/z1_bLzjbc-dCQ_IqlHSCjYY9A.jpg,/home/runner/work/sample_website/sample_website/.cache/gsv_estrella_fast/best_views/coarse/bLzjbc-dCQ_IqlHSCjYY9A.jpg,
4ulb_Q9J3jodpZn2XuQuvg,19.47863242566751,-99.1210892512142,,,,False,382.4833333333333,36,30,0.8333333333333334,0.5330531001091003,0,-4,left_houses,/home/runner/work/sample_website/sample_website/.cache/gsv_estrella_fast/panoramas/coarse/z1_4ulb_Q9J3jodpZn2XuQuvg.jpg,/home/runner/work/sample_website/sample_website/.cache/gsv_estrella_fast/best_views/coarse/4ulb_Q9J3jodpZn2XuQuvg.jpg,
Dei-WhMxlzYmxel7iyfQQA,19.47200722638491,-99.11929907797192,,,,False,380.1435627143557,41,30,0.7317073170731707,0.40547648072242737,270,-4,left_houses,/home/runner/work/sample_website/sample_website/.cache/gsv_estrella_fast/panoramas/coarse/z1_Dei-WhMxlzYmxel7iyfQQA.jpg,/home/runner/work/sample_website/sample_website/.cache/gsv_estrella_fast/best_views/coarse/Dei-WhMxlzYmxel7iyfQQA.jpg,
wRfPm79aUcbcpRmFTIHoZQ,19.47103247983422,-99.11459622303506,,,,False,377.6938769022624,45,30,0.6666666666666666,0.30924034118652344,0,-4,left_houses,/home/runner/work/sample_website/sample_website/.cache/gsv_estrella_fast/panoramas/coarse/z1_wRfPm79aUcbcpRmFTIHoZQ.jpg,/home/runner/work/sample_website/sample_website/.cache/gsv_estrella_fast/best_views/coarse/wRfPm79aUcbcpRmFTIHoZQ.jpg,
wiD2GX-t1R7F8tMA2wbZ2Q,19.47590535653576,-99.11793351109485,,,,False,371.8295918367347,49,29,0.5918367346938775,0.6174218058586121,45,-4,left_houses,/home/runner/work/sample_website/sample_website/.cache/gsv_estrella_fast/panoramas/coarse/z1_wiD2GX-t1R7F8tMA2wbZ2Q.jpg,/home/runner/work/sample_website/sample_website/.cache/gsv_estrella_fast/best_views/coarse/wiD2GX-t1R7F8tMA2wbZ2Q.jpg,
mE8tt_oJGr_lUy4RYDVkQw,19.47724710443245,-99.12024093170807,,,,False,371.7104166666667,48,29,0.6041666666666666,0.5915323495864868,90,-4,left_houses,/home/runner/work/sample_website/sample_website/.cache/gsv_estrella_fast/panoramas/coarse/z1_mE8tt_oJGr_lUy4RYDVkQw.jpg,/home/runner/work/sample_website/sample_website/.cache/gsv_estrella_fast/best_views/coarse/mE8tt_oJGr_lUy4RYDVkQw.jpg,
IOPJNWlOaymJUrn31upeNg,19.47949111390374,-99.11749813867027,,,,False,370.9182926829268,41,29,0.7073170731707317,0.7576317191123962,180,-4,left_houses,/home/runner/work/sample_website/sample_website/.cache/gsv_estrella_fast/panoramas/coarse/z1_IOPJNWlOaymJUrn31upeNg.jpg,/home/runner/work/sample_website/sample_website/.cache/gsv_estrella_fast/best_views/coarse/IOPJNWlOaymJUrn31upeNg.jpg,
RRF6qqNLnlA8mo9PyPzS9Q,19.4754098086899,-99.11430353844224,,,,False,370.8125,40,29,0.725,0.5623669028282166,0,-4,left_houses,/home/runner/work/sample_website/sample_website/.cache/gsv_estrella_fast/panoramas/coarse/z1_RRF6qqNLnlA8mo9PyPzS9Q.jpg,/home/runner/work/sample_website/sample_website/.cache/gsv_estrella_fast/best_views/coarse/RRF6qqNLnlA8mo9PyPzS9Q.jpg,
8r8QCn9IONzt3xyrkNyLFg,19.47597298957198,-99.11964640424003,,,,False,370.7670277173926,41,29,0.7073170731707317,0.494957834482193,135,-4,left_houses,/home/runner/work/sample_website/sample_website/.cache/gsv_estrella_fast/panoramas/coarse/z1_8r8QCn9IONzt3xyrkNyLFg.jpg,/home/runner/work/sample_website/sample_website/.cache/gsv_estrella_fast/best_views/coarse/8r8QCn9IONzt3xyrkNyLFg.jpg,
PUt6qkifO-e-YQnNGnk-Lw,19.47082864992726,-99.11943491832811,,,,False,370.5094594594595,37,29,0.7837837837837838,0.7522526979446411,135,-4,left_houses,/home/runner/work/sample_website/sample_website/.cache/gsv_estrella_fast/panoramas/coarse/z1_PUt6qkifO-e-YQnNGnk-Lw.jpg,/home/runner/work/sample_website/sample_website/.cache/gsv_estrella_fast/best_views/coarse/PUt6qkifO-e-YQnNGnk-Lw.jpg,
wIVWdIYNZikc72JLK92a0w,19.47275015298711,-99.11812253623935,,,,False,370.187844938702,45,29,0.6444444444444445,0.46089112758636475,180,-4,upper_full,/home/runner/work/sample_website/sample_website/.cache/gsv_estrella_fast/panoramas/coarse/z1_wIVWdIYNZikc72JLK92a0w.jpg,/home/runner/work/sample_website/sample_website/.cache/gsv_estrella_fast/best_views/coarse/wIVWdIYNZikc72JLK92a0w.jpg,
Q28w45IEb9lwevlDPU7f_A,19.47462728726306,-99.11491187110623,,,,False,369.4934104764932,38,30,0.7894736842105263,0.06065754219889641,315,-4,left_houses,/home/runner/work/sample_website/sample_website/.cache/gsv_estrella_fast/panoramas/coarse/z1_Q28w45IEb9lwevlDPU7f_A.jpg,/home/runner/work/sample_website/sample_website/.cache/gsv_estrella_fast/best_views/coarse/Q28w45IEb9lwevlDPU7f_A.jpg,
fKwsZveTeLdf5-tw4Z_3PQ,19.47078354967453,-99.119614069232,,,,False,369.39078330198925,48,29,0.6041666666666666,0.4226788878440857,180,-4,left_houses,/home/runner/work/sample_website/sample_website/.cache/gsv_estrella_fast/panoramas/coarse/z1_fKwsZveTeLdf5-tw4Z_3PQ.jpg,/home/runner/work/sample_website/sample_website/.cache/gsv_estrella_fast/best_views/coarse/fKwsZveTeLdf5-tw4Z_3PQ.jpg,
kcqDmaeH2RfV2-8fC6oC_A,19.47869818819498,-99.12196721398097,,,,False,367.7778718706724,37,29,0.7837837837837838,0.40894708037376404,180,-4,upper_full,/home/runner/work/sample_website/sample_website/.cache/gsv_estrella_fast/panoramas/coarse/z1_kcqDmaeH2RfV2-8fC6oC_A.jpg,/home/runner/work/sample_website/sample_website/.cache/gsv_estrella_fast/best_views/coarse/kcqDmaeH2RfV2-8fC6oC_A.jpg,
Usz1m_Pz5sVumzqVsf_Sog,19.47864379257739,-99.11968971459768,,,,False,364.75841361284256,40,29,0.725,0.2981971204280853,135,-4,left_houses,/home/runner/work/sample_website/sample_website/.cache/gsv_estrella_fast/panoramas/coarse/z1_Usz1m_Pz5sVumzqVsf_Sog.jpg,/home/runner/work/sample_website/sample_website/.cache/gsv_estrella_fast/best_views/coarse/Usz1m_Pz5sVumzqVsf_Sog.jpg,
SYwqOKo4H8sLBFjxSCWvaw,19.47753605837482,-99.11576503044336,,,,False,362.04886229107547,43,29,0.6744186046511628,0.19709385931491852,315,-4,full,/home/runner/work/sample_website/sample_website/.cache/gsv_estrella_fast/panoramas/coarse/z1_SYwqOKo4H8sLBFjxSCWvaw.jpg,/home/runner/work/sample_website/sample_website/.cache/gsv_estrella_fast/best_views/coarse/SYwqOKo4H8sLBFjxSCWvaw.jpg,
0QzlwjFHp4Pt9GFiSN-GiQ,19.47338666677457,-99.11786993998781,,,,False,359.30555555555554,45,28,0.6222222222222222,0.6667085289955139,90,-4,street_depth,/home/runner/work/sample_website/sample_website/.cache/gsv_estrella_fast/panoramas/coarse/z1_0QzlwjFHp4Pt9GFiSN-GiQ.jpg,/home/runner/work/sample_website/sample_website/.cache/gsv_estrella_fast/best_views/coarse/0QzlwjFHp4Pt9GFiSN-GiQ.jpg,
L5dD_RioCbmE_yRdAWKMCQ,19.47433261710151,-99.11366794297493,,,,False,359.30555555555554,45,28,0.6222222222222222,0.6655425429344177,0,-4,left_houses,/home/runner/work/sample_website/sample_website/.cache/gsv_estrella_fast/panoramas/coarse/z1_L5dD_RioCbmE_yRdAWKMCQ.jpg,/home/runner/work/sample_website/sample_website/.cache/gsv_estrella_fast/best_views/coarse/L5dD_RioCbmE_yRdAWKMCQ.jpg,
JkDSd3OOQ4FSr0_qHozZ1Q,19.47568402679286,-99.11700299723329,,,,False,359.1909090909091,44,28,0.6363636363636364,0.6034252047538757,315,-4,left_houses,/home/runner/work/sample_website/sample_website/.cache/gsv_estrella_fast/panoramas/coarse/z1_JkDSd3OOQ4FSr0_qHozZ1Q.jpg,/home/runner/work/sample_website/sample_website/.cache/gsv_estrella_fast/best_views/coarse/JkDSd3OOQ4FSr0_qHozZ1Q.jpg,
6HpSf0ex94vXfXSepYkwFw,19.47461010073484,-99.11508147231044,,,,False,359.0779069767442,43,28,0.6511627906976745,0.558316707611084,315,-4,left_houses,/home/runner/work/sample_website/sample_website/.cache/gsv_estrella_fast/panoramas/coarse/z1_6HpSf0ex94vXfXSepYkwFw.jpg,/home/runner/work/sample_website/sample_website/.cache/gsv_estrella_fast/best_views/coarse/6HpSf0ex94vXfXSepYkwFw.jpg,
lW9hsqVOn5onvLVAkd6J0Q,19.47552799010185,-99.11609908710288,,,,False,358.75,40,28,0.7,0.6033400297164917,270,-4,upper_full,/home/runner/work/sample_website/sample_website/.cache/gsv_estrella_fast/panoramas/coarse/z1_lW9hsqVOn5onvLVAkd6J0Q.jpg,/home/runner/work/sample_website/sample_website/.cache/gsv_estrella_fast/best_views/coarse/lW9hsqVOn5onvLVAkd6J0Q.jpg,
K5iPObogAjBzwgYSoeb87g,19.47557740043584,-99.11653875743743,,,,False,358.4418918918919,37,28,0.7567567567567568,0.5956912636756897,315,-4,left_houses,/home/runner/work/sample_website/sample_website/.cache/gsv_estrella_fast/panoramas/coarse/z1_K5iPObogAjBzwgYSoeb87g.jpg,/home/runner/work/sample_website/sample_website/.cache/gsv_estrella_fast/best_views/coarse/K5iPObogAjBzwgYSoeb87g.jpg,
4i6Av8RZltSjAWDlxCdh6w,19.47530772777442,-99.12079831578237,,,,False,358.25,35,28,0.8,0.8620453476905823,270,-4,left_houses,/home/runner/work/sample_website/sample_website/.cache/gsv_estrella_fast/panoramas/coarse/z1_4i6Av8RZltSjAWDlxCdh6w.jpg,/home/runner/work/sample_website/sample_website/.cache/gsv_estrella_fast/best_views/coarse/4i6Av8RZltSjAWDlxCdh6w.jpg,
Akf0PLl_dVNpPhFPhc3LwA,19.47815613258051,-99.11698307344774,,,,False,357.4066808905956,37,29,0.7837837837837838,0.06324071437120438,135,-4,left_houses,/home/runner/work/sample_website/sample_website/.cache/gsv_estrella_fast/panoramas/coarse/z1_Akf0PLl_dVNpPhFPhc3LwA.jpg,/home/runner/work/sample_website/sample_website/.cache/gsv_estrella_fast/best_views/coarse/Akf0PLl_dVNpPhFPhc3LwA.jpg,
Uwhf2Zt3oTJ10b4f2V1VOQ,19.4716043485909,-99.12135393077058,,,,False,356.1581913468165,39,28,0.717948717948718,0.4171106517314911,225,-4,left_houses,/home/runner/work/sample_website/sample_website/.cache/gsv_estrella_fast/panoramas/coarse/z1_Uwhf2Zt3oTJ10b4f2V1VOQ.jpg,/home/runner/work/sample_website/sample_website/.cache/gsv_estrella_fast/best_views/coarse/Uwhf2Zt3oTJ10b4f2V1VOQ.jpg,
pjXZLEbTs4778TOjKhqFqA,19.47399464989094,-99.11759640751502,,,,False,353.60158912652247,37,28,0.7567567567567568,0.33865657448768616,135,-4,left_houses,/home/runner/work/sample_website/sample_website/.cache/gsv_estrella_fast/panoramas/coarse/z1_pjXZLEbTs4778TOjKhqFqA.jpg,/home/runner/work/sample_website/sample_website/.cache/gsv_estrella_fast/best_views/coarse/pjXZLEbTs4778TOjKhqFqA.jpg,
DCjjwLvI0BHJJicctzJeoQ,19.47727560788863,-99.12171291701225,,,,False,352.53291585414837,39,28,0.717948717948718,0.29626813530921936,225,-4,left_houses,/home/runner/work/sample_website/sample_website/.cache/gsv_estrella_fast/panoramas/coarse/z1_DCjjwLvI0BHJJicctzJeoQ.jpg,/home/runner/work/sample_website/sample_website/.cache/gsv_estrella_fast/best_views/coarse/DCjjwLvI0BHJJicctzJeoQ.jpg,
iug90IeZgWcn921XYigAFg,19.47475731955771,-99.1226537860689,,,,False,351.95492228269575,50,28,0.56,0.235164076089859,0,-4,left_houses,/home/runner/work/sample_website/sample_website/.cache/gsv_estrella_fast/panoramas/coarse/z1_iug90IeZgWcn921XYigAFg.jpg,/home/runner/work/sample_website/sample_website/.cache/gsv_estrella_fast/best_views/coarse/iug90IeZgWcn921XYigAFg.jpg,
cXAG--1yr89uQX8kMZst4A,19.47187570518076,-99.1174617522129,,,,False,351.8260936659462,53,28,0.5283018867924528,0.21851129829883575,180,-4,left_houses,/home/runner/work/sample_website/sample_website/.cache/gsv_estrella_fast/panoramas/coarse/z1_cXAG--1yr89uQX8kMZst4A.jpg,/home/runner/work/sample_website/sample_website/.cache/gsv_estrella_fast/best_views/coarse/cXAG--1yr89uQX8kMZst4A.jpg,
FhixAfXTnA0hxf6nOAdiIQ,19.47485742969065,-99.12080557649122,,,,False,351.49187230287174,66,28,0.42424242424242425,0.15104220807552338,315,-4,left_houses,/home/runner/work/sample_website/sample_website/.cache/gsv_estrella_fast/panoramas/coarse/z1_FhixAfXTnA0hxf6nOAdiIQ.jpg,/home/runner/work/sample_website/sample_website/.cache/gsv_estrella_fast/best_views/coarse/FhixAfXTnA0hxf6nOAdiIQ.jpg,
Vb0NwA73CITBfzN9OwvMSg,19.47298605601874,-99.11618418439801,,,,False,351.4582723435603,38,28,0.7368421052631579,0.2638722360134125,90,-4,upper_full,/home/runner/work/sample_website/sample_website/.cache/gsv_estrella_fast/panoramas/coarse/z1_Vb0NwA73CITBfzN9OwvMSg.jpg,/home/runner/work/sample_website/sample_website/.cache/gsv_estrella_fast/best_views/coarse/Vb0NwA73CITBfzN9OwvMSg.jpg,
g3R66y3GykALSg26q7mqvA,19.47288708289524,-99.12034975722369,,,,False,351.0205442736788,41,28,0.6829268292682927,0.23877424001693726,135,-4,left_houses,/home/runner/work/sample_website/sample_website/.cache/gsv_estrella_fast/panoramas/coarse/z1_g3R66y3GykALSg26q7mqvA.jpg,/home/runner/work/sample_website/sample_website/.cache/gsv_estrella_fast/best_views/coarse/g3R66y3GykALSg26q7mqvA.jpg,
JjLfgoITnf7kKx7MDbolZw,19.46944991209406,-99.11889459758362,,,,False,347.60625,48,27,0.5625,0.5449507236480713,0,-4,left_houses,/home/runner/work/sample_website/sample_website/.cache/gsv_estrella_fast/panoramas/coarse/z1_JjLfgoITnf7kKx7MDbolZw.jpg,/home/runner/work/sample_website/sample_website/.cache/gsv_estrella_fast/best_views/coarse/JjLfgoITnf7kKx7MDbolZw.jpg,
kIvjEMNSJJc93nSuOiNV3w,19.47840466665501,-99.11912820143186,,,,False,347.25,45,27,0.6,0.5124449133872986,135,-4,left_houses,/home/runner/work/sample_website/sample_website/.cache/gsv_estrella_fast/panoramas/coarse/z1_kIvjEMNSJJc93nSuOiNV3w.jpg,/home/runner/work/sample_website/sample_website/.cache/gsv_estrella_fast/best_views/coarse/kIvjEMNSJJc93nSuOiNV3w.jpg,
n-HqjgDdvDEPIw374xLw0A,19.47748011088497,-99.12265015563038,,,,False,347.01976744186044,43,27,0.627906976744186,0.6410120725631714,0,-4,street_depth,/home/runner/work/sample_website/sample_website/.cache/gsv_estrella_fast/panoramas/coarse/z1_n-HqjgDdvDEPIw374xLw0A.jpg,/home/runner/work/sample_website/sample_website/.cache/gsv_estrella_fast/best_views/coarse/n-HqjgDdvDEPIw374xLw0A.jpg,
22c_jHngzdLUc1GsBeqaXw,19.4757371971073,-99.12062996883431,,,,False,346.90714285714284,42,27,0.6428571428571429,0.7904269695281982,270,-4,full,/home/runner/work/sample_website/sample_website/.cache/gsv_estrella_fast/panoramas/coarse/z1_22c_jHngzdLUc1GsBeqaXw.jpg,/home/runner/work/sample_website/sample_website/.cache/gsv_estrella_fast/best_views/coarse/22c_jHngzdLUc1GsBeqaXw.jpg,
s9Cb8_WEtQKyV5Xsp9RYLg,19.47441387933176,-99.11390769415715,,,,False,346.7963414634146,41,27,0.6585365853658537,0.5252652764320374,90,-4,upper_full,/home/runner/work/sample_website/sample_website/.cache/gsv_estrella_fast/panoramas/coarse/z1_s9Cb8_WEtQKyV5Xsp9RYLg.jpg,/home/runner/work/sample_website/sample_website/.cache/gsv_estrella_fast/best_views/coarse/s9Cb8_WEtQKyV5Xsp9RYLg.jpg,
nCrhfHpvIG5BG9knmlV2FA,19.47643792333439,-99.12058598255379,,,,False,346.275,36,27,0.75,0.6275217533111572,180,-4,left_houses,/home/runner/work/sample_website/sample_website/.cache/gsv_estrella_fast/panoramas/coarse/z1_nCrhfHpvIG5BG9knmlV2FA.jpg,/home/runner/work/sample_website/sample_website/.cache/gsv_estrella_fast/best_views/coarse/nCrhfHpvIG5BG9knmlV2FA.jpg,
-cC7QkxR2Po8r2F0Vp_sog,19.47849355085036,-99.11462990673604,,,,False,346.0852941176471,34,27,0.7941176470588235,0.7319210767745972,135,-4,left_houses,/home/runner/work/sample_website/sample_website/.cache/gsv_estrella_fast/panoramas/coarse/z1_-cC7QkxR2Po8r2F0Vp_sog.jpg,/home/runner/work/sample_website/sample_website/.cache/gsv_estrella_fast/best_views/coarse/-cC7QkxR2Po8r2F0Vp_sog.jpg,
1a-THgrr_SK4wSyk809npQ,19.47416934891216,-99.11752945974081,,,,False,345.8274193548387,31,27,0.8709677419354839,0.5193100571632385,315,-4,upper_full,/home/runner/work/sample_website/sample_website/.cache/gsv_estrella_fast/panoramas/coarse/z1_1a-THgrr_SK4wSyk809npQ.jpg,/home/runner/work/sample_website/sample_website/.cache/gsv_estrella_fast/best_views/coarse/1a-THgrr_SK4wSyk809npQ.jpg,
zL_E6YgEbmeBB4Xi3wK5KA,19.4723159694646,-99.11870531733753,,,,False,342.954933490072,35,27,0.7714285714285715,0.3925454020500183,270,-4,left_houses,/home/runner/work/sample_website/sample_website/.cache/gsv_estrella_fast/panoramas/coarse/z1_zL_E6YgEbmeBB4Xi3wK5KA.jpg,/home/runner/work/sample_website/sample_website/.cache/gsv_estrella_fast/best_views/coarse/zL_E6YgEbmeBB4Xi3wK5KA.jpg,
cvVqg3G0058AIVv2GeHV3A,19.47524832000813,-99.12365385151865,,,,False,341.83983010053635,40,27,0.675,0.33841100335121155,45,-4,left_houses,/home/runner/work/sample_website/sample_website/.cache/gsv_estrella_fast/panoramas/coarse/z1_cvVqg3G0058AIVv2GeHV3A.jpg,/home/runner/work/sample_website/sample_website/.cache/gsv_estrella_fast/best_views/coarse/cvVqg3G0058AIVv2GeHV3A.jpg,
IzZxPrffRZsbBQhni4ccFw,19.47391765174693,-99.12154845180757,,,,False,340.9922376896884,37,27,0.7297297297297297,0.3205971121788025,135,-4,left_houses,/home/runner/work/sample_website/sample_website/.cache/gsv_estrella_fast/panoramas/coarse/z1_IzZxPrffRZsbBQhni4ccFw.jpg,/home/runner/work/sample_website/sample_website/.cache/gsv_estrella_fast/best_views/coarse/IzZxPrffRZsbBQhni4ccFw.jpg,
y-BWdKW0xZf_aZx0NC8IFw,19.46987032941515,-99.11777513217585,,,,False,340.3806794285774,45,27,0.6,0.27102264761924744,45,-4,left_houses,/home/runner/work/sample_website/sample_website/.cache/gsv_estrella_fast/panoramas/coarse/z1_y-BWdKW0xZf_aZx0NC8IFw.jpg,/home/runner/work/sample_website/sample_website/.cache/gsv_estrella_fast/best_views/coarse/y-BWdKW0xZf_aZx0NC8IFw.jpg,
WVNlH3yL5tM8tNLzzEYCgQ,19.47346228055016,-99.11599457289033,,,,False,339.41442700624464,36,27,0.75,0.27131423354148865,90,-4,left_houses,/home/runner/work/sample_website/sample_website/.cache/gsv_estrella_fast/panoramas/coarse/z1_WVNlH3yL5tM8tNLzzEYCgQ.jpg,/home/runner/work/sample_website/sample_website/.cache/gsv_estrella_fast/best_views/coarse/WVNlH3yL5tM8tNLzzEYCgQ.jpg,
Dv4nVK566MZcEUl0hQ9kTg,19.47234692264448,-99.11956780402134,,,,False,335.9245098039215,51,26,0.5098039215686274,0.7111647725105286,315,-4,left_houses,/home/runner/work/sample_website/sample_website/.cache/gsv_estrella_fast/panoramas/coarse/z1_Dv4nVK566MZcEUl0hQ9kTg.jpg,/home/runner/work/sample_website/sample_website/.cache/gsv_estrella_fast/best_views/coarse/Dv4nVK566MZcEUl0hQ9kTg.jpg,
hk5dLk33-PUAQxklTLfvtQ,19.47460592462482,-99.1164481723183,,,,False,335.07727272727277,44,26,0.5909090909090909,0.5017650723457336,315,-4,left_houses,/home/runner/work/sample_website/sample_website/.cache/gsv_estrella_fast/panoramas/coarse/z1_hk5dLk33-PUAQxklTLfvtQ.jpg,/home/runner/work/sample_website/sample_website/.cache/gsv_estrella_fast/best_views/coarse/hk5dLk33-PUAQxklTLfvtQ.jpg,
v_IjXs_irwFplk_FGQa_aw,19.47750536120289,-99.12013995797206,,,,False,334.7353658536585,41,26,0.6341463414634146,0.6274122595787048,0,-4,left_houses,/home/runner/work/sample_website/sample_website/.cache/gsv_estrella_fast/panoramas/coarse/z1_v_IjXs_irwFplk_FGQa_aw.jpg,/home/runner/work/sample_website/sample_website/.cache/gsv_estrella_fast/best_views/coarse/v_IjXs_irwFplk_FGQa_aw.jpg,
kpUuW_QvAeBGuEirO2IGtA,19.47457674154705,-99.11894854506866,,,,False,334.625,40,26,0.65,0.678234875202179,270,-4,left_houses,/home/runner/work/sample_website/sample_website/.cache/gsv_estrella_fast/panoramas/coarse/z1_kpUuW_QvAeBGuEirO2IGtA.jpg,/home/runner/work/sample_website/sample_website/.cache/gsv_estrella_fast/best_views/coarse/kpUuW_QvAeBGuEirO2IGtA.jpg,
IJwQk14VCOnvFsAEIKoL1g,19.47209902323429,-99.11875225744592,,,,False,334.41052631578947,38,26,0.6842105263157895,0.6854373812675476,45,-4,left_houses,/home/runner/work/sample_website/sample_website/.cache/gsv_estrella_fast/panoramas/coarse/z1_IJwQk14VCOnvFsAEIKoL1g.jpg,/home/runner/work/sample_website/sample_website/.cache/gsv_estrella_fast/best_views/coarse/IJwQk14VCOnvFsAEIKoL1g.jpg,
6LtWMSAtc_77PeDHn_XXBg,19.4775571961015,-99.11828572802595,,,,False,327.67376740977573,37,26,0.7027027027027027,0.2789003551006317,270,-4,left_houses,/home/runner/work/sample_website/sample_website/.cache/gsv_estrella_fast/panoramas/coarse/z1_6LtWMSAtc_77PeDHn_XXBg.jpg,/home/runner/work/sample_website/sample_website/.cache/gsv_estrella_fast/best_views/coarse/6LtWMSAtc_77PeDHn_XXBg.jpg,
W1FbS5E7pJqJvJSxCFIj0A,19.47054816983659,-99.12094977768282,,,,False,324.5388325015219,41,26,0.6341463414634146,0.1601155549287796,180,-4,left_houses,/home/runner/work/sample_website/sample_website/.cache/gsv_estrella_fast/panoramas/coarse/z1_W1FbS5E7pJqJvJSxCFIj0A.jpg,/home/runner/work/sample_website/sample_website/.cache/gsv_estrella_fast/best_views/coarse/W1FbS5E7pJqJvJSxCFIj0A.jpg,
fa8LTKoUQAkAVEvqYRa3Wg,19.47344748273327,-99.11311694008253,,,,False,323.75,50,25,0.5,0.8396121263504028,180,-4,left_houses,/home/runner/work/sample_website/sample_website/.cache/gsv_estrella_fast/panoramas/coarse/z1_fa8LTKoUQAkAVEvqYRa3Wg.jpg,/home/runner/work/sample_website/sample_website/.cache/gsv_estrella_fast/best_views/coarse/fa8LTKoUQAkAVEvqYRa3Wg.jpg,
2Sznc9c4nNc_2wFrpBlohA,19.47022694851477,-99.12162502771032,,,,False,323.0204545454546,44,25,0.5681818181818182,0.5837348103523254,225,-4,street_depth,/home/runner/work/sample_website/sample_website/.cache/gsv_estrella_fast/panoramas/coarse/z1_2Sznc9c4nNc_2wFrpBlohA.jpg,/home/runner/work/sample_website/sample_website/.cache/gsv_estrella_fast/best_views/coarse/2Sznc9c4nNc_2wFrpBlohA.jpg,
5de9xLqSZUcnFaMSDAcceQ,19.46960917800844,-99.11981103437951,,,,False,322.903488372093,43,25,0.5813953488372093,0.5358712673187256,45,-4,left_houses,/home/runner/work/sample_website/sample_website/.cache/gsv_estrella_fast/panoramas/coarse/z1_5de9xLqSZUcnFaMSDAcceQ.jpg,/home/runner/work/sample_website/sample_website/.cache/gsv_estrella_fast/best_views/coarse/5de9xLqSZUcnFaMSDAcceQ.jpg,
GOS3lqlD0EXoY4qKDlicxA,19.47191716023422,-99.114394458808,,,,False,322.6743902439024,41,25,0.6097560975609756,0.647594690322876,45,-4,upper_full,/home/runner/work/sample_website/sample_website/.cache/gsv_estrella_fast/panoramas/coarse/z1_GOS3lqlD0EXoY4qKDlicxA.jpg,/home/runner/work/sample_website/sample_website/.cache/gsv_estrella_fast/best_views/coarse/GOS3lqlD0EXoY4qKDlicxA.jpg,
RoW4IjqYwqHD9Hb3MkQuSw,19.47058999387985,-99.11493010596207,,,,False,322.5625,40,25,0.625,0.5696151852607727,0,-4,upper_full,/home/runner/work/sample_website/sample_website/.cache/gsv_estrella_fast/panoramas/coarse/z1_RoW4IjqYwqHD9Hb3MkQuSw.jpg,/home/runner/work/sample_website/sample_website/.cache/gsv_estrella_fast/best_views/coarse/RoW4IjqYwqHD9Hb3MkQuSw.jpg,
f4hQzGiHMzqNPDK0qWz87w,19.4775249910285,-99.1194658180312,,,,False,322.153416325735,46,25,0.5434782608695652,0.4631573557853699,135,-4,left_houses,/home/runner/work/sample_website/sample_website/.cache/gsv_estrella_fast/panoramas/coarse/z1_f4hQzGiHMzqNPDK0qWz87w.jpg,/home/runner/work/sample_website/sample_website/.cache/gsv_estrella_fast/best_views/coarse/f4hQzGiHMzqNPDK0qWz87w.jpg,
dk04YyzqLnrFRapkD1o9Lw,19.47478995074495,-99.12198587258857,,,,False,322.0357142857143,35,25,0.7142857142857143,0.5838436484336853,225,-4,left_houses,/home/runner/work/sample_website/sample_website/.cache/gsv_estrella_fast/panoramas/coarse/z1_dk04YyzqLnrFRapkD1o9Lw.jpg,/home/runner/work/sample_website/sample_website/.cache/gsv_estrella_fast/best_views/coarse/dk04YyzqLnrFRapkD1o9Lw.jpg,
a1mxWIItEDCJxrlV_g3XKQ,19.47615704968895,-99.11585173139302,,,,False,321.93823529411765,34,25,0.7352941176470589,0.682546079158783,90,-4,left_houses,/home/runner/work/sample_website/sample_website/.cache/gsv_estrella_fast/panoramas/coarse/z1_a1mxWIItEDCJxrlV_g3XKQ.jpg,/home/runner/work/sample_website/sample_website/.cache/gsv_estrella_fast/best_views/coarse/a1mxWIItEDCJxrlV_g3XKQ.jpg,
pUNESDSMDhh0ZbNUy5TzFg,19.47869544666449,-99.11948591128716,,,,False,320.91824963755073,36,25,0.6944444444444444,0.4594046175479889,45,-4,left_houses,/home/runner/work/sample_website/sample_website/.cache/gsv_estrella_fast/panoramas/coarse/z1_pUNESDSMDhh0ZbNUy5TzFg.jpg,/home/runner/work/sample_website/sample_website/.cache/gsv_estrella_fast/best_views/coarse/pUNESDSMDhh0ZbNUy5TzFg.jpg,
bFO4S0ajlr5kLOF3Sl9TYg,19.476378418823,-99.1172468951635,,,,False,320.1356303691864,50,25,0.5,0.3795210123062134,0,-4,left_houses,/home/runner/work/sample_website/sample_website/.cache/gsv_estrella_fast/panoramas/coarse/z1_bFO4S0ajlr5kLOF3Sl9TYg.jpg,/home/runner/work/sample_website/sample_website/.cache/gsv_estrella_fast/best_views/coarse/bFO4S0ajlr5kLOF3Sl9TYg.jpg,
aBTVZ8G9mz72cu_6zJcYmA,19.47127611297767,-99.12129660456577,,,,False,319.7431004984434,43,25,0.5813953488372093,0.3946537375450134,270,-4,left_houses,/home/runner/work/sample_website/sample_website/.cache/gsv_estrella_fast/panoramas/coarse/z1_aBTVZ8G9mz72cu_6zJcYmA.jpg,/home/runner/work/sample_website/sample_website/.cache/gsv_estrella_fast/best_views/coarse/aBTVZ8G9mz72cu_6zJcYmA.jpg,
XmCX41c8gIP5Lz780xPp8g,19.46971270416657,-99.12020471285331,,,,False,315.47223601888965,37,25,0.6756756756756757,0.274434894323349,0,-4,left_houses,/home/runner/work/sample_website/sample_website/.cache/gsv_estrella_fast/panoramas/coarse/z1_XmCX41c8gIP5Lz780xPp8g.jpg,/home/runner/work/sample_website/sample_website/.cache/gsv_estrella_fast/best_views/coarse/XmCX41c8gIP5Lz780xPp8g.jpg,
umKJauwqQ3FvbnQLiM7GWw,19.47616181563626,-99.11833697352387,,,,False,314.48213928718314,38,25,0.6578947368421053,0.23791341483592987,0,-4,full,/home/runner/work/sample_website/sample_website/.cache/gsv_estrella_fast/panoramas/coarse/z1_umKJauwqQ3FvbnQLiM7GWw.jpg,/home/runner/work/sample_website/sample_website/.cache/gsv_estrella_fast/best_views/coarse/umKJauwqQ3FvbnQLiM7GWw.jpg,
OdCQZ5X2wuNKPwRQPX4OlQ,19.47779076780069,-99.1213881238873,,,,False,311.32659574468084,47,24,0.5106382978723404,0.5630702376365662,45,-4,upper_full,/home/runner/work/sample_website/sample_website/.cache/gsv_estrella_fast/panoramas/coarse/z1_OdCQZ5X2wuNKPwRQPX4OlQ.jpg,/home/runner/work/sample_website/sample_website/.cache/gsv_estrella_fast/best_views/coarse/OdCQZ5X2wuNKPwRQPX4OlQ.jpg,
oFm1g2X9XhH_2C_1zdCiLA,19.47497044955226,-99.1192946878586,,,,False,311.2043478260869,46,24,0.5217391304347826,0.5960086584091187,270,-4,full,/home/runner/work/sample_website/sample_website/.cache/gsv_estrella_fast/panoramas/coarse/z1_oFm1g2X9XhH_2C_1zdCiLA.jpg,/home/runner/work/sample_website/sample_website/.cache/gsv_estrella_fast/best_views/coarse/oFm1g2X9XhH_2C_1zdCiLA.jpg,
FB6h_mEwhvVdRMWw6t8uPA,19.47401831280023,-99.11320034582222,,,,False,310.9636363636364,44,24,0.5454545454545454,0.5230101943016052,0,-4,full,/home/runner/work/sample_website/sample_website/.cache/gsv_estrella_fast/panoramas/coarse/z1_FB6h_mEwhvVdRMWw6t8uPA.jpg,/home/runner/work/sample_website/sample_website/.cache/gsv_estrella_fast/best_views/coarse/FB6h_mEwhvVdRMWw6t8uPA.jpg,
llyeWJZTBsXifshHlq9vzQ,19.47547455793072,-99.11382741119867,,,,False,310.87126557741846,35,25,0.7142857142857143,0.1278517097234726,45,-4,left_houses,/home/runner/work/sample_website/sample_website/.cache/gsv_estrella_fast/panoramas/coarse/z1_llyeWJZTBsXifshHlq9vzQ.jpg,/home/runner/work/sample_website/sample_website/.cache/gsv_estrella_fast/best_views/coarse/llyeWJZTBsXifshHlq9vzQ.jpg,
a9dJBtkOVj8mgA2CbqWcnA,19.47558816819902,-99.12291636008257,,,,False,310.72857142857146,42,24,0.5714285714285714,0.634275496006012,45,-4,upper_full,/home/runner/work/sample_website/sample_website/.cache/gsv_estrella_fast/panoramas/coarse/z1_a9dJBtkOVj8mgA2CbqWcnA.jpg,/home/runner/work/sample_website/sample_website/.cache/gsv_estrella_fast/best_views/coarse/a9dJBtkOVj8mgA2CbqWcnA.jpg,
eJZxsIqNhytJXsnC1xy1Ug,19.47155158392169,-99.1154628019685,,,,False,310.72857142857146,42,24,0.5714285714285714,0.5005574822425842,90,-4,full,/home/runner/work/sample_website/sample_website/.cache/gsv_estrella_fast/panoramas/coarse/z1_eJZxsIqNhytJXsnC1xy1Ug.jpg,/home/runner/work/sample_website/sample_website/.cache/gsv_estrella_fast/best_views/coarse/eJZxsIqNhytJXsnC1xy1Ug.jpg,
T7_0pISlTXEImyzmoCQxrA,19.47822582245298,-99.1213301222387,,,,False,310.5861491904539,51,24,0.47058823529411764,0.4586559534072876,270,-4,street_depth,/home/runner/work/sample_website/sample_website/.cache/gsv_estrella_fast/panoramas/coarse/z1_T7_0pISlTXEImyzmoCQxrA.jpg,/home/runner/work/sample_website/sample_website/.cache/gsv_estrella_fast/best_views/coarse/T7_0pISlTXEImyzmoCQxrA.jpg,
In-QvBRMEiqSRuN4wZqdaA,19.47394401796668,-99.11625915113792,,,,False,310.27894736842103,38,24,0.631578947368421,0.5022247433662415,180,-4,left_houses,/home/runner/work/sample_website/sample_website/.cache/gsv_estrella_fast/panoramas/coarse/z1_In-QvBRMEiqSRuN4wZqdaA.jpg,/home/runner/work/sample_website/sample_website/.cache/gsv_estrella_fast/best_views/coarse/In-QvBRMEiqSRuN4wZqdaA.jpg,
TAmpBBxXHil0SETvji_7HQ,19.47171847036952,-99.11700949779151,,,,False,310.1716216216216,37,24,0.6486486486486487,0.7762466669082642,180,-4,street_depth,/home/runner/work/sample_website/sample_website/.cache/gsv_estrella_fast/panoramas/coarse/z1_TAmpBBxXHil0SETvji_7HQ.jpg,/home/runner/work/sample_website/sample_website/.cache/gsv_estrella_fast/best_views/coarse/TAmpBBxXHil0SETvji_7HQ.jpg,
3wjOeA5cMm7wS3hZJceLTQ,19.47608416249494,-99.1137393617377,,,,False,309.9642857142857,35,24,0.6857142857142857,0.6470930576324463,45,-4,left_houses,/home/runner/work/sample_website/sample_website/.cache/gsv_estrella_fast/panoramas/coarse/z1_3wjOeA5cMm7wS3hZJceLTQ.jpg,/home/runner/work/sample_website/sample_website/.cache/gsv_estrella_fast/best_views/coarse/3wjOeA5cMm7wS3hZJceLTQ.jpg,
wAS-r1umS88RBP9gf5AnJw,19.47476871845331,-99.11491254647119,,,,False,309.5854838709677,31,24,0.7741935483870968,0.5327649116516113,45,-4,left_houses,/home/runner/work/sample_website/sample_website/.cache/gsv_estrella_fast/panoramas/coarse/z1_wAS-r1umS88RBP9gf5AnJw.jpg,/home/runner/work/sample_website/sample_website/.cache/gsv_estrella_fast/best_views/coarse/wAS-r1umS88RBP9gf5AnJw.jpg,
pto4y6yMad-VTd77IjCsMw,19.4759275928404,-99.11841970932305,,,,False,309.34285714285716,28,24,0.8571428571428571,0.5769422054290771,90,-4,street_depth,/home/runner/work/sample_website/sample_website/.cache/gsv_estrella_fast/panoramas/coarse/z1_pto4y6yMad-VTd77IjCsMw.jpg,/home/runner/work/sample_website/sample_website/.cache/gsv_estrella_fast/best_views/coarse/pto4y6yMad-VTd77IjCsMw.jpg,
UmrNwKdZ4bo1o-fC8zt_Mg,19.47132118106852,-99.12052815034083,,,,False,309.251280605793,40,24,0.6,0.4583760201931,45,-4,left_houses,/home/runner/work/sample_website/sample_website/.cache/gsv_estrella_fast/panoramas/coarse/z1_UmrNwKdZ4bo1o-fC8zt_Mg.jpg,/home/runner/work/sample_website/sample_website/.cache/gsv_estrella_fast/best_views/coarse/UmrNwKdZ4bo1o-fC8zt_Mg.jpg,
N8yJWv4Rstrwrthq9cSqWQ,19.47075235627298,-99.11506855592928,,,,False,304.7705969103952,41,24,0.5853658536585366,0.30523940920829773,45,-4,upper_full,/home/runner/work/sample_website/sample_website/.cache/gsv_estrella_fast/panoramas/coarse/z1_N8yJWv4Rstrwrthq9cSqWQ.jpg,/home/runner/work/sample_website/sample_website/.cache/gsv_estrella_fast/best_views/coarse/N8yJWv4Rstrwrthq9cSqWQ.jpg,
dIXHbWXjhnE3GNLMltg1iw,19.47617954666951,-99.11893917390667,,,,False,302.38604889682364,42,24,0.5714285714285714,0.22191591560840607,315,-4,left_houses,/home/runner/work/sample_website/sample_website/.cache/gsv_estrella_fast/panoramas/coarse/z1_dIXHbWXjhnE3GNLMltg1iw.jpg,/home/runner/work/sample_website/sample_website/.cache/gsv_estrella_fast/best_views/coarse/dIXHbWXjhnE3GNLMltg1iw.jpg,
hZy-PBAlzkNorsU9oUBGjg,19.47553575458108,-99.11749450846612,,,,False,301.3653329650561,36,24,0.6666666666666666,0.20995554327964783,0,-4,left_houses,/home/runner/work/sample_website/sample_website/.cache/gsv_estrella_fast/panoramas/coarse/z1_hZy-PBAlzkNorsU9oUBGjg.jpg,/home/runner/work/sample_website/sample_website/.cache/gsv_estrella_fast/best_views/coarse/hZy-PBAlzkNorsU9oUBGjg.jpg,
Wpnt11uZqoEms1XxAj27Nw,19.47330978205658,-99.12180367695963,,,,False,300.55877192982456,57,23,0.40350877192982454,0.7365885972976685,0,-4,left_houses,/home/runner/work/sample_website/sample_website/.cache/gsv_estrella_fast/panoramas/coarse/z1_Wpnt11uZqoEms1XxAj27Nw.jpg,/home/runner/work/sample_website/sample_website/.cache/gsv_estrella_fast/best_views/coarse/Wpnt11uZqoEms1XxAj27Nw.jpg,
os_zek7IpVf_JSZXJwKmXA,19.4710085013826,-99.11943694453778,,,,False,299.77745098039213,51,23,0.45098039215686275,0.5787037014961243,0,-4,left_houses,/home/runner/work/sample_website/sample_website/.cache/gsv_estrella_fast/panoramas/coarse/z1_os_zek7IpVf_JSZXJwKmXA.jpg,/home/runner/work/sample_website/sample_website/.cache/gsv_estrella_fast/best_views/coarse/os_zek7IpVf_JSZXJwKmXA.jpg,
iyWhnQYJ-nCgR0o7vr4EjQ,19.47682716525822,-99.1217457594371,,,,False,299.52346938775514,49,23,0.46938775510204084,0.6294803023338318,270,-4,left_houses,/home/runner/work/sample_website/sample_website/.cache/gsv_estrella_fast/panoramas/coarse/z1_iyWhnQYJ-nCgR0o7vr4EjQ.jpg,/home/runner/work/sample_website/sample_website/.cache/gsv_estrella_fast/best_views/coarse/iyWhnQYJ-nCgR0o7vr4EjQ.jpg,
8F--eQ0Ym2IodbFvLDLUSg,19.47093693513106,-99.12034747771176,,,,False,298.5524390243902,41,23,0.5609756097560976,0.6498982310295105,270,-4,left_houses,/home/runner/work/sample_website/sample_website/.cache/gsv_estrella_fast/panoramas/coarse/z1_8F--eQ0Ym2IodbFvLDLUSg.jpg,/home/runner/work/sample_website/sample_website/.cache/gsv_estrella_fast/best_views/coarse/8F--eQ0Ym2IodbFvLDLUSg.jpg,
v-AVZM_qqEh6l6jHdRGLIA,19.47063441739606,-99.12091406506838,,,,False,298.4375,40,23,0.575,0.5108163952827454,45,-4,left_houses,/home/runner/work/sample_website/sample_website/.cache/gsv_estrella_fast/panoramas/coarse/z1_v-AVZM_qqEh6l6jHdRGLIA.jpg,/home/runner/work/sample_website/sample_website/.cache/gsv_estrella_fast/best_views/coarse/v-AVZM_qqEh6l6jHdRGLIA.jpg,
lCsdSaSGlu8CsWM1NGoH4w,19.46994171846259,-99.11751156198473,,,,False,298.42831509817734,44,24,0.5454545454545454,0.08215595781803131,45,-4,left_houses,/home/runner/work/sample_website/sample_website/.cache/gsv_estrella_fast/panoramas/coarse/z1_lCsdSaSGlu8CsWM1NGoH4w.jpg,/home/runner/work/sample_website/sample_website/.cache/gsv_estrella_fast/best_views/coarse/lCsdSaSGlu8CsWM1NGoH4w.jpg,
6KlMweTNtdvUVX-tDASEfQ,19.47640422022996,-99.11959287841138,,,,False,298.2131578947368,38,23,0.6052631578947368,0.7651917934417725,0,-4,left_houses,/home/runner/work/sample_website/sample_website/.cache/gsv_estrella_fast/panoramas/coarse/z1_6KlMweTNtdvUVX-tDASEfQ.jpg,/home/runner/work/sample_website/sample_website/.cache/gsv_estrella_fast/best_views/coarse/6KlMweTNtdvUVX-tDASEfQ.jpg,
YVIj943oVzeFnGbNVSN71w,19.47069266446474,-99.11767357059301,,,,False,297.89285714285717,35,23,0.6571428571428571,0.5660524368286133,90,-4,left_houses,/home/runner/work/sample_website/sample_website/.cache/gsv_estrella_fast/panoramas/coarse/z1_YVIj943oVzeFnGbNVSN71w.jpg,/home/runner/work/sample_website/sample_website/.cache/gsv_estrella_fast/best_views/coarse/YVIj943oVzeFnGbNVSN71w.jpg,
07-5laPPPaTKSSS56wm45g,19.47781988384841,-99.11892575035223,,,,False,297.79117647058825,34,23,0.6764705882352942,0.5155492424964905,180,-4,left_houses,/home/runner/work/sample_website/sample_website/.cache/gsv_estrella_fast/panoramas/coarse/z1_07-5laPPPaTKSSS56wm45g.jpg,/home/runner/work/sample_website/sample_website/.cache/gsv_estrella_fast/best_views/coarse/07-5laPPPaTKSSS56wm45g.jpg,
KJb33_RiDV3nABmj6XoENA,19.47146341123369,-99.11417758393769,,,,False,297.69242424242424,33,23,0.696969696969697,0.5728903412818909,45,-4,left_houses,/home/runner/work/sample_website/sample_website/.cache/gsv_estrella_fast/panoramas/coarse/z1_KJb33_RiDV3nABmj6XoENA.jpg,/home/runner/work/sample_website/sample_website/.cache/gsv_estrella_fast/best_views/coarse/KJb33_RiDV3nABmj6XoENA.jpg,
1tTvjMEadj6uadRAAcRivA,19.47474529425859,-99.1159298214234,,,,False,297.25357142857143,28,23,0.8214285714285714,0.5727890729904175,225,-4,upper_full,/home/runner/work/sample_website/sample_website/.cache/gsv_estrella_fast/panoramas/coarse/z1_1tTvjMEadj6uadRAAcRivA.jpg,/home/runner/work/sample_website/sample_website/.cache/gsv_estrella_fast/best_views/coarse/1tTvjMEadj6uadRAAcRivA.jpg,
M6dLI2wGOQtJzB3jRKjhNw,19.4778857787288,-99.11666066338904,,,,False,296.6273516739116,34,23,0.6764705882352942,0.4612058401107788,315,-4,left_houses,/home/runner/work/sample_website/sample_website/.cache/gsv_estrella_fast/panoramas/coarse/z1_M6dLI2wGOQtJzB3jRKjhNw.jpg,/home/runner/work/sample_website/sample_website/.cache/gsv_estrella_fast/best_views/coarse/M6dLI2wGOQtJzB3jRKjhNw.jpg,
olnrgycZdlFNAUinCDCBRQ,19.47410847706092,-99.12389709431997,,,,False,296.5715816169977,40,24,0.6,0.035719387233257294,180,-4,left_houses,/home/runner/work/sample_website/sample_website/.cache/gsv_estrella_fast/panoramas/coarse/z1_olnrgycZdlFNAUinCDCBRQ.jpg,/home/runner/work/sample_website/sample_website/.cache/gsv_estrella_fast/best_views/coarse/olnrgycZdlFNAUinCDCBRQ.jpg,
pLjJ1ZWcZgAW0e0cINBktg,19.46979192307041,-99.1170508649926,,,,False,293.11092154979707,32,23,0.71875,0.3504682183265686,90,-4,left_houses,/home/runner/work/sample_website/sample_website/.cache/gsv_estrella_fast/panoramas/coarse/z1_pLjJ1ZWcZgAW0e0cINBktg.jpg,/home/runner/work/sample_website/sample_website/.cache/gsv_estrella_fast/best_views/coarse/pLjJ1ZWcZgAW0e0cINBktg.jpg,
IIgoI0RkzpLuLhKBsNysow,19.47502404452481,-99.11671342744937,,,,False,290.65670025922634,27,23,0.8518518518518519,0.282569020986557,315,-4,left_houses,/home/runner/work/sample_website/sample_website/.cache/gsv_estrella_fast/panoramas/coarse/z1_IIgoI0RkzpLuLhKBsNysow.jpg,/home/runner/work/sample_website/sample_website/.cache/gsv_estrella_fast/best_views/coarse/IIgoI0RkzpLuLhKBsNysow.jpg,
UtpjqK1B5tOn6wMOs_uT8w,19.4702793621069,-99.12178932421689,,,,False,287.6,50,22,0.44,0.7631380558013916,180,-4,street_depth,/home/runner/work/sample_website/sample_website/.cache/gsv_estrella_fast/panoramas/coarse/z1_UtpjqK1B5tOn6wMOs_uT8w.jpg,/home/runner/work/sample_website/sample_website/.cache/gsv_estrella_fast/best_views/coarse/UtpjqK1B5tOn6wMOs_uT8w.jpg,
Ej3IRJ3iat2A6MUqReMHsQ,19.47691829380615,-99.11464898573087,,,,False,286.85,44,22,0.5,0.5090638995170593,90,-4,upper_full,/home/runner/work/sample_website/sample_website/.cache/gsv_estrella_fast/panoramas/coarse/z1_Ej3IRJ3iat2A6MUqReMHsQ.jpg,/home/runner/work/sample_website/sample_website/.cache/gsv_estrella_fast/best_views/coarse/Ej3IRJ3iat2A6MUqReMHsQ.jpg,
9x8Ni2KD4JlA0ptzJEQ5vQ,19.47505197631521,-99.12333360969583,,,,False,286.72906976744184,43,22,0.5116279069767442,0.757568359375,135,-4,left_houses,/home/runner/work/sample_website/sample_website/.cache/gsv_estrella_fast/panoramas/coarse/z1_9x8Ni2KD4JlA0ptzJEQ5vQ.jpg,/home/runner/work/sample_website/sample_website/.cache/gsv_estrella_fast/best_views/coarse/9x8Ni2KD4JlA0ptzJEQ5vQ.jpg,
t4GAYqIxo_uu3SnWqk0FLA,19.47652567302075,-99.11668286650138,,,,False,286.375,40,22,0.55,0.8006054162979126,225,-4,left_houses,/home/runner/work/sample_website/sample_website/.cache/gsv_estrella_fast/panoramas/coarse/z1_t4GAYqIxo_uu3SnWqk0FLA.jpg,/home/runner/work/sample_website/sample_website/.cache/gsv_estrella_fast/best_views/coarse/t4GAYqIxo_uu3SnWqk0FLA.jpg,
We1TyJMfq8Gv6CQA0qPQKg,19.47778927865151,-99.12151206350464,,,,False,286.14736842105265,38,22,0.5789473684210527,0.8396121263504028,225,-4,left_houses,/home/runner/work/sample_website/sample_website/.cache/gsv_estrella_fast/panoramas/coarse/z1_We1TyJMfq8Gv6CQA0qPQKg.jpg,/home/runner/work/sample_website/sample_website/.cache/gsv_estrella_fast/best_views/coarse/We1TyJMfq8Gv6CQA0qPQKg.jpg,
piMToeDcsNoR70qHh4juzw,19.47796104432637,-99.12143734511558,,,,False,285.92777777777775,36,22,0.6111111111111112,0.557705819606781,225,-4,upper_full,/home/runner/work/sample_website/sample_website/.cache/gsv_estrella_fast/panoramas/coarse/z1_piMToeDcsNoR70qHh4juzw.jpg,/home/runner/work/sample_website/sample_website/.cache/gsv_estrella_fast/best_views/coarse/piMToeDcsNoR70qHh4juzw.jpg,
zHTXmYeq_tLiNexsvIV71w,19.47957327320927,-99.12038428761612,,,,False,285.92777777777775,36,22,0.6111111111111112,0.6855766773223877,90,-4,left_houses,/home/runner/work/sample_website/sample_website/.cache/gsv_estrella_fast/panoramas/coarse/z1_zHTXmYeq_tLiNexsvIV71w.jpg,/home/runner/work/sample_website/sample_website/.cache/gsv_estrella_fast/best_views/coarse/zHTXmYeq_tLiNexsvIV71w.jpg,
AIIqhEsHiXjtKgb9ZHtPyA,19.47352229305485,-99.12300821897668,,,,False,285.82142857142856,35,22,0.6285714285714286,0.754477858543396,135,-4,upper_full,/home/runner/work/sample_website/sample_website/.cache/gsv_estrella_fast/panoramas/coarse/z1_AIIqhEsHiXjtKgb9ZHtPyA.jpg,/home/runner/work/sample_website/sample_website/.cache/gsv_estrella_fast/best_views/coarse/AIIqhEsHiXjtKgb9ZHtPyA.jpg,
mqtCmbVPPHDz9ZECySD60g,19.47709299354278,-99.11963610431438,,,,False,285.82142857142856,35,22,0.6285714285714286,0.6602539420127869,0,-4,left_houses,/home/runner/work/sample_website/sample_website/.cache/gsv_estrella_fast/panoramas/coarse/z1_mqtCmbVPPHDz9ZECySD60g.jpg,/home/runner/work/sample_website/sample_website/.cache/gsv_estrella_fast/best_views/coarse/mqtCmbVPPHDz9ZECySD60g.jpg,
osC0W-hFz1tsIQfEM6QOOQ,19.47302662765606,-99.11893681001013,,,,False,285.82142857142856,35,22,0.6285714285714286,0.8396121263504028,0,-4,left_houses,/home/runner/work/sample_website/sample_website/.cache/gsv_estrella_fast/panoramas/coarse/z1_osC0W-hFz1tsIQfEM6QOOQ.jpg,/home/runner/work/sample_website/sample_website/.cache/gsv_estrella_fast/best_views/coarse/osC0W-hFz1tsIQfEM6QOOQ.jpg,
XeQWkTtelX-2NeIhsYSHig,19.47527391806638,-99.1171512438615,,,,False,285.71764705882356,34,22,0.6470588235294118,0.8811487555503845,225,-4,left_houses,/home/runner/work/sample_website/sample_website/.cache/gsv_estrella_fast/panoramas/coarse/z1_XeQWkTtelX-2NeIhsYSHig.jpg,/home/runner/work/sample_website/sample_website/.cache/gsv_estrella_fast/best_views/coarse/XeQWkTtelX-2NeIhsYSHig.jpg,
PfYu_g8X49dBbX36LQ0S4A,19.47461640748595,-99.12128503801692,,,,False,285.6166666666667,33,22,0.6666666666666666,0.7770386934280396,45,-4,street_depth,/home/runner/work/sample_website/sample_website/.cache/gsv_estrella_fast/panoramas/coarse/z1_PfYu_g8X49dBbX36LQ0S4A.jpg,/home/runner/work/sample_website/sample_website/.cache/gsv_estrella_fast/best_views/coarse/PfYu_g8X49dBbX36LQ0S4A.jpg,
Entu2PK21HWJ-ceaGLaMAw,19.47842660561516,-99.12228761918284,,,,False,285.42419354838705,31,22,0.7096774193548387,0.7464064955711365,0,-4,left_houses,/home/runner/work/sample_website/sample_website/.cache/gsv_estrella_fast/panoramas/coarse/z1_Entu2PK21HWJ-ceaGLaMAw.jpg,/home/runner/work/sample_website/sample_website/.cache/gsv_estrella_fast/best_views/coarse/Entu2PK21HWJ-ceaGLaMAw.jpg,
1N9_8S1kJkrel-3g-OO68w,19.47964037126707,-99.11791409361987,,,,False,284.87713587090025,43,22,0.5116279069767442,0.43826887011528015,315,-4,left_houses,/home/runner/work/sample_website/sample_website/.cache/gsv_estrella_fast/panoramas/coarse/z1_1N9_8S1kJkrel-3g-OO68w.jpg,/home/runner/work/sample_website/sample_website/.cache/gsv_estrella_fast/best_views/coarse/1N9_8S1kJkrel-3g-OO68w.jpg,
_5F0VjkWXxBlpAokQgBwJg,19.47172289284648,-99.11537745217903,,,,False,283.6038414120674,32,22,0.6875,0.43616971373558044,135,-4,left_houses,/home/runner/work/sample_website/sample_website/.cache/gsv_estrella_fast/panoramas/coarse/z1__5F0VjkWXxBlpAokQgBwJg.jpg,/home/runner/work/sample_website/sample_website/.cache/gsv_estrella_fast/best_views/coarse/_5F0VjkWXxBlpAokQgBwJg.jpg,
l0PwYlgdalf6ayzjriBGTw,19.47799282760436,-99.11586853129582,,,,False,282.1517524043719,33,22,0.6666666666666666,0.3845028579235077,225,-4,upper_full,/home/runner/work/sample_website/sample_website/.cache/gsv_estrella_fast/panoramas/coarse/z1_l0PwYlgdalf6ayzjriBGTw.jpg,/home/runner/work/sample_website/sample_website/.cache/gsv_estrella_fast/best_views/coarse/l0PwYlgdalf6ayzjriBGTw.jpg,
6ZH6La4yUHyNKEXEdPyKGA,19.47502501376346,-99.11777462563397,,,,False,278.17404167840357,38,22,0.5789473684210527,0.2342224419116974,135,-4,left_houses,/home/runner/work/sample_website/sample_website/.cache/gsv_estrella_fast/panoramas/coarse/z1_6ZH6La4yUHyNKEXEdPyKGA.jpg,/home/runner/work/sample_website/sample_website/.cache/gsv_estrella_fast/best_views/coarse/6ZH6La4yUHyNKEXEdPyKGA.jpg,
Vj9dgxQ-jtFlxZFa0XqCvw,19.47322612160712,-99.1215796056114,,,,False,275.4214285714286,49,21,0.42857142857142855,0.8098176121711731,270,-4,left_houses,/home/runner/work/sample_website/sample_website/.cache/gsv_estrella_fast/panoramas/coarse/z1_Vj9dgxQ-jtFlxZFa0XqCvw.jpg,/home/runner/work/sample_website/sample_website/.cache/gsv_estrella_fast/best_views/coarse/Vj9dgxQ-jtFlxZFa0XqCvw.jpg,
3xDFIiJ-Ty2agYQSyi5T5w,19.47912348424753,-99.12089633540756,,,,False,274.1961538461539,39,21,0.5384615384615384,0.7129426002502441,225,-4,full,/home/runner/work/sample_website/sample_website/.cache/gsv_estrella_fast/panoramas/coarse/z1_3xDFIiJ-Ty2agYQSyi5T5w.jpg,/home/runner/work/sample_website/sample_website/.cache/gsv_estrella_fast/best_views/coarse/3xDFIiJ-Ty2agYQSyi5T5w.jpg,
4qGagWYYJODBexL-fiSLrg,19.47446278993365,-99.11964741734755,,,,False,274.0815789473684,38,21,0.5526315789473685,0.5152617692947388,90,-4,left_houses,/home/runner/work/sample_website/sample_website/.cache/gsv_estrella_fast/panoramas/coarse/z1_4qGagWYYJODBexL-fiSLrg.jpg,/home/runner/work/sample_website/sample_website/.cache/gsv_estrella_fast/best_views/coarse/4qGagWYYJODBexL-fiSLrg.jpg,
PK0WmHOlw5ghrc-Gl1SxDQ,19.4725141081561,-99.1138474186161,,,,False,274.0815789473684,38,21,0.5526315789473685,0.8677425980567932,270,-4,left_houses,/home/runner/work/sample_website/sample_website/.cache/gsv_estrella_fast/panoramas/coarse/z1_PK0WmHOlw5ghrc-Gl1SxDQ.jpg,/home/runner/work/sample_website/sample_website/.cache/gsv_estrella_fast/best_views/coarse/PK0WmHOlw5ghrc-Gl1SxDQ.jpg,
D2OfKlJ_AXiDHpADphcTag,19.47800269418488,-99.12131061951042,,,,False,273.8583333333333,36,21,0.5833333333333334,0.8245455622673035,225,-4,left_houses,/home/runner/work/sample_website/sample_website/.cache/gsv_estrella_fast/panoramas/coarse/z1_D2OfKlJ_AXiDHpADphcTag.jpg,/home/runner/work/sample_website/sample_website/.cache/gsv_estrella_fast/best_views/coarse/D2OfKlJ_AXiDHpADphcTag.jpg,
EikN7u4YprQQpOwEJbA87Q,19.47967040795845,-99.11800501809778,,,,False,273.8583333333333,36,21,0.5833333333333334,0.7459493279457092,180,-4,left_houses,/home/runner/work/sample_website/sample_website/.cache/gsv_estrella_fast/panoramas/coarse/z1_EikN7u4YprQQpOwEJbA87Q.jpg,/home/runner/work/sample_website/sample_website/.cache/gsv_estrella_fast/best_views/coarse/EikN7u4YprQQpOwEJbA87Q.jpg,
jurPI2OuXlh5lvQ2rYSsZw,19.47130555889473,-99.11465244696493,,,,False,273.8583333333333,36,21,0.5833333333333334,0.7230837345123291,135,-4,full,/home/runner/work/sample_website/sample_website/.cache/gsv_estrella_fast/panoramas/coarse/z1_jurPI2OuXlh5lvQ2rYSsZw.jpg,/home/runner/work/sample_website/sample_website/.cache/gsv_estrella_fast/best_views/coarse/jurPI2OuXlh5lvQ2rYSsZw.jpg,
-jeYOeTZ4SfVIMwmDedzVw,19.47491527605745,-99.11831873788988,,,,False,273.6570020914078,40,21,0.525,0.47815006971359253,180,-4,street_depth,/home/runner/work/sample_website/sample_website/.cache/gsv_estrella_fast/panoramas/coarse/z1_-jeYOeTZ4SfVIMwmDedzVw.jpg,/home/runner/work/sample_website/sample_website/.cache/gsv_estrella_fast/best_views/coarse/-jeYOeTZ4SfVIMwmDedzVw.jpg,
MczwyWHnQiB41TLPh_p-QA,19.47641333364146,-99.11773494652996,,,,False,273.64411764705886,34,21,0.6176470588235294,0.6680198907852173,90,-4,left_houses,/home/runner/work/sample_website/sample_website/.cache/gsv_estrella_fast/panoramas/coarse/z1_MczwyWHnQiB41TLPh_p-QA.jpg,/home/runner/work/sample_website/sample_website/.cache/gsv_estrella_fast/best_views/coarse/MczwyWHnQiB41TLPh_p-QA.jpg,
ygASFHULkNzrjJCfvQo0-A,19.47459253364375,-99.11441151166434,,,,False,273.64411764705886,34,21,0.6176470588235294,0.8924614191055298,270,-4,left_houses,/home/runner/work/sample_website/sample_website/.cache/gsv_estrella_fast/panoramas/coarse/z1_ygASFHULkNzrjJCfvQo0-A.jpg,/home/runner/work/sample_website/sample_website/.cache/gsv_estrella_fast/best_views/coarse/ygASFHULkNzrjJCfvQo0-A.jpg,
x9EtldFsF9WOfu-gbhZB1w,19.47908665030162,-99.12159936168842,,,,False,273.26293820142746,40,21,0.525,0.46501460671424866,225,-4,left_houses,/home/runner/work/sample_website/sample_website/.cache/gsv_estrella_fast/panoramas/coarse/z1_x9EtldFsF9WOfu-gbhZB1w.jpg,/home/runner/work/sample_website/sample_website/.cache/gsv_estrella_fast/best_views/coarse/x9EtldFsF9WOfu-gbhZB1w.jpg,
rrOnND9hvWPyK8k_e72Gpg,19.47726770747497,-99.11957067448984,,,,False,273.25,30,21,0.7,0.8633996844291687,135,-4,left_houses,/home/runner/work/sample_website/sample_website/.cache/gsv_estrella_fast/panoramas/coarse/z1_rrOnND9hvWPyK8k_e72Gpg.jpg,/home/runner/work/sample_website/sample_website/.cache/gsv_estrella_fast/best_views/coarse/rrOnND9hvWPyK8k_e72Gpg.jpg,
M0yYiv2cxg7JhmqLozC4dQ,19.47009851315877,-99.11796896910484,,,,False,272.99444444444447,27,21,0.7777777777777778,0.5497109889984131,225,-4,left_houses,/home/runner/work/sample_website/sample_website/.cache/gsv_estrella_fast/panoramas/coarse/z1_M0yYiv2cxg7JhmqLozC4dQ.jpg,/home/runner/work/sample_website/sample_website/.cache/gsv_estrella_fast/best_views/coarse/M0yYiv2cxg7JhmqLozC4dQ.jpg,
M0gCcmX20ab64dqcXQi3aw,19.47798835039138,-99.119167712378,,,,False,272.4291446328163,28,21,0.75,0.4784714877605438,315,-4,street_depth,/home/runner/work/sample_website/sample_website/.cache/gsv_estrella_fast/panoramas/coarse/z1_M0gCcmX20ab64dqcXQi3aw.jpg,/home/runner/work/sample_website/sample_website/.cache/gsv_estrella_fast/best_views/coarse/M0gCcmX20ab64dqcXQi3aw.jpg,
4oJ8f4OSNfRPkVN_wdoCKg,19.4730514661092,-99.11800408943499,,,,False,271.66841093301775,25,21,0.84,0.4606136977672577,45,-4,left_houses,/home/runner/work/sample_website/sample_website/.cache/gsv_estrella_fast/panoramas/coarse/z1_4oJ8f4OSNfRPkVN_wdoCKg.jpg,/home/runner/work/sample_website/sample_website/.cache/gsv_estrella_fast/best_views/coarse/4oJ8f4OSNfRPkVN_wdoCKg.jpg,
6ALkVldhRJkh0pQ1gbr1Cw,19.47369630454752,-99.11680553247665,,,,False,271.3614192274901,39,21,0.5384615384615384,0.4055088460445404,180,-4,full,/home/runner/work/sample_website/sample_website/.cache/gsv_estrella_fast/panoramas/coarse/z1_6ALkVldhRJkh0pQ1gbr1Cw.jpg,/home/runner/work/sample_website/sample_website/.cache/gsv_estrella_fast/best_views/coarse/6ALkVldhRJkh0pQ1gbr1Cw.jpg,
AnoP57EdbTTDb8YilptjGw,19.47752584994338,-99.11394711810007,,,,False,270.2521826028824,30,21,0.7,0.40007275342941284,225,-4,left_houses,/home/runner/work/sample_website/sample_website/.cache/gsv_estrella_fast/panoramas/coarse/z1_AnoP57EdbTTDb8YilptjGw.jpg,/home/runner/work/sample_website/sample_website/.cache/gsv_estrella_fast/best_views/coarse/AnoP57EdbTTDb8YilptjGw.jpg,
X4GizVu43DcYoliLqXP1RQ,19.47666582019914,-99.12180646308057,,,,False,269.0310097726908,33,21,0.6363636363636364,0.34967002272605896,0,-4,upper_full,/home/runner/work/sample_website/sample_website/.cache/gsv_estrella_fast/panoramas/coarse/z1_X4GizVu43DcYoliLqXP1RQ.jpg,/home/runner/work/sample_website/sample_website/.cache/gsv_estrella_fast/best_views/coarse/X4GizVu43DcYoliLqXP1RQ.jpg,
Eozf1UAKGTN7yWPqyrewyA,19.47490097925209,-99.12378438019118,,,,False,264.43920001387596,35,21,0.6,0.18964000046253204,90,-4,left_houses,/home/runner/work/sample_website/sample_website/.cache/gsv_estrella_fast/panoramas/coarse/z1_Eozf1UAKGTN7yWPqyrewyA.jpg,/home/runner/work/sample_website/sample_website/.cache/gsv_estrella_fast/best_views/coarse/Eozf1UAKGTN7yWPqyrewyA.jpg,
P21_ZF4BJ6IxW3UUdVtFFg,19.47663066290955,-99.11566583521723,,,,False,262.73636363636365,44,20,0.45454545454545453,0.5822523832321167,90,-4,full,/home/runner/work/sample_website/sample_website/.cache/gsv_estrella_fast/panoramas/coarse/z1_P21_ZF4BJ6IxW3UUdVtFFg.jpg,/home/runner/work/sample_website/sample_website/.cache/gsv_estrella_fast/best_views/coarse/P21_ZF4BJ6IxW3UUdVtFFg.jpg,
4TWVxwGsNAj4n28vi3Ij7Q,19.46969595608183,-99.11880206802277,,,,False,262.6127906976744,43,20,0.46511627906976744,0.5906770825386047,180,-4,left_houses,/home/runner/work/sample_website/sample_website/.cache/gsv_estrella_fast/panoramas/coarse/z1_4TWVxwGsNAj4n28vi3Ij7Q.jpg,/home/runner/work/sample_website/sample_website/.cache/gsv_estrella_fast/best_views/coarse/4TWVxwGsNAj4n28vi3Ij7Q.jpg,
6KjoPY2g1NotGPW-_xDK7Q,19.47083303485427,-99.12084002265384,,,,False,262.4904761904762,42,20,0.47619047619047616,0.5760472416877747,270,-4,left_houses,/home/runner/work/sample_website/sample_website/.cache/gsv_estrella_fast/panoramas/coarse/z1_6KjoPY2g1NotGPW-_xDK7Q.jpg,/home/runner/work/sample_website/sample_website/.cache/gsv_estrella_fast/best_views/coarse/6KjoPY2g1NotGPW-_xDK7Q.jpg,
irzyM9F3yZaBs784L1bmXg,19.47112520454801,-99.12154262630088,,,,False,262.1320512820513,39,20,0.5128205128205128,0.6606430411338806,270,-4,left_houses,/home/runner/work/sample_website/sample_website/.cache/gsv_estrella_fast/panoramas/coarse/z1_irzyM9F3yZaBs784L1bmXg.jpg,/home/runner/work/sample_website/sample_website/.cache/gsv_estrella_fast/best_views/coarse/irzyM9F3yZaBs784L1bmXg.jpg,
V1ogxHTmDxMC8D3B0pq15w,19.47419365321858,-99.12274412494084,,,,False,261.90135135135137,37,20,0.5405405405405406,0.6832793354988098,0,-4,street_depth,/home/runner/work/sample_website/sample_website/.cache/gsv_estrella_fast/panoramas/coarse/z1_V1ogxHTmDxMC8D3B0pq15w.jpg,/home/runner/work/sample_website/sample_website/.cache/gsv_estrella_fast/best_views/coarse/V1ogxHTmDxMC8D3B0pq15w.jpg,
tRGz7Jn0qpJ4XKYs00rmig,19.47216340087889,-99.11893258876648,,,,False,261.90135135135137,37,20,0.5405405405405406,0.5309792757034302,225,-4,full,/home/runner/work/sample_website/sample_website/.cache/gsv_estrella_fast/panoramas/coarse/z1_tRGz7Jn0qpJ4XKYs00rmig.jpg,/home/runner/work/sample_website/sample_website/.cache/gsv_estrella_fast/best_views/coarse/tRGz7Jn0qpJ4XKYs00rmig.jpg,
_LXodgpz3oXevsMqybH4EA,19.47900614616167,-99.11612103679334,,,,False,261.7219222187996,40,20,0.5,0.4823974072933197,90,-4,left_houses,/home/runner/work/sample_website/sample_website/.cache/gsv_estrella_fast/panoramas/coarse/z1__LXodgpz3oXevsMqybH4EA.jpg,/home/runner/work/sample_website/sample_website/.cache/gsv_estrella_fast/best_views/coarse/_LXodgpz3oXevsMqybH4EA.jpg,
OM2SflEscZEytFBzgFia4A,19.47372185858165,-99.1158976567638,,,,False,261.67857142857144,35,20,0.5714285714285714,0.5054650902748108,0,-4,left_houses,/home/runner/work/sample_website/sample_website/.cache/gsv_estrella_fast/panoramas/coarse/z1_OM2SflEscZEytFBzgFia4A.jpg,/home/runner/work/sample_website/sample_website/.cache/gsv_estrella_fast/best_views/coarse/OM2SflEscZEytFBzgFia4A.jpg,
laorYMQVgiotAxy2jvEXiQ,19.47003478781887,-99.1177845876249,,,,False,261.3625,32,20,0.625,0.6770932674407959,180,-4,left_houses,/home/runner/work/sample_website/sample_website/.cache/gsv_estrella_fast/panoramas/coarse/z1_laorYMQVgiotAxy2jvEXiQ.jpg,/home/runner/work/sample_website/sample_website/.cache/gsv_estrella_fast/best_views/coarse/laorYMQVgiotAxy2jvEXiQ.jpg,
X5r0NTRHgo3hHYCr7O3NOQ,19.47529063476702,-99.12402525934277,,,,False,261.26290322580644,31,20,0.6451612903225806,0.6377605199813843,315,-4,left_houses,/home/runner/work/sample_website/sample_website/.cache/gsv_estrella_fast/panoramas/coarse/z1_X5r0NTRHgo3hHYCr7O3NOQ.jpg,/home/runner/work/sample_website/sample_website/.cache/gsv_estrella_fast/best_views/coarse/X5r0NTRHgo3hHYCr7O3NOQ.jpg,
VVGBHsNBw27JCFwpw-eSBg,19.47079417237034,-99.11896315057558,,,,False,261.0741379310345,29,20,0.6896551724137931,0.719990074634552,180,-4,left_houses,/home/runner/work/sample_website/sample_website/.cache/gsv_estrella_fast/panoramas/coarse/z1_VVGBHsNBw27JCFwpw-eSBg.jpg,/home/runner/work/sample_website/sample_website/.cache/gsv_estrella_fast/best_views/coarse/VVGBHsNBw27JCFwpw-eSBg.jpg,
b_3FqBLLvutJJGLshXkqXg,19.47194588403183,-99.11421717685369,,,,False,260.98571428571427,28,20,0.7142857142857143,0.8874777555465698,315,-4,left_houses,/home/runner/work/sample_website/sample_website/.cache/gsv_estrella_fast/panoramas/coarse/z1_b_3FqBLLvutJJGLshXkqXg.jpg,/home/runner/work/sample_website/sample_website/.cache/gsv_estrella_fast/best_views/coarse/b_3FqBLLvutJJGLshXkqXg.jpg,
_e13c_eigySw9QT0H2k2OQ,19.4767173363835,-99.11711578621467,,,,False,260.8230769230769,26,20,0.7692307692307693,0.748449444770813,45,-4,full,/home/runner/work/sample_website/sample_website/.cache/gsv_estrella_fast/panoramas/coarse/z1__e13c_eigySw9QT0H2k2OQ.jpg,/home/runner/work/sample_website/sample_website/.cache/gsv_estrella_fast/best_views/coarse/_e13c_eigySw9QT0H2k2OQ.jpg,
LwizfVu-B_TL2k-I9UAX9w,19.47054217334768,-99.11920224225932,,,,False,260.75,25,20,0.8,0.8600156903266907,225,-4,left_houses,/home/runner/work/sample_website/sample_website/.cache/gsv_estrella_fast/panoramas/coarse/z1_LwizfVu-B_TL2k-I9UAX9w.jpg,/home/runner/work/sample_website/sample_website/.cache/gsv_estrella_fast/best_views/coarse/LwizfVu-B_TL2k-I9UAX9w.jpg,
-ZuI4IDQvEktZ_VpT_Lblw,19.47637088313001,-99.11438829614298,,,,False,260.02360898677045,34,20,0.5882352941176471,0.4484340250492096,225,-4,street_depth,/home/runner/work/sample_website/sample_website/.cache/gsv_estrella_fast/panoramas/coarse/z1_-ZuI4IDQvEktZ_VpT_Lblw.jpg,/home/runner/work/sample_website/sample_website/.cache/gsv_estrella_fast/best_views/coarse/-ZuI4IDQvEktZ_VpT_Lblw.jpg,
Frce0g3fsfJ8Hw78Wrv5Ww,19.47956912880221,-99.11771654218627,,,,False,259.7932369589806,32,20,0.625,0.4476912319660187,225,-4,full,/home/runner/work/sample_website/sample_website/.cache/gsv_estrella_fast/panoramas/coarse/z1_Frce0g3fsfJ8Hw78Wrv5Ww.jpg,/home/runner/work/sample_website/sample_website/.cache/gsv_estrella_fast/best_views/coarse/Frce0g3fsfJ8Hw78Wrv5Ww.jpg,
UphDPz8qO1UoCgSebKWmag,19.47614911234745,-99.11392449365079,,,,False,259.5240535785412,29,20,0.6896551724137931,0.44833052158355713,315,-4,left_houses,/home/runner/work/sample_website/sample_website/.cache/gsv_estrella_fast/panoramas/coarse/z1_UphDPz8qO1UoCgSebKWmag.jpg,/home/runner/work/sample_website/sample_website/.cache/gsv_estrella_fast/best_views/coarse/UphDPz8qO1UoCgSebKWmag.jpg,
7bImJlvdQbjyi8ZxC7eUrg,19.47904070755256,-99.11934855118862,,,,False,257.8141403321297,31,20,0.6451612903225806,0.3850412368774414,225,-4,left_houses,/home/runner/work/sample_website/sample_website/.cache/gsv_estrella_fast/panoramas/coarse/z1_7bImJlvdQbjyi8ZxC7eUrg.jpg,/home/runner/work/sample_website/sample_website/.cache/gsv_estrella_fast/best_views/coarse/7bImJlvdQbjyi8ZxC7eUrg.jpg,
caDVuiWtgS9RpxgUlo368w,19.47860538376989,-99.11469499483007,,,,False,253.51800977752566,47,20,0.425531914893617,0.18013933300971985,45,-4,left_houses,/home/runner/work/sample_website/sample_website/.cache/gsv_estrella_fast/panoramas/coarse/z1_caDVuiWtgS9RpxgUlo368w.jpg,/home/runner/work/sample_website/sample_website/.cache/gsv_estrella_fast/best_views/coarse/caDVuiWtgS9RpxgUlo368w.jpg,
waETb9-QN_qjisDupkbrUg,19.47814705907821,-99.12072393576808,,,,False,253.49252169981145,33,20,0.6060606060606061,0.2342456728219986,270,-4,left_houses,/home/runner/work/sample_website/sample_website/.cache/gsv_estrella_fast/panoramas/coarse/z1_waETb9-QN_qjisDupkbrUg.jpg,/home/runner/work/sample_website/sample_website/.cache/gsv_estrella_fast/best_views/coarse/waETb9-QN_qjisDupkbrUg.jpg,
sWwjLWJdlowuraFE9UAstg,19.46969401459032,-99.11746403164247,,,,False,251.05588209415382,53,20,0.37735849056603776,0.07208286225795746,225,-4,left_houses,/home/runner/work/sample_website/sample_website/.cache/gsv_estrella_fast/panoramas/coarse/z1_sWwjLWJdlowuraFE9UAstg.jpg,/home/runner/work/sample_website/sample_website/.cache/gsv_estrella_fast/best_views/coarse/sWwjLWJdlowuraFE9UAstg.jpg,
GOHOZJrcySVKEFKyBLFi0Q,19.47235299567513,-99.12345738347251,,,,False,250.30853658536586,41,19,0.4634146341463415,0.7257279753684998,45,-4,left_houses,/home/runner/work/sample_website/sample_website/.cache/gsv_estrella_fast/panoramas/coarse/z1_GOHOZJrcySVKEFKyBLFi0Q.jpg,/home/runner/work/sample_website/sample_website/.cache/gsv_estrella_fast/best_views/coarse/GOHOZJrcySVKEFKyBLFi0Q.jpg,
P_OVYQWHq-fKHadaET-r4Q,19.47545486003733,-99.11726006516639,,,,False,250.1875,40,19,0.475,0.639042854309082,315,-4,left_houses,/home/runner/work/sample_website/sample_website/.cache/gsv_estrella_fast/panoramas/coarse/z1_P_OVYQWHq-fKHadaET-r4Q.jpg,/home/runner/work/sample_website/sample_website/.cache/gsv_estrella_fast/best_views/coarse/P_OVYQWHq-fKHadaET-r4Q.jpg,
fEXeNNnlxf9OT3Bn-XxRCg,19.47419156315212,-99.12325948060898,,,,False,249.95,38,19,0.5,0.9106365442276001,0,-4,left_houses,/home/runner/work/sample_website/sample_website/.cache/gsv_estrella_fast/panoramas/coarse/z1_fEXeNNnlxf9OT3Bn-XxRCg.jpg,/home/runner/work/sample_website/sample_website/.cache/gsv_estrella_fast/best_views/coarse/fEXeNNnlxf9OT3Bn-XxRCg.jpg,
_-oghSHruqLkcV_Z40za8Q,19.47487775733824,-99.11629730991093,,,,False,249.95,38,19,0.5,0.5515422821044922,90,-4,street_depth,/home/runner/work/sample_website/sample_website/.cache/gsv_estrella_fast/panoramas/coarse/z1__-oghSHruqLkcV_Z40za8Q.jpg,/home/runner/work/sample_website/sample_website/.cache/gsv_estrella_fast/best_views/coarse/_-oghSHruqLkcV_Z40za8Q.jpg,
xbGUk8NHozrgKa-RPvPhjg,19.47598835816857,-99.11346162246367,,,,False,249.95,38,19,0.5,0.8565601110458374,0,-4,left_houses,/home/runner/work/sample_website/sample_website/.cache/gsv_estrella_fast/panoramas/coarse/z1_xbGUk8NHozrgKa-RPvPhjg.jpg,/home/runner/work/sample_website/sample_website/.cache/gsv_estrella_fast/best_views/coarse/xbGUk8NHozrgKa-RPvPhjg.jpg,
JgOWAMbv_7rr_kiKAFbQLA,19.47914168986729,-99.11651832723382,,,,False,249.8337837837838,37,19,0.5135135135135135,0.8453396558761597,180,-4,upper_full,/home/runner/work/sample_website/sample_website/.cache/gsv_estrella_fast/panoramas/coarse/z1_JgOWAMbv_7rr_kiKAFbQLA.jpg,/home/runner/work/sample_website/sample_website/.cache/gsv_estrella_fast/best_views/coarse/JgOWAMbv_7rr_kiKAFbQLA.jpg,
nBku1-qfrfQujBDWAX0t6Q,19.47479130534111,-99.11318582578839,,,,False,249.8337837837838,37,19,0.5135135135135135,0.758425772190094,180,-4,left_houses,/home/runner/work/sample_website/sample_website/.cache/gsv_estrella_fast/panoramas/coarse/z1_nBku1-qfrfQujBDWAX0t6Q.jpg,/home/runner/work/sample_website/sample_website/.cache/gsv_estrella_fast/best_views/coarse/nBku1-qfrfQujBDWAX0t6Q.jpg,
hu8S6-2lbnwj28FN2S9TrA,19.47610667968206,-99.12071650621314,,,,False,249.49705882352941,34,19,0.5588235294117647,0.6448783874511719,270,-4,left_houses,/home/runner/work/sample_website/sample_website/.cache/gsv_estrella_fast/panoramas/coarse/z1_hu8S6-2lbnwj28FN2S9TrA.jpg,/home/runner/work/sample_website/sample_website/.cache/gsv_estrella_fast/best_views/coarse/hu8S6-2lbnwj28FN2S9TrA.jpg,
n3lvEp4O_HxETaYuNgiQGA,19.47864163285097,-99.11508180999363,,,,False,249.49705882352941,34,19,0.5588235294117647,0.5500985980033875,0,-4,left_houses,/home/runner/work/sample_website/sample_website/.cache/gsv_estrella_fast/panoramas/coarse/z1_n3lvEp4O_HxETaYuNgiQGA.jpg,/home/runner/work/sample_website/sample_website/.cache/gsv_estrella_fast/best_views/coarse/n3lvEp4O_HxETaYuNgiQGA.jpg,
-ZrbF3QFEscxJnsYG3TmnA,19.47625074214092,-99.11830523001552,,,,False,249.38939393939393,33,19,0.5757575757575758,0.589167058467865,225,-4,left_houses,/home/runner/work/sample_website/sample_website/.cache/gsv_estrella_fast/panoramas/coarse/z1_-ZrbF3QFEscxJnsYG3TmnA.jpg,/home/runner/work/sample_website/sample_website/.cache/gsv_estrella_fast/best_views/coarse/-ZrbF3QFEscxJnsYG3TmnA.jpg,
Cq_R4sNMt-CQhJ8QWen9ZA,19.4776529105862,-99.11494783429814,,,,False,249.284375,32,19,0.59375,0.8359519839286804,315,-4,street_depth,/home/runner/work/sample_website/sample_website/.cache/gsv_estrella_fast/panoramas/coarse/z1_Cq_R4sNMt-CQhJ8QWen9ZA.jpg,/home/runner/work/sample_website/sample_website/.cache/gsv_estrella_fast/best_views/coarse/Cq_R4sNMt-CQhJ8QWen9ZA.jpg,
bUDknd7D42DyOgOvxc6sOw,19.47035784764232,-99.11868809471474,,,,False,249.19599784893148,34,19,0.5588235294117647,0.48996463418006897,0,-4,left_houses,/home/runner/work/sample_website/sample_website/.cache/gsv_estrella_fast/panoramas/coarse/z1_bUDknd7D42DyOgOvxc6sOw.jpg,/home/runner/work/sample_website/sample_website/.cache/gsv_estrella_fast/best_views/coarse/bUDknd7D42DyOgOvxc6sOw.jpg,
Y9EEKwt4Orl9MFnkklf1Ig,19.47549344848931,-99.12095315476304,,,,False,249.18225806451613,31,19,0.6129032258064516,0.7120973467826843,315,-4,left_houses,/home/runner/work/sample_website/sample_website/.cache/gsv_estrella_fast/panoramas/coarse/z1_Y9EEKwt4Orl9MFnkklf1Ig.jpg,/home/runner/work/sample_website/sample_website/.cache/gsv_estrella_fast/best_views/coarse/Y9EEKwt4Orl9MFnkklf1Ig.jpg,
eRMoLO1C7O5wf577-JSEqw,19.47523103111864,-99.12105640905929,,,,False,249.18225806451613,31,19,0.6129032258064516,0.8874777555465698,0,-4,left_houses,/home/runner/work/sample_website/sample_website/.cache/gsv_estrella_fast/panoramas/coarse/z1_eRMoLO1C7O5wf577-JSEqw.jpg,/home/runner/work/sample_website/sample_website/.cache/gsv_estrella_fast/best_views/coarse/eRMoLO1C7O5wf577-JSEqw.jpg,
kbAU2EYzaOKHUFRR26DCIw,19.47161053419855,-99.11625374812728,,,,False,249.18225806451613,31,19,0.6129032258064516,0.6343528032302856,45,-4,full,/home/runner/work/sample_website/sample_website/.cache/gsv_estrella_fast/panoramas/coarse/z1_kbAU2EYzaOKHUFRR26DCIw.jpg,/home/runner/work/sample_website/sample_website/.cache/gsv_estrella_fast/best_views/coarse/kbAU2EYzaOKHUFRR26DCIw.jpg,
zQq76m6SqiR3ZLqKmK_dfw,19.47575753311212,-99.1141689731142,,,,False,249.18225806451613,31,19,0.6129032258064516,0.6118013858795166,270,-4,full,/home/runner/work/sample_website/sample_website/.cache/gsv_estrella_fast/panoramas/coarse/z1_zQq76m6SqiR3ZLqKmK_dfw.jpg,/home/runner/work/sample_website/sample_website/.cache/gsv_estrella_fast/best_views/coarse/zQq76m6SqiR3ZLqKmK_dfw.jpg,
oWpMWOGewVGPbkJ5bgyKDw,19.47554572823571,-99.11471669087322,,,,False,249.18225806451613,31,19,0.6129032258064516,0.5889511108398438,135,-4,left_houses,/home/runner/work/sample_website/sample_website/.cache/gsv_estrella_fast/panoramas/coarse/z1_oWpMWOGewVGPbkJ5bgyKDw.jpg,/home/runner/work/sample_website/sample_website/.cache/gsv_estrella_fast/best_views/coarse/oWpMWOGewVGPbkJ5bgyKDw.jpg,
MSvu7H7nd90vaNBAsZZYGA,19.47122537058629,-99.11433967020007,,,,False,249.18225806451613,31,19,0.6129032258064516,0.5100510120391846,45,-4,street_depth,/home/runner/work/sample_website/sample_website/.cache/gsv_estrella_fast/panoramas/coarse/z1_MSvu7H7nd90vaNBAsZZYGA.jpg,/home/runner/work/sample_website/sample_website/.cache/gsv_estrella_fast/best_views/coarse/MSvu7H7nd90vaNBAsZZYGA.jpg,
Te3plmEvJV_rA69fuFm0Tw,19.47615639736228,-99.12199980322605,,,,False,249.08333333333334,30,19,0.6333333333333333,0.5808032751083374,90,-4,street_depth,/home/runner/work/sample_website/sample_website/.cache/gsv_estrella_fast/panoramas/coarse/z1_Te3plmEvJV_rA69fuFm0Tw.jpg,/home/runner/work/sample_website/sample_website/.cache/gsv_estrella_fast/best_views/coarse/Te3plmEvJV_rA69fuFm0Tw.jpg,
Lx_L664eQrNbme4ygcgFVw,19.47889083155899,-99.11754398056476,,,,False,248.89642857142857,28,19,0.6785714285714286,0.5072509050369263,225,-4,left_houses,/home/runner/work/sample_website/sample_website/.cache/gsv_estrella_fast/panoramas/coarse/z1_Lx_L664eQrNbme4ygcgFVw.jpg,/home/runner/work/sample_website/sample_website/.cache/gsv_estrella_fast/best_views/coarse/Lx_L664eQrNbme4ygcgFVw.jpg,
SmofgYfmIdoCvkXg_L50sQ,19.47194053636818,-99.11659000181407,,,,False,248.65,25,19,0.76,0.5632690787315369,90,-4,left_houses,/home/runner/work/sample_website/sample_website/.cache/gsv_estrella_fast/panoramas/coarse/z1_SmofgYfmIdoCvkXg_L50sQ.jpg,/home/runner/work/sample_website/sample_website/.cache/gsv_estrella_fast/best_views/coarse/SmofgYfmIdoCvkXg_L50sQ.jpg,
Cx8T_cvi_5hZJCs1aPZo7g,19.47528083668528,-99.11767551233444,,,,False,246.73037732839583,38,19,0.5,0.39267924427986145,315,-4,left_houses,/home/runner/work/sample_website/sample_website/.cache/gsv_estrella_fast/panoramas/coarse/z1_Cx8T_cvi_5hZJCs1aPZo7g.jpg,/home/runner/work/sample_website/sample_website/.cache/gsv_estrella_fast/best_views/coarse/Cx8T_cvi_5hZJCs1aPZo7g.jpg,
2vsW3JCKnlAs3l7U_LZiCQ,19.47938249642438,-99.11720535901475,,,,False,245.60678725583213,35,19,0.5428571428571428,0.36665481328964233,45,-4,full,/home/runner/work/sample_website/sample_website/.cache/gsv_estrella_fast/panoramas/coarse/z1_2vsW3JCKnlAs3l7U_LZiCQ.jpg,/home/runner/work/sample_website/sample_website/.cache/gsv_estrella_fast/best_views/coarse/2vsW3JCKnlAs3l7U_LZiCQ.jpg,
xUDxDgQBck6HjwSAzPSQ4A,19.47926243624126,-99.1173978437885,,,,False,244.42022354783433,33,19,0.5757575757575758,0.3343609869480133,225,-4,left_houses,/home/runner/work/sample_website/sample_website/.cache/gsv_estrella_fast/panoramas/coarse/z1_xUDxDgQBck6HjwSAzPSQ4A.jpg,/home/runner/work/sample_website/sample_website/.cache/gsv_estrella_fast/best_views/coarse/xUDxDgQBck6HjwSAzPSQ4A.jpg,
MQ6V9Bp9DUMtGo5zbhVZag,19.47598740674756,-99.1232311123206,,,,False,241.44086872679847,35,19,0.5428571428571428,0.22779086232185364,225,-4,right_depth,/home/runner/work/sample_website/sample_website/.cache/gsv_estrella_fast/panoramas/coarse/z1_MQ6V9Bp9DUMtGo5zbhVZag.jpg,/home/runner/work/sample_website/sample_website/.cache/gsv_estrella_fast/best_views/coarse/MQ6V9Bp9DUMtGo5zbhVZag.jpg,
07m1IHCNM4LveZzgIWDigw,19.47047606434423,-99.12189046889415,,,,False,238.56579887024287,29,19,0.6551724137931034,0.15259559452533722,0,-4,left_houses,/home/runner/work/sample_website/sample_website/.cache/gsv_estrella_fast/panoramas/coarse/z1_07m1IHCNM4LveZzgIWDigw.jpg,/home/runner/work/sample_website/sample_website/.cache/gsv_estrella_fast/best_views/coarse/07m1IHCNM4LveZzgIWDigw.jpg,
DYKTkay3qfRlAdpkO-iBzg,19.47233629175934,-99.11596840214771,,,,False,237.76621621621624,37,18,0.4864864864864865,0.8760457038879395,315,-4,left_houses,/home/runner/work/sample_website/sample_website/.cache/gsv_estrella_fast/panoramas/coarse/z1_DYKTkay3qfRlAdpkO-iBzg.jpg,/home/runner/work/sample_website/sample_website/.cache/gsv_estrella_fast/best_views/coarse/DYKTkay3qfRlAdpkO-iBzg.jpg,
9zjAIA_WxQ84Ezjyq2mKgw,19.46984769656527,-99.11723423170123,,,,False,237.76621621621624,37,18,0.4864864864864865,0.6366955041885376,45,-4,left_houses,/home/runner/work/sample_website/sample_website/.cache/gsv_estrella_fast/panoramas/coarse/z1_9zjAIA_WxQ84Ezjyq2mKgw.jpg,/home/runner/work/sample_website/sample_website/.cache/gsv_estrella_fast/best_views/coarse/9zjAIA_WxQ84Ezjyq2mKgw.jpg,
vdVbri_S7e0Yqcpn7jruSA,19.47322913208496,-99.12133282391572,,,,False,237.53571428571428,35,18,0.5142857142857142,0.500857949256897,0,-4,street_depth,/home/runner/work/sample_website/sample_website/.cache/gsv_estrella_fast/panoramas/coarse/z1_vdVbri_S7e0Yqcpn7jruSA.jpg,/home/runner/work/sample_website/sample_website/.cache/gsv_estrella_fast/best_views/coarse/vdVbri_S7e0Yqcpn7jruSA.jpg,
0yNph-okRBrYk9Pelgn-1w,19.47370163347928,-99.12292058153679,,,,False,237.4235294117647,34,18,0.5294117647058824,0.8823379874229431,180,-4,left_houses,/home/runner/work/sample_website/sample_website/.cache/gsv_estrella_fast/panoramas/coarse/z1_0yNph-okRBrYk9Pelgn-1w.jpg,/home/runner/work/sample_website/sample_website/.cache/gsv_estrella_fast/best_views/coarse/0yNph-okRBrYk9Pelgn-1w.jpg,
BACsPPBK8h6kgr6jMtDp0w,19.47181539911859,-99.11728446344674,,,,False,237.31363636363636,33,18,0.5454545454545454,0.8565601110458374,135,-4,left_houses,/home/runner/work/sample_website/sample_website/.cache/gsv_estrella_fast/panoramas/coarse/z1_BACsPPBK8h6kgr6jMtDp0w.jpg,/home/runner/work/sample_website/sample_website/.cache/gsv_estrella_fast/best_views/coarse/BACsPPBK8h6kgr6jMtDp0w.jpg,
Oi3KFwNETQkAV93nwv7yRw,19.47264215412752,-99.12183702598946,,,,False,237.20625,32,18,0.5625,0.7846165895462036,90,-4,full,/home/runner/work/sample_website/sample_website/.cache/gsv_estrella_fast/panoramas/coarse/z1_Oi3KFwNETQkAV93nwv7yRw.jpg,/home/runner/work/sample_website/sample_website/.cache/gsv_estrella_fast/best_views/coarse/Oi3KFwNETQkAV93nwv7yRw.jpg,
TVV5xnWht3iQ5JXMZ8spdA,19.47280660542179,-99.11362733730024,,,,False,237.20625,32,18,0.5625,0.8119195699691772,90,-4,upper_full,/home/runner/work/sample_website/sample_website/.cache/gsv_estrella_fast/panoramas/coarse/z1_TVV5xnWht3iQ5JXMZ8spdA.jpg,/home/runner/work/sample_website/sample_website/.cache/gsv_estrella_fast/best_views/coarse/TVV5xnWht3iQ5JXMZ8spdA.jpg,
jjj1IDU5AB07LTz6Sc5Sjg,19.47707641171668,-99.12010905800813,,,,False,237.01658167157854,35,18,0.5142857142857142,0.4826955795288086,270,-4,street_depth,/home/runner/work/sample_website/sample_website/.cache/gsv_estrella_fast/panoramas/coarse/z1_jjj1IDU5AB07LTz6Sc5Sjg.jpg,/home/runner/work/sample_website/sample_website/.cache/gsv_estrella_fast/best_views/coarse/jjj1IDU5AB07LTz6Sc5Sjg.jpg,
buaH_1cRfNVsbIxc_hOL8A,19.47983351852902,-99.11921929614263,,,,False,237.0,30,18,0.6,0.5134435296058655,225,-4,full,/home/runner/work/sample_website/sample_website/.cache/gsv_estrella_fast/panoramas/coarse/z1_buaH_1cRfNVsbIxc_hOL8A.jpg,/home/runner/work/sample_website/sample_website/.cache/gsv_estrella_fast/best_views/coarse/buaH_1cRfNVsbIxc_hOL8A.jpg,
8h4h5gr-nBg-2Q2TqxPdrA,19.47956870111492,-99.11932727601318,,,,False,237.0,30,18,0.6,0.5334530472755432,90,-4,full,/home/runner/work/sample_website/sample_website/.cache/gsv_estrella_fast/panoramas/coarse/z1_8h4h5gr-nBg-2Q2TqxPdrA.jpg,/home/runner/work/sample_website/sample_website/.cache/gsv_estrella_fast/best_views/coarse/8h4h5gr-nBg-2Q2TqxPdrA.jpg,
Nx3nTHDUfW_Gxhy_Iuod-Q,19.47458507064306,-99.11744106850323,,,,False,236.90172413793104,29,18,0.6206896551724138,0.6096900105476379,270,-4,left_houses,/home/runner/work/sample_website/sample_website/.cache/gsv_estrella_fast/panoramas/coarse/z1_Nx3nTHDUfW_Gxhy_Iuod-Q.jpg,/home/runner/work/sample_website/sample_website/.cache/gsv_estrella_fast/best_views/coarse/Nx3nTHDUfW_Gxhy_Iuod-Q.jpg,
mPZfNumLcRkHv8LHOvCtLA,19.47594569303065,-99.11690928794629,,,,False,236.90172413793104,29,18,0.6206896551724138,0.6369529962539673,180,-4,left_houses,/home/runner/work/sample_website/sample_website/.cache/gsv_estrella_fast/panoramas/coarse/z1_mPZfNumLcRkHv8LHOvCtLA.jpg,/home/runner/work/sample_website/sample_website/.cache/gsv_estrella_fast/best_views/coarse/mPZfNumLcRkHv8LHOvCtLA.jpg,
udn1H44AGo6J9OIkhWeFUA,19.47134009137087,-99.12148479339523,,,,False,236.8028386116028,32,18,0.5625,0.4865529537200928,225,-4,left_houses,/home/runner/work/sample_website/sample_website/.cache/gsv_estrella_fast/panoramas/coarse/z1_udn1H44AGo6J9OIkhWeFUA.jpg,/home/runner/work/sample_website/sample_website/.cache/gsv_estrella_fast/best_views/coarse/udn1H44AGo6J9OIkhWeFUA.jpg,
u98flXpsDCgpA-Tnx6fI4Q,19.47345341122624,-99.12152016855444,,,,False,236.71666666666667,27,18,0.6666666666666666,0.5638338327407837,45,-4,full,/home/runner/work/sample_website/sample_website/.cache/gsv_estrella_fast/panoramas/coarse/z1_u98flXpsDCgpA-Tnx6fI4Q.jpg,/home/runner/work/sample_website/sample_website/.cache/gsv_estrella_fast/best_views/coarse/u98flXpsDCgpA-Tnx6fI4Q.jpg,
au1740_LYtAwRRpHG_IAQA,19.47147811942689,-99.11583889930884,,,,False,236.55,25,18,0.72,0.5421968102455139,225,-4,upper_full,/home/runner/work/sample_website/sample_website/.cache/gsv_estrella_fast/panoramas/coarse/z1_au1740_LYtAwRRpHG_IAQA.jpg,/home/runner/work/sample_website/sample_website/.cache/gsv_estrella_fast/best_views/coarse/au1740_LYtAwRRpHG_IAQA.jpg,
nt806Ctz0E_MviLmEBUxrQ,19.47744878596992,-99.11907256532506,,,,False,235.80214844942094,32,18,0.5625,0.45319661498069763,315,-4,full,/home/runner/work/sample_website/sample_website/.cache/gsv_estrella_fast/panoramas/coarse/z1_nt806Ctz0E_MviLmEBUxrQ.jpg,/home/runner/work/sample_website/sample_website/.cache/gsv_estrella_fast/best_views/coarse/nt806Ctz0E_MviLmEBUxrQ.jpg,
nInrIQUCEbnFI8B1bttWdg,19.47438633210097,-99.11852650617017,,,,False,234.86623632691123,44,18,0.4090909090909091,0.37478363513946533,180,-4,left_houses,/home/runner/work/sample_website/sample_website/.cache/gsv_estrella_fast/panoramas/coarse/z1_nInrIQUCEbnFI8B1bttWdg.jpg,/home/runner/work/sample_website/sample_website/.cache/gsv_estrella_fast/best_views/coarse/nInrIQUCEbnFI8B1bttWdg.jpg,
lRBme6Mge29Ts_rwyWqQyA,19.47479310435016,-99.12345214883415,,,,False,234.84854786396028,25,18,0.72,0.44328492879867554,225,-4,left_houses,/home/runner/work/sample_website/sample_website/.cache/gsv_estrella_fast/panoramas/coarse/z1_lRBme6Mge29Ts_rwyWqQyA.jpg,/home/runner/work/sample_website/sample_website/.cache/gsv_estrella_fast/best_views/coarse/lRBme6Mge29Ts_rwyWqQyA.jpg,
ZaaDVpedg74sXtUrGvChUg,19.47417701738964,-99.1129725842006,,,,False,232.84273847341538,36,18,0.5,0.3397579491138458,45,-4,left_houses,/home/runner/work/sample_website/sample_website/.cache/gsv_estrella_fast/panoramas/coarse/z1_ZaaDVpedg74sXtUrGvChUg.jpg,/home/runner/work/sample_website/sample_website/.cache/gsv_estrella_fast/best_views/coarse/ZaaDVpedg74sXtUrGvChUg.jpg,
E8y0TPYQTawt1KsHqIty1Q,19.47551004336927,-99.12354831426147,,,,False,232.48712376539524,26,18,0.6923076923076923,0.36187848448753357,135,-4,right_depth,/home/runner/work/sample_website/sample_website/.cache/gsv_estrella_fast/panoramas/coarse/z1_E8y0TPYQTawt1KsHqIty1Q.jpg,/home/runner/work/sample_website/sample_website/.cache/gsv_estrella_fast/best_views/coarse/E8y0TPYQTawt1KsHqIty1Q.jpg,
ZU6xb2sP2zlszf9gXcNg7Q,19.47591079576463,-99.12055989473284,,,,False,231.26455948536213,26,18,0.6923076923076923,0.3211263418197632,90,-4,left_houses,/home/runner/work/sample_website/sample_website/.cache/gsv_estrella_fast/panoramas/coarse/z1_ZU6xb2sP2zlszf9gXcNg7Q.jpg,/home/runner/work/sample_website/sample_website/.cache/gsv_estrella_fast/best_views/coarse/ZU6xb2sP2zlszf9gXcNg7Q.jpg,
6oWAgxyYu11slkJ7s1m6Kw,19.47590719518297,-99.11365865685207,,,,False,226.5046633138376,34,18,0.5294117647058824,0.13603779673576355,90,-4,left_houses,/home/runner/work/sample_website/sample_website/.cache/gsv_estrella_fast/panoramas/coarse/z1_6oWAgxyYu11slkJ7s1m6Kw.jpg,/home/runner/work/sample_website/sample_website/.cache/gsv_estrella_fast/best_views/coarse/6oWAgxyYu11slkJ7s1m6Kw.jpg,
DS6a_NYSxgOktkeXdpAVzA,19.47299435354,-99.11478912362026,,,,False,226.31190476190477,42,17,0.40476190476190477,0.8609579801559448,45,-4,left_houses,/home/runner/work/sample_website/sample_website/.cache/gsv_estrella_fast/panoramas/coarse/z1_DS6a_NYSxgOktkeXdpAVzA.jpg,/home/runner/work/sample_website/sample_website/.cache/gsv_estrella_fast/best_views/coarse/DS6a_NYSxgOktkeXdpAVzA.jpg,
lupy-hI6nqF2IfTe_Xa2UQ,19.4728376929825,-99.11331397362,,,,False,226.0625,40,17,0.425,0.618828535079956,135,-4,left_houses,/home/runner/work/sample_website/sample_website/.cache/gsv_estrella_fast/panoramas/coarse/z1_lupy-hI6nqF2IfTe_Xa2UQ.jpg,/home/runner/work/sample_website/sample_website/.cache/gsv_estrella_fast/best_views/coarse/lupy-hI6nqF2IfTe_Xa2UQ.jpg,
NWAi1Esw3NUPd_dr1X4B_A,19.47036040129133,-99.11533844963499,,,,False,225.93974358974359,39,17,0.4358974358974359,0.5988329648971558,225,-4,left_houses,/home/runner/work/sample_website/sample_website/.cache/gsv_estrella_fast/panoramas/coarse/z1_NWAi1Esw3NUPd_dr1X4B_A.jpg,/home/runner/work/sample_website/sample_website/.cache/gsv_estrella_fast/best_views/coarse/NWAi1Esw3NUPd_dr1X4B_A.jpg,
JkhRJtJ-t90P006471re7w,19.47443797811615,-99.12212087323228,,,,False,225.81842105263158,38,17,0.4473684210526316,0.6031346321105957,225,-4,left_houses,/home/runner/work/sample_website/sample_website/.cache/gsv_estrella_fast/panoramas/coarse/z1_JkhRJtJ-t90P006471re7w.jpg,/home/runner/work/sample_website/sample_website/.cache/gsv_estrella_fast/best_views/coarse/JkhRJtJ-t90P006471re7w.jpg,
ujLu7ClxZEuaPZiTDSunMg,19.47697838158432,-99.12136009397325,,,,False,225.69864864864866,37,17,0.4594594594594595,0.5735667943954468,315,-4,left_houses,/home/runner/work/sample_website/sample_website/.cache/gsv_estrella_fast/panoramas/coarse/z1_ujLu7ClxZEuaPZiTDSunMg.jpg,/home/runner/work/sample_website/sample_website/.cache/gsv_estrella_fast/best_views/coarse/ujLu7ClxZEuaPZiTDSunMg.jpg,
xKACccfW4mQqXp-Oa9HWTQ,19.47796334780049,-99.11494099622517,,,,False,225.69864864864866,37,17,0.4594594594594595,0.6949337720870972,180,-4,left_houses,/home/runner/work/sample_website/sample_website/.cache/gsv_estrella_fast/panoramas/coarse/z1_xKACccfW4mQqXp-Oa9HWTQ.jpg,/home/runner/work/sample_website/sample_website/.cache/gsv_estrella_fast/best_views/coarse/xKACccfW4mQqXp-Oa9HWTQ.jpg,
TPdn0OYZMrTNIh96Q4m9gA,19.47685381506771,-99.11584717262603,,,,False,225.58055555555555,36,17,0.4722222222222222,0.8517994284629822,0,-4,left_houses,/home/runner/work/sample_website/sample_website/.cache/gsv_estrella_fast/panoramas/coarse/z1_TPdn0OYZMrTNIh96Q4m9gA.jpg,/home/runner/work/sample_website/sample_website/.cache/gsv_estrella_fast/best_views/coarse/TPdn0OYZMrTNIh96Q4m9gA.jpg,
h_1XXVtpQhQyEnqHR6zFrg,19.47141844978156,-99.1143594244858,,,,False,225.58055555555555,36,17,0.4722222222222222,0.7154133915901184,315,-4,street_depth,/home/runner/work/sample_website/sample_website/.cache/gsv_estrella_fast/panoramas/coarse/z1_h_1XXVtpQhQyEnqHR6zFrg.jpg,/home/runner/work/sample_website/sample_website/.cache/gsv_estrella_fast/best_views/coarse/h_1XXVtpQhQyEnqHR6zFrg.jpg,
-1NpZOkK2KdEL5NSDSP8WA,19.47138699077848,-99.11459630745534,,,,False,225.35,34,17,0.5,0.7513420581817627,225,-4,upper_full,/home/runner/work/sample_website/sample_website/.cache/gsv_estrella_fast/panoramas/coarse/z1_-1NpZOkK2KdEL5NSDSP8WA.jpg,/home/runner/work/sample_website/sample_website/.cache/gsv_estrella_fast/best_views/coarse/-1NpZOkK2KdEL5NSDSP8WA.jpg,
DlmEsiNZyjhRoBNl4SbcgQ,19.47105553238038,-99.12265420821292,,,,False,225.23787878787877,33,17,0.5151515151515151,0.8446283936500549,135,-4,street_depth,/home/runner/work/sample_website/sample_website/.cache/gsv_estrella_fast/panoramas/coarse/z1_DlmEsiNZyjhRoBNl4SbcgQ.jpg,/home/runner/work/sample_website/sample_website/.cache/gsv_estrella_fast/best_views/coarse/DlmEsiNZyjhRoBNl4SbcgQ.jpg,
eXReEqCuAsyjEKRXm20bQg,19.47368873211105,-99.12273965020927,,,,False,225.128125,32,17,0.53125,0.8000924587249756,0,-4,street_depth,/home/runner/work/sample_website/sample_website/.cache/gsv_estrella_fast/panoramas/coarse/z1_eXReEqCuAsyjEKRXm20bQg.jpg,/home/runner/work/sample_website/sample_website/.cache/gsv_estrella_fast/best_views/coarse/eXReEqCuAsyjEKRXm20bQg.jpg,
hGsFjXGocIvhvsNjEnb2IQ,19.47403942170777,-99.11712422851011,,,,False,225.128125,32,17,0.53125,0.6336945295333862,135,-4,full,/home/runner/work/sample_website/sample_website/.cache/gsv_estrella_fast/panoramas/coarse/z1_hGsFjXGocIvhvsNjEnb2IQ.jpg,/home/runner/work/sample_website/sample_website/.cache/gsv_estrella_fast/best_views/coarse/hGsFjXGocIvhvsNjEnb2IQ.jpg,
RgUbrCfdJUh7Xe_upsc9zw,19.47311889819846,-99.12101157827321,,,,False,225.0209677419355,31,17,0.5483870967741935,0.6187267303466797,270,-4,left_houses,/home/runner/work/sample_website/sample_website/.cache/gsv_estrella_fast/panoramas/coarse/z1_RgUbrCfdJUh7Xe_upsc9zw.jpg,/home/runner/work/sample_website/sample_website/.cache/gsv_estrella_fast/best_views/coarse/RgUbrCfdJUh7Xe_upsc9zw.jpg,
ZYrPM7jfYDtQ93xghuiPyQ,19.47051730533218,-99.11523199473623,,,,False,225.0209677419355,31,17,0.5483870967741935,0.5630939602851868,90,-4,full,/home/runner/work/sample_website/sample_website/.cache/gsv_estrella_fast/panoramas/coarse/z1_ZYrPM7jfYDtQ93xghuiPyQ.jpg,/home/runner/work/sample_website/sample_website/.cache/gsv_estrella_fast/best_views/coarse/ZYrPM7jfYDtQ93xghuiPyQ.jpg,
vJnP0h6K4j07H4zcERWQUA,19.47924230803334,-99.11680747419697,,,,False,224.91666666666666,30,17,0.5666666666666667,0.5934352278709412,0,-4,left_houses,/home/runner/work/sample_website/sample_website/.cache/gsv_estrella_fast/panoramas/coarse/z1_vJnP0h6K4j07H4zcERWQUA.jpg,/home/runner/work/sample_website/sample_website/.cache/gsv_estrella_fast/best_views/coarse/vJnP0h6K4j07H4zcERWQUA.jpg,
0EQxroOYFOqxrUA_EuyVqA,19.47557016647599,-99.12069463968612,,,,False,224.8155172413793,29,17,0.5862068965517241,0.7655647993087769,270,-4,left_houses,/home/runner/work/sample_website/sample_website/.cache/gsv_estrella_fast/panoramas/coarse/z1_0EQxroOYFOqxrUA_EuyVqA.jpg,/home/runner/work/sample_website/sample_website/.cache/gsv_estrella_fast/best_views/coarse/0EQxroOYFOqxrUA_EuyVqA.jpg,
qp7txv_WAurZWffLM3PmPQ,19.47611251743076,-99.11875259514464,,,,False,224.8155172413793,29,17,0.5862068965517241,0.6732770800590515,180,-4,street_depth,/home/runner/work/sample_website/sample_website/.cache/gsv_estrella_fast/panoramas/coarse/z1_qp7txv_WAurZWffLM3PmPQ.jpg,/home/runner/work/sample_website/sample_website/.cache/gsv_estrella_fast/best_views/coarse/qp7txv_WAurZWffLM3PmPQ.jpg,
JgLtwFBI3cTqzw-74N_wJw,19.47663463122368,-99.11714364579299,,,,False,224.8155172413793,29,17,0.5862068965517241,0.7054868340492249,135,-4,left_houses,/home/runner/work/sample_website/sample_website/.cache/gsv_estrella_fast/panoramas/coarse/z1_JgLtwFBI3cTqzw-74N_wJw.jpg,/home/runner/work/sample_website/sample_website/.cache/gsv_estrella_fast/best_views/coarse/JgLtwFBI3cTqzw-74N_wJw.jpg,
n1sNll2vjqLs73wqyY-AzA,19.47859941427558,-99.12222075190415,,,,False,224.71785714285713,28,17,0.6071428571428571,0.6115534901618958,180,-4,upper_full,/home/runner/work/sample_website/sample_website/.cache/gsv_estrella_fast/panoramas/coarse/z1_n1sNll2vjqLs73wqyY-AzA.jpg,/home/runner/work/sample_website/sample_website/.cache/gsv_estrella_fast/best_views/coarse/n1sNll2vjqLs73wqyY-AzA.jpg,
-YkqMNU-rVgWjGcB4-GkNw,19.47234224167659,-99.12215582653181,,,,False,224.71785714285713,28,17,0.6071428571428571,0.5616989135742188,45,-4,full,/home/runner/work/sample_website/sample_website/.cache/gsv_estrella_fast/panoramas/coarse/z1_-YkqMNU-rVgWjGcB4-GkNw.jpg,/home/runner/work/sample_website/sample_website/.cache/gsv_estrella_fast/best_views/coarse/-YkqMNU-rVgWjGcB4-GkNw.jpg,
UbX8TrJxQZ-cnXqjQ-6wSw,19.47084578149428,-99.12253364397037,,,,False,224.71785714285713,28,17,0.6071428571428571,0.6109744906425476,270,-4,left_houses,/home/runner/work/sample_website/sample_website/.cache/gsv_estrella_fast/panoramas/coarse/z1_UbX8TrJxQZ-cnXqjQ-6wSw.jpg,/home/runner/work/sample_website/sample_website/.cache/gsv_estrella_fast/best_views/coarse/UbX8TrJxQZ-cnXqjQ-6wSw.jpg,
VEIeQRZoia3V0AlydxG1jg,19.47621428012235,-99.11410886621536,,,,False,224.71785714285713,28,17,0.6071428571428571,0.8259184956550598,270,-4,left_houses,/home/runner/work/sample_website/sample_website/.cache/gsv_estrella_fast/panoramas/coarse/z1_VEIeQRZoia3V0AlydxG1jg.jpg,/home/runner/work/sample_website/sample_website/.cache/gsv_estrella_fast/best_views/coarse/VEIeQRZoia3V0AlydxG1jg.jpg,
hcRQDvX6jU6Iay4I_aPKGA,19.47345381468488,-99.12203788031422,,,,False,224.6240740740741,27,17,0.6296296296296297,0.5827683210372925,225,-4,left_houses,/home/runner/work/sample_website/sample_website/.cache/gsv_estrella_fast/panoramas/coarse/z1_hcRQDvX6jU6Iay4I_aPKGA.jpg,/home/runner/work/sample_website/sample_website/.cache/gsv_estrella_fast/best_views/coarse/hcRQDvX6jU6Iay4I_aPKGA.jpg,
JYBtdHKbh9ckLU3wSmz-tQ,19.47679468403131,-99.12089253619504,,,,False,224.6240740740741,27,17,0.6296296296296297,0.6687628030776978,135,-4,full,/home/runner/work/sample_website/sample_website/.cache/gsv_estrella_fast/panoramas/coarse/z1_JYBtdHKbh9ckLU3wSmz-tQ.jpg,/home/runner/work/sample_website/sample_website/.cache/gsv_estrella_fast/best_views/coarse/JYBtdHKbh9ckLU3wSmz-tQ.jpg,
q8vhEFWpDxNrabE8exNZ8Q,19.472566156521,-99.11818661409198,,,,False,224.6240740740741,27,17,0.6296296296296297,0.6233896613121033,135,-4,full,/home/runner/work/sample_website/sample_website/.cache/gsv_estrella_fast/panoramas/coarse/z1_q8vhEFWpDxNrabE8exNZ8Q.jpg,/home/runner/work/sample_website/sample_website/.cache/gsv_estrella_fast/best_views/coarse/q8vhEFWpDxNrabE8exNZ8Q.jpg,
F2JevFr1K8BQt4YVO0wAXQ,19.47108336801937,-99.12217389418541,,,,False,224.5346153846154,26,17,0.6538461538461539,0.891761302947998,0,-4,left_houses,/home/runner/work/sample_website/sample_website/.cache/gsv_estrella_fast/panoramas/coarse/z1_F2JevFr1K8BQt4YVO0wAXQ.jpg,/home/runner/work/sample_website/sample_website/.cache/gsv_estrella_fast/best_views/coarse/F2JevFr1K8BQt4YVO0wAXQ.jpg,
_FOLBGf2wnQdJG-XHmyfxQ,19.47704666012416,-99.12157352681946,,,,False,224.37083333333334,24,17,0.7083333333333334,0.8175775408744812,45,-4,upper_full,/home/runner/work/sample_website/sample_website/.cache/gsv_estrella_fast/panoramas/coarse/z1__FOLBGf2wnQdJG-XHmyfxQ.jpg,/home/runner/work/sample_website/sample_website/.cache/gsv_estrella_fast/best_views/coarse/_FOLBGf2wnQdJG-XHmyfxQ.jpg,
6YXP0CX_TYSOTy8JXnkx-Q,19.47829604734602,-99.11673571499892,,,,False,224.37083333333334,24,17,0.7083333333333334,0.6093323826789856,225,-4,upper_full,/home/runner/work/sample_website/sample_website/.cache/gsv_estrella_fast/panoramas/coarse/z1_6YXP0CX_TYSOTy8JXnkx-Q.jpg,/home/runner/work/sample_website/sample_website/.cache/gsv_estrella_fast/best_views/coarse/6YXP0CX_TYSOTy8JXnkx-Q.jpg,
YUnCGfvcfJoE-4Anh2F2UA,19.4768749484382,-99.12018774318572,,,,False,224.29782608695652,23,17,0.7391304347826086,0.7299368381500244,315,-4,left_houses,/home/runner/work/sample_website/sample_website/.cache/gsv_estrella_fast/panoramas/coarse/z1_YUnCGfvcfJoE-4Anh2F2UA.jpg,/home/runner/work/sample_website/sample_website/.cache/gsv_estrella_fast/best_views/coarse/YUnCGfvcfJoE-4Anh2F2UA.jpg,
50ISJDAH4U7y06lHOnyLdQ,19.47482698416229,-99.11835216988872,,,,False,224.04467128551366,33,17,0.5151515151515151,0.4602264165878296,180,-4,street_depth,/home/runner/work/sample_website/sample_website/.cache/gsv_estrella_fast/panoramas/coarse/z1_50ISJDAH4U7y06lHOnyLdQ.jpg,/home/runner/work/sample_website/sample_website/.cache/gsv_estrella_fast/best_views/coarse/50ISJDAH4U7y06lHOnyLdQ.jpg,
HbbXrP_EIRH8XLeyh5kvSA,19.4703136631946,-99.1215907500645,,,,False,223.64854786396026,34,17,0.5,0.44328492879867554,270,-4,left_houses,/home/runner/work/sample_website/sample_website/.cache/gsv_estrella_fast/panoramas/coarse/z1_HbbXrP_EIRH8XLeyh5kvSA.jpg,/home/runner/work/sample_website/sample_website/.cache/gsv_estrella_fast/best_views/coarse/HbbXrP_EIRH8XLeyh5kvSA.jpg,
75Zt-anRp42kJ1uGmn77GA,19.47819259474644,-99.11878796909363,,,,False,223.41835637944084,28,17,0.6071428571428571,0.45668330788612366,180,-4,left_houses,/home/runner/work/sample_website/sample_website/.cache/gsv_estrella_fast/panoramas/coarse/z1_75Zt-anRp42kJ1uGmn77GA.jpg,/home/runner/work/sample_website/sample_website/.cache/gsv_estrella_fast/best_views/coarse/75Zt-anRp42kJ1uGmn77GA.jpg,
rKYPNJvKbZu8z9nnG8Y6Yw,19.47733611161935,-99.12323128117943,,,,False,220.83201195517103,37,17,0.4594594594594595,0.337778776884079,135,-4,left_houses,/home/runner/work/sample_website/sample_website/.cache/gsv_estrella_fast/panoramas/coarse/z1_rKYPNJvKbZu8z9nnG8Y6Yw.jpg,/home/runner/work/sample_website/sample_website/.cache/gsv_estrella_fast/best_views/coarse/rKYPNJvKbZu8z9nnG8Y6Yw.jpg,
0H8xAUUfEymbGpi-Hb6XCQ,19.47461770253296,-99.11555845124754,,,,False,220.75084753036498,25,17,0.68,0.376694917678833,270,-4,left_houses,/home/runner/work/sample_website/sample_website/.cache/gsv_estrella_fast/panoramas/coarse/z1_0H8xAUUfEymbGpi-Hb6XCQ.jpg,/home/runner/work/sample_website/sample_website/.cache/gsv_estrella_fast/best_views/coarse/0H8xAUUfEymbGpi-Hb6XCQ.jpg,
3WCQj6O15BgBFTQWCYfi6Q,19.47122633817981,-99.11562607273991,,,,False,220.4921318122319,35,17,0.4857142857142857,0.33426153659820557,135,-4,left_houses,/home/runner/work/sample_website/sample_website/.cache/gsv_estrella_fast/panoramas/coarse/z1_3WCQj6O15BgBFTQWCYfi6Q.jpg,/home/runner/work/sample_website/sample_website/.cache/gsv_estrella_fast/best_views/coarse/3WCQj6O15BgBFTQWCYfi6Q.jpg,
QG_NmC3iDqewbFHnXU_v_w,19.4755000180484,-99.12224675583921,,,,False,220.1625478744507,32,17,0.53125,0.33448076248168945,0,-4,left_houses,/home/runner/work/sample_website/sample_website/.cache/gsv_estrella_fast/panoramas/coarse/z1_QG_NmC3iDqewbFHnXU_v_w.jpg,/home/runner/work/sample_website/sample_website/.cache/gsv_estrella_fast/best_views/coarse/QG_NmC3iDqewbFHnXU_v_w.jpg,
YbIF9XqbgSCTyKUsRl64lw,19.47213564103421,-99.11819927770532,,,,False,219.8208654990563,26,17,0.6538461538461539,0.34287500381469727,135,-4,full,/home/runner/work/sample_website/sample_website/.cache/gsv_estrella_fast/panoramas/coarse/z1_YbIF9XqbgSCTyKUsRl64lw.jpg,/home/runner/work/sample_website/sample_website/.cache/gsv_estrella_fast/best_views/coarse/YbIF9XqbgSCTyKUsRl64lw.jpg,
JPbD1MdEGhDgm8wCp1Hq3A,19.47532080442334,-99.11580268245082,,,,False,219.4641543149948,25,17,0.68,0.3338051438331604,225,-4,left_houses,/home/runner/work/sample_website/sample_website/.cache/gsv_estrella_fast/panoramas/coarse/z1_JPbD1MdEGhDgm8wCp1Hq3A.jpg,/home/runner/work/sample_website/sample_website/.cache/gsv_estrella_fast/best_views/coarse/JPbD1MdEGhDgm8wCp1Hq3A.jpg,
u-vI3Gs86qK9rsw5lxFaEg,19.47778133667786,-99.11983222525802,,,,False,215.7691235128677,33,17,0.5151515151515151,0.1843748241662979,315,-4,left_houses,/home/runner/work/sample_website/sample_website/.cache/gsv_estrella_fast/panoramas/coarse/z1_u-vI3Gs86qK9rsw5lxFaEg.jpg,/home/runner/work/sample_website/sample_website/.cache/gsv_estrella_fast/best_views/coarse/u-vI3Gs86qK9rsw5lxFaEg.jpg,
oAgIHgUl7RMh7OM9Ohdz0w,19.47481055820938,-99.11611402977611,,,,False,214.12560975609756,41,16,0.3902439024390244,0.6426872611045837,270,-4,left_houses,/home/runner/work/sample_website/sample_website/.cache/gsv_estrella_fast/panoramas/coarse/z1_oAgIHgUl7RMh7OM9Ohdz0w.jpg,/home/runner/work/sample_website/sample_website/.cache/gsv_estrella_fast/best_views/coarse/oAgIHgUl7RMh7OM9Ohdz0w.jpg,
Oql_J0fmgiecIiijUmj22g,19.47443808060365,-99.12113695256866,,,,False,214.0,40,16,0.4,0.7275022268295288,270,-4,left_houses,/home/runner/work/sample_website/sample_website/.cache/gsv_estrella_fast/panoramas/coarse/z1_Oql_J0fmgiecIiijUmj22g.jpg,/home/runner/work/sample_website/sample_website/.cache/gsv_estrella_fast/best_views/coarse/Oql_J0fmgiecIiijUmj22g.jpg,
v-dnDxWbGhjH6ZYysIYzdg,19.47286959581069,-99.118075934197,,,,False,214.0,40,16,0.4,0.5185599327087402,45,-4,street_depth,/home/runner/work/sample_website/sample_website/.cache/gsv_estrella_fast/panoramas/coarse/z1_v-dnDxWbGhjH6ZYysIYzdg.jpg,/home/runner/work/sample_website/sample_website/.cache/gsv_estrella_fast/best_views/coarse/v-dnDxWbGhjH6ZYysIYzdg.jpg,
HKW3Dre1X8ewGNURUaMuhQ,19.47240874920966,-99.1139161361133,,,,False,213.75263157894736,38,16,0.42105263157894735,0.5232841968536377,135,-4,left_houses,/home/runner/work/sample_website/sample_website/.cache/gsv_estrella_fast/panoramas/coarse/z1_HKW3Dre1X8ewGNURUaMuhQ.jpg,/home/runner/work/sample_website/sample_website/.cache/gsv_estrella_fast/best_views/coarse/HKW3Dre1X8ewGNURUaMuhQ.jpg,
hCeW706SqGF_w_ww21vhtA,19.47234305013526,-99.11367984609761,,,,False,213.51111111111112,36,16,0.4444444444444444,0.5062530636787415,225,-4,left_houses,/home/runner/work/sample_website/sample_website/.cache/gsv_estrella_fast/panoramas/coarse/z1_hCeW706SqGF_w_ww21vhtA.jpg,/home/runner/work/sample_website/sample_website/.cache/gsv_estrella_fast/best_views/coarse/hCeW706SqGF_w_ww21vhtA.jpg,
_oRT2Pc6XNfcyFPfcXCp1w,19.47368371330412,-99.11296937629508,,,,False,213.51111111111112,36,16,0.4444444444444444,0.6393330693244934,0,-4,left_houses,/home/runner/work/sample_website/sample_website/.cache/gsv_estrella_fast/panoramas/coarse/z1__oRT2Pc6XNfcyFPfcXCp1w.jpg,/home/runner/work/sample_website/sample_website/.cache/gsv_estrella_fast/best_views/coarse/_oRT2Pc6XNfcyFPfcXCp1w.jpg,
wSykEG3EBzRCUU6UZV4-hA,19.47777098985287,-99.12203475647262,,,,False,213.2764705882353,34,16,0.47058823529411764,0.7270978689193726,135,-4,left_houses,/home/runner/work/sample_website/sample_website/.cache/gsv_estrella_fast/panoramas/coarse/z1_wSykEG3EBzRCUU6UZV4-hA.jpg,/home/runner/work/sample_website/sample_website/.cache/gsv_estrella_fast/best_views/coarse/wSykEG3EBzRCUU6UZV4-hA.jpg,
F4Qpie3kSoyOe3nTh1bbBw,19.47624509885681,-99.11912828585693,,,,False,213.1621212121212,33,16,0.48484848484848486,0.6528027653694153,225,-4,left_houses,/home/runner/work/sample_website/sample_website/.cache/gsv_estrella_fast/panoramas/coarse/z1_F4Qpie3kSoyOe3nTh1bbBw.jpg,/home/runner/work/sample_website/sample_website/.cache/gsv_estrella_fast/best_views/coarse/F4Qpie3kSoyOe3nTh1bbBw.jpg,
jrka1GZogoUcp54mrcR5fQ,19.47676730314771,-99.11809518286337,,,,False,213.05,32,16,0.5,0.6366242170333862,0,-4,left_houses,/home/runner/work/sample_website/sample_website/.cache/gsv_estrella_fast/panoramas/coarse/z1_jrka1GZogoUcp54mrcR5fQ.jpg,/home/runner/work/sample_website/sample_website/.cache/gsv_estrella_fast/best_views/coarse/jrka1GZogoUcp54mrcR5fQ.jpg,
_s6D4MtV-t2_Qaj6dBMGkA,19.478492988219,-99.11586777150114,,,,False,212.94032258064516,31,16,0.5161290322580645,0.6383354067802429,90,-4,full,/home/runner/work/sample_website/sample_website/.cache/gsv_estrella_fast/panoramas/coarse/z1__s6D4MtV-t2_Qaj6dBMGkA.jpg,/home/runner/work/sample_website/sample_website/.cache/gsv_estrella_fast/best_views/coarse/_s6D4MtV-t2_Qaj6dBMGkA.jpg,
QEXZHa9Fi7h2pMWZL3dGGg,19.47549831894928,-99.123942686597,,,,False,212.90361307859422,32,16,0.5,0.49512043595314026,90,-4,left_houses,/home/runner/work/sample_website/sample_website/.cache/gsv_estrella_fast/panoramas/coarse/z1_QEXZHa9Fi7h2pMWZL3dGGg.jpg,/home/runner/work/sample_website/sample_website/.cache/gsv_estrella_fast/best_views/coarse/QEXZHa9Fi7h2pMWZL3dGGg.jpg,
OBHesHbgt5NBEmEZa0nnxg,19.47596416389941,-99.12273483776238,,,,False,212.83333333333334,30,16,0.5333333333333333,0.5824645161628723,135,-4,full,/home/runner/work/sample_website/sample_website/.cache/gsv_estrella_fast/panoramas/coarse/z1_OBHesHbgt5NBEmEZa0nnxg.jpg,/home/runner/work/sample_website/sample_website/.cache/gsv_estrella_fast/best_views/coarse/OBHesHbgt5NBEmEZa0nnxg.jpg,
PJ_IQs-kuyI872wWERTBBQ,19.47394659895116,-99.12345527273119,,,,False,212.83333333333334,30,16,0.5333333333333333,0.6242668032646179,225,-4,left_houses,/home/runner/work/sample_website/sample_website/.cache/gsv_estrella_fast/panoramas/coarse/z1_PJ_IQs-kuyI872wWERTBBQ.jpg,/home/runner/work/sample_website/sample_website/.cache/gsv_estrella_fast/best_views/coarse/PJ_IQs-kuyI872wWERTBBQ.jpg,
bWtNSzGa_6XK0F1xuAmaDQ,19.46962662682118,-99.11727914478983,,,,False,212.72931034482758,29,16,0.5517241379310345,0.665249764919281,270,-4,street_depth,/home/runner/work/sample_website/sample_website/.cache/gsv_estrella_fast/panoramas/coarse/z1_bWtNSzGa_6XK0F1xuAmaDQ.jpg,/home/runner/work/sample_website/sample_website/.cache/gsv_estrella_fast/best_views/coarse/bWtNSzGa_6XK0F1xuAmaDQ.jpg,
n-mAzSgdxcwqJvHGuI9DPQ,19.47821606119374,-99.12289001821331,,,,False,212.6285714285714,28,16,0.5714285714285714,0.8236601948738098,225,-4,left_houses,/home/runner/work/sample_website/sample_website/.cache/gsv_estrella_fast/panoramas/coarse/z1_n-mAzSgdxcwqJvHGuI9DPQ.jpg,/home/runner/work/sample_website/sample_website/.cache/gsv_estrella_fast/best_views/coarse/n-mAzSgdxcwqJvHGuI9DPQ.jpg,
l1LV0D79EZsCVRvtDb7_ew,19.47597121042111,-99.12207139829822,,,,False,212.6285714285714,28,16,0.5714285714285714,0.5113669633865356,225,-4,upper_full,/home/runner/work/sample_website/sample_website/.cache/gsv_estrella_fast/panoramas/coarse/z1_l1LV0D79EZsCVRvtDb7_ew.jpg,/home/runner/work/sample_website/sample_website/.cache/gsv_estrella_fast/best_views/coarse/l1LV0D79EZsCVRvtDb7_ew.jpg,
eLNIoxpglbkLSfzCsg0f5A,19.471701333041,-99.12248484420967,,,,False,212.6285714285714,28,16,0.5714285714285714,0.5537479519844055,45,-4,upper_full,/home/runner/work/sample_website/sample_website/.cache/gsv_estrella_fast/panoramas/coarse/z1_eLNIoxpglbkLSfzCsg0f5A.jpg,/home/runner/work/sample_website/sample_website/.cache/gsv_estrella_fast/best_views/coarse/eLNIoxpglbkLSfzCsg0f5A.jpg,
inYHUKYZ7oiM9ewO4Ya7XQ,19.47824179308719,-99.11919244894182,,,,False,212.6285714285714,28,16,0.5714285714285714,0.6144065260887146,315,-4,full,/home/runner/work/sample_website/sample_website/.cache/gsv_estrella_fast/panoramas/coarse/z1_inYHUKYZ7oiM9ewO4Ya7XQ.jpg,/home/runner/work/sample_website/sample_website/.cache/gsv_estrella_fast/best_views/coarse/inYHUKYZ7oiM9ewO4Ya7XQ.jpg,
Qk57aDQPAToHvnH9VQueyg,19.4793035482457,-99.11699117803788,,,,False,212.6285714285714,28,16,0.5714285714285714,0.7960404753684998,180,-4,left_houses,/home/runner/work/sample_website/sample_website/.cache/gsv_estrella_fast/panoramas/coarse/z1_Qk57aDQPAToHvnH9VQueyg.jpg,/home/runner/work/sample_website/sample_website/.cache/gsv_estrella_fast/best_views/coarse/Qk57aDQPAToHvnH9VQueyg.jpg,
86IQbtPHWdnUClghGTI2ag,19.47729470816716,-99.11388135525966,,,,False,212.6285714285714,28,16,0.5714285714285714,0.6475616097450256,135,-4,upper_full,/home/runner/work/sample_website/sample_website/.cache/gsv_estrella_fast/panoramas/coarse/z1_86IQbtPHWdnUClghGTI2ag.jpg,/home/runner/work/sample_website/sample_website/.cache/gsv_estrella_fast/best_views/coarse/86IQbtPHWdnUClghGTI2ag.jpg,
6xH6KRq-x5-ojjcKE2n7Ig,19.47419546887707,-99.11342000386544,,,,False,212.6285714285714,28,16,0.5714285714285714,0.5176063776016235,225,-4,left_houses,/home/runner/work/sample_website/sample_website/.cache/gsv_estrella_fast/panoramas/coarse/z1_6xH6KRq-x5-ojjcKE2n7Ig.jpg,/home/runner/work/sample_website/sample_website/.cache/gsv_estrella_fast/best_views/coarse/6xH6KRq-x5-ojjcKE2n7Ig.jpg,
5KEOxx2O4V9xFz7t_mwY2g,19.47779538469966,-99.12086543515098,,,,False,212.5314814814815,27,16,0.5925925925925926,0.6249775290489197,45,-4,left_houses,/home/runner/work/sample_website/sample_website/.cache/gsv_estrella_fast/panoramas/coarse/z1_5KEOxx2O4V9xFz7t_mwY2g.jpg,/home/runner/work/sample_website/sample_website/.cache/gsv_estrella_fast/best_views/coarse/5KEOxx2O4V9xFz7t_mwY2g.jpg,
bUPEFy7Sf9vequu-ipp7Jg,19.46986125213371,-99.11794262886734,,,,False,212.35,25,16,0.64,0.5445333123207092,315,-4,full,/home/runner/work/sample_website/sample_website/.cache/gsv_estrella_fast/panoramas/coarse/z1_bUPEFy7Sf9vequu-ipp7Jg.jpg,/home/runner/work/sample_website/sample_website/.cache/gsv_estrella_fast/best_views/coarse/bUPEFy7Sf9vequu-ipp7Jg.jpg,
RZuEtqW7rigx_xF74Q0gxQ,19.4753055301069,-99.11710042123927,,,,False,212.26666666666665,24,16,0.6666666666666666,0.5576765537261963,90,-4,upper_full,/home/runner/work/sample_website/sample_website/.cache/gsv_estrella_fast/panoramas/coarse/z1_RZuEtqW7rigx_xF74Q0gxQ.jpg,/home/runner/work/sample_website/sample_website/.cache/gsv_estrella_fast/best_views/coarse/RZuEtqW7rigx_xF74Q0gxQ.jpg,
1D6fIhV8Znml2JlLlZI7yQ,19.47435401512872,-99.11412287989842,,,,False,212.26666666666665,24,16,0.6666666666666666,0.7677974104881287,315,-4,street_depth,/home/runner/work/sample_website/sample_website/.cache/gsv_estrella_fast/panoramas/coarse/z1_1D6fIhV8Znml2JlLlZI7yQ.jpg,/home/runner/work/sample_website/sample_website/.cache/gsv_estrella_fast/best_views/coarse/1D6fIhV8Znml2JlLlZI7yQ.jpg,
QzK80mR1dN0H9Z1e4biPIw,19.47510139243288,-99.11488916196289,,,,False,212.26666666666665,24,16,0.6666666666666666,0.6285790801048279,225,-4,left_houses,/home/runner/work/sample_website/sample_website/.cache/gsv_estrella_fast/panoramas/coarse/z1_QzK80mR1dN0H9Z1e4biPIw.jpg,/home/runner/work/sample_website/sample_website/.cache/gsv_estrella_fast/best_views/coarse/QzK80mR1dN0H9Z1e4biPIw.jpg,
QAEroEDxhQIFIcl49UqIog,19.47154636645796,-99.11654711524949,,,,False,212.12802524307497,23,16,0.6956521739130435,0.49796316027641296,270,-4,upper_full,/home/runner/work/sample_website/sample_website/.cache/gsv_estrella_fast/panoramas/coarse/z1_QAEroEDxhQIFIcl49UqIog.jpg,/home/runner/work/sample_website/sample_website/.cache/gsv_estrella_fast/best_views/coarse/QAEroEDxhQIFIcl49UqIog.jpg,
bxtuTF_RmEsuCwOQ3KeYtQ,19.4766631574498,-99.12246323048433,,,,False,212.11818181818182,22,16,0.7272727272727273,0.568647027015686,0,-4,left_houses,/home/runner/work/sample_website/sample_website/.cache/gsv_estrella_fast/panoramas/coarse/z1_bxtuTF_RmEsuCwOQ3KeYtQ.jpg,/home/runner/work/sample_website/sample_website/.cache/gsv_estrella_fast/best_views/coarse/bxtuTF_RmEsuCwOQ3KeYtQ.jpg,
QJk7qevP1qVWPRJNg25Vug,19.47524481856253,-99.12201812412873,,,,False,212.0547619047619,21,16,0.7619047619047619,0.7823511362075806,225,-4,street_depth,/home/runner/work/sample_website/sample_website/.cache/gsv_estrella_fast/panoramas/coarse/z1_QJk7qevP1qVWPRJNg25Vug.jpg,/home/runner/work/sample_website/sample_website/.cache/gsv_estrella_fast/best_views/coarse/QJk7qevP1qVWPRJNg25Vug.jpg,
A1NWuMTLG7vw6Qh9eZjMfg,19.47694075310827,-99.12126637957303,,,,False,212.0547619047619,21,16,0.7619047619047619,0.685747504234314,180,-4,left_houses,/home/runner/work/sample_website/sample_website/.cache/gsv_estrella_fast/panoramas/coarse/z1_A1NWuMTLG7vw6Qh9eZjMfg.jpg,/home/runner/work/sample_website/sample_website/.cache/gsv_estrella_fast/best_views/coarse/A1NWuMTLG7vw6Qh9eZjMfg.jpg,
sj8hnyAoUoKI1Neu1AD2PA,19.47590566844081,-99.12009833589228,,,,False,212.0547619047619,21,16,0.7619047619047619,0.7379146218299866,90,-4,left_houses,/home/runner/work/sample_website/sample_website/.cache/gsv_estrella_fast/panoramas/coarse/z1_sj8hnyAoUoKI1Neu1AD2PA.jpg,/home/runner/work/sample_website/sample_website/.cache/gsv_estrella_fast/best_views/coarse/sj8hnyAoUoKI1Neu1AD2PA.jpg,
tVhT2xPLlIMzNqcRoJTs2w,19.47047989466128,-99.11971301608635,,,,False,211.6165885683262,33,16,0.48484848484848486,0.4484822452068329,315,-4,street_depth,/home/runner/work/sample_website/sample_website/.cache/gsv_estrella_fast/panoramas/coarse/z1_tVhT2xPLlIMzNqcRoJTs2w.jpg,/home/runner/work/sample_website/sample_website/.cache/gsv_estrella_fast/best_views/coarse/tVhT2xPLlIMzNqcRoJTs2w.jpg,
7LYVBlmdNyTUddtljg0oFQ,19.47392762469586,-99.1129102833217,,,,False,210.4481378952662,24,16,0.6666666666666666,0.4393823742866516,0,-4,street_depth,/home/runner/work/sample_website/sample_website/.cache/gsv_estrella_fast/panoramas/coarse/z1_7LYVBlmdNyTUddtljg0oFQ.jpg,/home/runner/work/sample_website/sample_website/.cache/gsv_estrella_fast/best_views/coarse/7LYVBlmdNyTUddtljg0oFQ.jpg,
VlgnPc6kf8RWKeR9sovtVQ,19.47593536287912,-99.11742249538075,,,,False,208.94688277104322,34,16,0.47058823529411764,0.3556804060935974,45,-4,left_houses,/home/runner/work/sample_website/sample_website/.cache/gsv_estrella_fast/panoramas/coarse/z1_VlgnPc6kf8RWKeR9sovtVQ.jpg,/home/runner/work/sample_website/sample_website/.cache/gsv_estrella_fast/best_views/coarse/VlgnPc6kf8RWKeR9sovtVQ.jpg,
nTLp411x4HtS7_NEM4ipRg,19.4766569803541,-99.11537584817793,,,,False,207.10655037334985,28,16,0.5714285714285714,0.31593263149261475,225,-4,left_houses,/home/runner/work/sample_website/sample_website/.cache/gsv_estrella_fast/panoramas/coarse/z1_nTLp411x4HtS7_NEM4ipRg.jpg,/home/runner/work/sample_website/sample_website/.cache/gsv_estrella_fast/best_views/coarse/nTLp411x4HtS7_NEM4ipRg.jpg,
0vSYps0fnZEQtgYEinsvHw,19.47582999370921,-99.12361121444998,,,,False,205.9847214288003,37,16,0.43243243243243246,0.24512134492397308,270,-4,left_houses,/home/runner/work/sample_website/sample_website/.cache/gsv_estrella_fast/panoramas/coarse/z1_0vSYps0fnZEQtgYEinsvHw.jpg,/home/runner/work/sample_website/sample_website/.cache/gsv_estrella_fast/best_views/coarse/0vSYps0fnZEQtgYEinsvHw.jpg,
AbvNbh_79Ellt3hRmOu6mw,19.47482911559945,-99.11681414358453,,,,False,205.62621290424593,23,16,0.6956521739130435,0.28123608231544495,90,-4,street_depth,/home/runner/work/sample_website/sample_website/.cache/gsv_estrella_fast/panoramas/coarse/z1_AbvNbh_79Ellt3hRmOu6mw.jpg,/home/runner/work/sample_website/sample_website/.cache/gsv_estrella_fast/best_views/coarse/AbvNbh_79Ellt3hRmOu6mw.jpg,
zOWsQ6chtRH_qd0FjkPkHA,19.47733557392957,-99.11448875608411,,,,False,204.8659067843271,23,16,0.6956521739130435,0.2558925449848175,45,-4,full,/home/runner/work/sample_website/sample_website/.cache/gsv_estrella_fast/panoramas/coarse/z1_zOWsQ6chtRH_qd0FjkPkHA.jpg,/home/runner/work/sample_website/sample_website/.cache/gsv_estrella_fast/best_views/coarse/zOWsQ6chtRH_qd0FjkPkHA.jpg,
dDsnvuj6W8DTzCtYdhli3Q,19.4727950405273,-99.11415994019252,,,,False,203.13731128661723,27,16,0.5925925925925926,0.18686099350452423,135,-4,left_houses,/home/runner/work/sample_website/sample_website/.cache/gsv_estrella_fast/panoramas/coarse/z1_dDsnvuj6W8DTzCtYdhli3Q.jpg,/home/runner/work/sample_website/sample_website/.cache/gsv_estrella_fast/best_views/coarse/dDsnvuj6W8DTzCtYdhli3Q.jpg,
CyB2GNf6XeqpmyvSJs1OZg,19.47777025579251,-99.1182035833343,,,,False,202.58333333333334,45,15,0.3333333333333333,0.8190301656723022,315,-4,street_depth,/home/runner/work/sample_website/sample_website/.cache/gsv_estrella_fast/panoramas/coarse/z1_CyB2GNf6XeqpmyvSJs1OZg.jpg,/home/runner/work/sample_website/sample_website/.cache/gsv_estrella_fast/best_views/coarse/CyB2GNf6XeqpmyvSJs1OZg.jpg,
Z0AQCSk19smY7LNy0ywq9Q,19.47982613181921,-99.11845854452366,,,,False,202.57836443454988,31,16,0.5161290322580645,0.15460139513015747,270,-4,left_houses,/home/runner/work/sample_website/sample_website/.cache/gsv_estrella_fast/panoramas/coarse/z1_Z0AQCSk19smY7LNy0ywq9Q.jpg,/home/runner/work/sample_website/sample_website/.cache/gsv_estrella_fast/best_views/coarse/Z0AQCSk19smY7LNy0ywq9Q.jpg,
JSsI7vEjzDFv1FFX2WVFwA,19.47685068128146,-99.11513009870524,,,,False,202.06463414634146,41,15,0.36585365853658536,0.747422993183136,225,-4,left_houses,/home/runner/work/sample_website/sample_website/.cache/gsv_estrella_fast/panoramas/coarse/z1_JSsI7vEjzDFv1FFX2WVFwA.jpg,/home/runner/work/sample_website/sample_website/.cache/gsv_estrella_fast/best_views/coarse/JSsI7vEjzDFv1FFX2WVFwA.jpg,
aLU-55-S0X045Boxivzcjg,19.47729008819057,-99.1215810408818,,,,False,201.9375,40,15,0.375,0.725916862487793,270,-4,street_depth,/home/runner/work/sample_website/sample_website/.cache/gsv_estrella_fast/panoramas/coarse/z1_aLU-55-S0X045Boxivzcjg.jpg,/home/runner/work/sample_website/sample_website/.cache/gsv_estrella_fast/best_views/coarse/aLU-55-S0X045Boxivzcjg.jpg,
ageS2ETay35oXv349FnjjQ,19.47274331531387,-99.11470242382472,,,,False,201.81153846153845,39,15,0.38461538461538464,0.5820808410644531,270,-4,left_houses,/home/runner/work/sample_website/sample_website/.cache/gsv_estrella_fast/panoramas/coarse/z1_ageS2ETay35oXv349FnjjQ.jpg,/home/runner/work/sample_website/sample_website/.cache/gsv_estrella_fast/best_views/coarse/ageS2ETay35oXv349FnjjQ.jpg,
hFzOykLbbuRRXnlVNBP7pQ,19.47055123480077,-99.11865533797186,,,,False,201.44166666666666,36,15,0.4166666666666667,0.5066106915473938,225,-4,street_depth,/home/runner/work/sample_website/sample_website/.cache/gsv_estrella_fast/panoramas/coarse/z1_hFzOykLbbuRRXnlVNBP7pQ.jpg,/home/runner/work/sample_website/sample_website/.cache/gsv_estrella_fast/best_views/coarse/hFzOykLbbuRRXnlVNBP7pQ.jpg,
fAmNgZ0ZlqjeBcHoWGaSPA,19.47908325946997,-99.11635378830537,,,,False,201.44166666666666,36,15,0.4166666666666667,0.6536664366722107,225,-4,full,/home/runner/work/sample_website/sample_website/.cache/gsv_estrella_fast/panoramas/coarse/z1_fAmNgZ0ZlqjeBcHoWGaSPA.jpg,/home/runner/work/sample_website/sample_website/.cache/gsv_estrella_fast/best_views/coarse/fAmNgZ0ZlqjeBcHoWGaSPA.jpg,
n1fJT1t6NZ2J2aAmEc2Zpg,19.47656346186856,-99.11509742784295,,,,False,201.44166666666666,36,15,0.4166666666666667,0.8677425980567932,90,-4,left_houses,/home/runner/work/sample_website/sample_website/.cache/gsv_estrella_fast/panoramas/coarse/z1_n1fJT1t6NZ2J2aAmEc2Zpg.jpg,/home/runner/work/sample_website/sample_website/.cache/gsv_estrella_fast/best_views/coarse/n1fJT1t6NZ2J2aAmEc2Zpg.jpg,
ZUCMJhhDTQYv4imC4zbWGQ,19.47575778065056,-99.12085116700375,,,,False,201.32142857142858,35,15,0.42857142857142855,0.5399709343910217,225,-4,upper_full,/home/runner/work/sample_website/sample_website/.cache/gsv_estrella_fast/panoramas/coarse/z1_ZUCMJhhDTQYv4imC4zbWGQ.jpg,/home/runner/work/sample_website/sample_website/.cache/gsv_estrella_fast/best_views/coarse/ZUCMJhhDTQYv4imC4zbWGQ.jpg,
zPVOHSPc03cK6cRtD1p2Sg,19.47567530193755,-99.12387683109408,,,,False,201.31088480779104,35,15,0.42857142857142855,0.4996485412120819,0,-4,upper_full,/home/runner/work/sample_website/sample_website/.cache/gsv_estrella_fast/panoramas/coarse/z1_zPVOHSPc03cK6cRtD1p2Sg.jpg,/home/runner/work/sample_website/sample_website/.cache/gsv_estrella_fast/best_views/coarse/zPVOHSPc03cK6cRtD1p2Sg.jpg,
uSj39xbL7g6lstiN5qC7lw,19.47936091555795,-99.11980208524527,,,,False,201.20294117647057,34,15,0.4411764705882353,0.5389864444732666,180,-4,left_houses,/home/runner/work/sample_website/sample_website/.cache/gsv_estrella_fast/panoramas/coarse/z1_uSj39xbL7g6lstiN5qC7lw.jpg,/home/runner/work/sample_website/sample_website/.cache/gsv_estrella_fast/best_views/coarse/uSj39xbL7g6lstiN5qC7lw.jpg,
udXGZjPMCkHTEuwU2I5zbw,19.47200777948322,-99.11890126714552,,,,False,201.20294117647057,34,15,0.4411764705882353,0.6716212630271912,45,-4,left_houses,/home/runner/work/sample_website/sample_website/.cache/gsv_estrella_fast/panoramas/coarse/z1_udXGZjPMCkHTEuwU2I5zbw.jpg,/home/runner/work/sample_website/sample_website/.cache/gsv_estrella_fast/best_views/coarse/udXGZjPMCkHTEuwU2I5zbw.jpg,
3QGPdOpQoJXbBBkYuDhPhg,19.47686142205888,-99.12107413875563,,,,False,201.08636363636361,33,15,0.45454545454545453,0.6716212630271912,270,-4,left_houses,/home/runner/work/sample_website/sample_website/.cache/gsv_estrella_fast/panoramas/coarse/z1_3QGPdOpQoJXbBBkYuDhPhg.jpg,/home/runner/work/sample_website/sample_website/.cache/gsv_estrella_fast/best_views/coarse/3QGPdOpQoJXbBBkYuDhPhg.jpg,
tfDpujSRTaep8rovihH8fg,19.47232881532188,-99.11421903409116,,,,False,201.08636363636361,33,15,0.45454545454545453,0.6276488304138184,315,-4,street_depth,/home/runner/work/sample_website/sample_website/.cache/gsv_estrella_fast/panoramas/coarse/z1_tfDpujSRTaep8rovihH8fg.jpg,/home/runner/work/sample_website/sample_website/.cache/gsv_estrella_fast/best_views/coarse/tfDpujSRTaep8rovihH8fg.jpg,
6zOO_t71pmJ4G1rOKehJlw,19.47709800051278,-99.12114075179281,,,,False,200.971875,32,15,0.46875,0.7405523061752319,225,-4,left_houses,/home/runner/work/sample_website/sample_website/.cache/gsv_estrella_fast/panoramas/coarse/z1_6zOO_t71pmJ4G1rOKehJlw.jpg,/home/runner/work/sample_website/sample_website/.cache/gsv_estrella_fast/best_views/coarse/6zOO_t71pmJ4G1rOKehJlw.jpg,
MsQTX2p9IsGsCKa0F3K4iw,19.47594154200315,-99.11825195835833,,,,False,200.971875,32,15,0.46875,0.5102458000183105,90,-4,full,/home/runner/work/sample_website/sample_website/.cache/gsv_estrella_fast/panoramas/coarse/z1_MsQTX2p9IsGsCKa0F3K4iw.jpg,/home/runner/work/sample_website/sample_website/.cache/gsv_estrella_fast/best_views/coarse/MsQTX2p9IsGsCKa0F3K4iw.jpg,
6TqOW1TuYZmV0XG6RRK8MQ,19.47506832034282,-99.1144392858788,,,,False,200.971875,32,15,0.46875,0.5073928236961365,180,-4,full,/home/runner/work/sample_website/sample_website/.cache/gsv_estrella_fast/panoramas/coarse/z1_6TqOW1TuYZmV0XG6RRK8MQ.jpg,/home/runner/work/sample_website/sample_website/.cache/gsv_estrella_fast/best_views/coarse/6TqOW1TuYZmV0XG6RRK8MQ.jpg,
beLPHbrvy1cSpuH3K55C4g,19.4725715224484,-99.11421591055543,,,,False,200.971875,32,15,0.46875,0.7701467275619507,315,-4,full,/home/runner/work/sample_website/sample_website/.cache/gsv_estrella_fast/panoramas/coarse/z1_beLPHbrvy1cSpuH3K55C4g.jpg,/home/runner/work/sample_website/sample_website/.cache/gsv_estrella_fast/best_views/coarse/beLPHbrvy1cSpuH3K55C4g.jpg,
XliK64McUTehUnSWU-Kzwg,19.47499003555902,-99.1166192119677,,,,False,200.85967741935485,31,15,0.4838709677419355,0.6388099193572998,135,-4,full,/home/runner/work/sample_website/sample_website/.cache/gsv_estrella_fast/panoramas/coarse/z1_XliK64McUTehUnSWU-Kzwg.jpg,/home/runner/work/sample_website/sample_website/.cache/gsv_estrella_fast/best_views/coarse/XliK64McUTehUnSWU-Kzwg.jpg,
3tKejTwlhKr9-CS72fkF7g,19.47647297019194,-99.11663119995293,,,,False,200.85967741935485,31,15,0.4838709677419355,0.6432825326919556,180,-4,full,/home/runner/work/sample_website/sample_website/.cache/gsv_estrella_fast/panoramas/coarse/z1_3tKejTwlhKr9-CS72fkF7g.jpg,/home/runner/work/sample_website/sample_website/.cache/gsv_estrella_fast/best_views/coarse/3tKejTwlhKr9-CS72fkF7g.jpg,
W3PMa0MKY2wTqE_KDrNndw,19.4769235076045,-99.12235997436943,,,,False,200.75,30,15,0.5,0.5531336665153503,225,-4,full,/home/runner/work/sample_website/sample_website/.cache/gsv_estrella_fast/panoramas/coarse/z1_W3PMa0MKY2wTqE_KDrNndw.jpg,/home/runner/work/sample_website/sample_website/.cache/gsv_estrella_fast/best_views/coarse/W3PMa0MKY2wTqE_KDrNndw.jpg,
4gwpaMW81KwFRDjE4QRqmA,19.47354465571693,-99.11873680773094,,,,False,200.75,30,15,0.5,0.5795231461524963,90,-4,full,/home/runner/work/sample_website/sample_website/.cache/gsv_estrella_fast/panoramas/coarse/z1_4gwpaMW81KwFRDjE4QRqmA.jpg,/home/runner/work/sample_website/sample_website/.cache/gsv_estrella_fast/best_views/coarse/4gwpaMW81KwFRDjE4QRqmA.jpg,
vt2IBHhu1yU0WYHUoRBsEg,19.4732020968514,-99.1188688480144,,,,False,200.75,30,15,0.5,0.7333758473396301,180,-4,upper_full,/home/runner/work/sample_website/sample_website/.cache/gsv_estrella_fast/panoramas/coarse/z1_vt2IBHhu1yU0WYHUoRBsEg.jpg,/home/runner/work/sample_website/sample_website/.cache/gsv_estrella_fast/best_views/coarse/vt2IBHhu1yU0WYHUoRBsEg.jpg,
dfyCsMeAxcXUxsJc9TQpkw,19.47269359015584,-99.1197892525262,,,,False,200.64310344827587,29,15,0.5172413793103449,0.8658033609390259,90,-4,left_houses,/home/runner/work/sample_website/sample_website/.cache/gsv_estrella_fast/panoramas/coarse/z1_dfyCsMeAxcXUxsJc9TQpkw.jpg,/home/runner/work/sample_website/sample_website/.cache/gsv_estrella_fast/best_views/coarse/dfyCsMeAxcXUxsJc9TQpkw.jpg,
3wbgSIPuueuKvgdRf7mN-A,19.47305909710753,-99.11318042298579,,,,False,200.64310344827587,29,15,0.5172413793103449,0.8486828804016113,315,-4,left_houses,/home/runner/work/sample_website/sample_website/.cache/gsv_estrella_fast/panoramas/coarse/z1_3wbgSIPuueuKvgdRf7mN-A.jpg,/home/runner/work/sample_website/sample_website/.cache/gsv_estrella_fast/best_views/coarse/3wbgSIPuueuKvgdRf7mN-A.jpg,
BWlZ586ZOfbk3Sj3avXqgg,19.47057301974417,-99.12148926805651,,,,False,200.44835257019315,28,15,0.5357142857142857,0.4969688951969147,135,-4,left_houses,/home/runner/work/sample_website/sample_website/.cache/gsv_estrella_fast/panoramas/coarse/z1_BWlZ586ZOfbk3Sj3avXqgg.jpg,/home/runner/work/sample_website/sample_website/.cache/gsv_estrella_fast/best_views/coarse/BWlZ586ZOfbk3Sj3avXqgg.jpg,
gXp3D-JtmdrN4CBfNxd_Gw,19.47368900443561,-99.12345409071608,,,,False,200.4388888888889,27,15,0.5555555555555556,0.8815847039222717,315,-4,left_houses,/home/runner/work/sample_website/sample_website/.cache/gsv_estrella_fast/panoramas/coarse/z1_gXp3D-JtmdrN4CBfNxd_Gw.jpg,/home/runner/work/sample_website/sample_website/.cache/gsv_estrella_fast/best_views/coarse/gXp3D-JtmdrN4CBfNxd_Gw.jpg,
ucytUeNELK-WNR6gXYAM_A,19.47441059437582,-99.11750894486035,,,,False,200.3456973248058,27,15,0.5555555555555556,0.49689361453056335,315,-4,left_houses,/home/runner/work/sample_website/sample_website/.cache/gsv_estrella_fast/panoramas/coarse/z1_ucytUeNELK-WNR6gXYAM_A.jpg,/home/runner/work/sample_website/sample_website/.cache/gsv_estrella_fast/best_views/coarse/ucytUeNELK-WNR6gXYAM_A.jpg,
vCjxjhJUg7Kp6Nj3Rj1i2A,19.4770687084066,-99.12333707130635,,,,False,200.34230769230768,26,15,0.5769230769230769,0.7020726203918457,135,-4,street_depth,/home/runner/work/sample_website/sample_website/.cache/gsv_estrella_fast/panoramas/coarse/z1_vCjxjhJUg7Kp6Nj3Rj1i2A.jpg,/home/runner/work/sample_website/sample_website/.cache/gsv_estrella_fast/best_views/coarse/vCjxjhJUg7Kp6Nj3Rj1i2A.jpg,
Hm8JcH7d5OWQT18Jt7nTMQ,19.47014774538676,-99.12057821530523,,,,False,200.34230769230768,26,15,0.5769230769230769,0.8264306783676147,270,-4,left_houses,/home/runner/work/sample_website/sample_website/.cache/gsv_estrella_fast/panoramas/coarse/z1_Hm8JcH7d5OWQT18Jt7nTMQ.jpg,/home/runner/work/sample_website/sample_website/.cache/gsv_estrella_fast/best_views/coarse/Hm8JcH7d5OWQT18Jt7nTMQ.jpg,
RSEArJan6vEwSIFK9AZklQ,19.47214207351849,-99.11517762765794,,,,False,200.34230769230768,26,15,0.5769230769230769,0.7753818035125732,0,-4,upper_full,/home/runner/work/sample_website/sample_website/.cache/gsv_estrella_fast/panoramas/coarse/z1_RSEArJan6vEwSIFK9AZklQ.jpg,/home/runner/work/sample_website/sample_website/.cache/gsv_estrella_fast/best_views/coarse/RSEArJan6vEwSIFK9AZklQ.jpg,
mXg8H8ghw_8-K7ECR--Epw,19.47648729519014,-99.12187257016063,,,,False,200.25,25,15,0.6,0.6667500138282776,270,-4,left_houses,/home/runner/work/sample_website/sample_website/.cache/gsv_estrella_fast/panoramas/coarse/z1_mXg8H8ghw_8-K7ECR--Epw.jpg,/home/runner/work/sample_website/sample_website/.cache/gsv_estrella_fast/best_views/coarse/mXg8H8ghw_8-K7ECR--Epw.jpg,
hjs3B79Hg58izCdpOBi_xA,19.47189415371212,-99.12233143754356,,,,False,200.1625,24,15,0.625,0.6014611124992371,135,-4,left_houses,/home/runner/work/sample_website/sample_website/.cache/gsv_estrella_fast/panoramas/coarse/z1_hjs3B79Hg58izCdpOBi_xA.jpg,/home/runner/work/sample_website/sample_website/.cache/gsv_estrella_fast/best_views/coarse/hjs3B79Hg58izCdpOBi_xA.jpg,
j1ZKvKb5NAisnmZvB54XKA,19.47471272792204,-99.11583552244494,,,,False,200.1625,24,15,0.625,0.7373019456863403,45,-4,street_depth,/home/runner/work/sample_website/sample_website/.cache/gsv_estrella_fast/panoramas/coarse/z1_j1ZKvKb5NAisnmZvB54XKA.jpg,/home/runner/work/sample_website/sample_website/.cache/gsv_estrella_fast/best_views/coarse/j1ZKvKb5NAisnmZvB54XKA.jpg,
21hoZN2ZGC1kkspgb7YQxw,19.47558008867989,-99.1142368466892,,,,False,200.1625,24,15,0.625,0.6964558959007263,180,-4,full,/home/runner/work/sample_website/sample_website/.cache/gsv_estrella_fast/panoramas/coarse/z1_21hoZN2ZGC1kkspgb7YQxw.jpg,/home/runner/work/sample_website/sample_website/.cache/gsv_estrella_fast/best_views/coarse/21hoZN2ZGC1kkspgb7YQxw.jpg,
xO4CADcF6l_XQFJeM4fzFQ,19.47562147377497,-99.11977945913672,,,,False,200.08043478260868,23,15,0.6521739130434783,0.5526373982429504,0,-4,right_depth,/home/runner/work/sample_website/sample_website/.cache/gsv_estrella_fast/panoramas/coarse/z1_xO4CADcF6l_XQFJeM4fzFQ.jpg,/home/runner/work/sample_website/sample_website/.cache/gsv_estrella_fast/best_views/coarse/xO4CADcF6l_XQFJeM4fzFQ.jpg,
9OAq-JybJULiZsJYO-eDZA,19.47441828873775,-99.12042599427137,,,,False,200.08043478260868,23,15,0.6521739130434783,0.5745412111282349,270,-4,full,/home/runner/work/sample_website/sample_website/.cache/gsv_estrella_fast/panoramas/coarse/z1_9OAq-JybJULiZsJYO-eDZA.jpg,/home/runner/work/sample_website/sample_website/.cache/gsv_estrella_fast/best_views/coarse/9OAq-JybJULiZsJYO-eDZA.jpg,
V8uUPDLLDOC0N8VBHKtaww,19.4784479196236,-99.11772557551039,,,,False,200.08043478260868,23,15,0.6521739130434783,0.6541544795036316,225,-4,left_houses,/home/runner/work/sample_website/sample_website/.cache/gsv_estrella_fast/panoramas/coarse/z1_V8uUPDLLDOC0N8VBHKtaww.jpg,/home/runner/work/sample_website/sample_website/.cache/gsv_estrella_fast/best_views/coarse/V8uUPDLLDOC0N8VBHKtaww.jpg,
D4AsLsyx_bOMYqRWYdnj2g,19.4768524003216,-99.11856179559452,,,,False,200.08043478260868,23,15,0.6521739130434783,0.5062357187271118,225,-4,full,/home/runner/work/sample_website/sample_website/.cache/gsv_estrella_fast/panoramas/coarse/z1_D4AsLsyx_bOMYqRWYdnj2g.jpg,/home/runner/work/sample_website/sample_website/.cache/gsv_estrella_fast/best_views/coarse/D4AsLsyx_bOMYqRWYdnj2g.jpg,
vo1v0zYxu_JG1zBelpWOiQ,19.4741410938764,-99.1187260013747,,,,False,200.0124462696814,31,15,0.4838709677419355,0.47175896167755127,180,-4,street_depth,/home/runner/work/sample_website/sample_website/.cache/gsv_estrella_fast/panoramas/coarse/z1_vo1v0zYxu_JG1zBelpWOiQ.jpg,/home/runner/work/sample_website/sample_website/.cache/gsv_estrella_fast/best_views/coarse/vo1v0zYxu_JG1zBelpWOiQ.jpg,
_z1Z5CgQh0MLrHHMAYhHGA,19.47666270215175,-99.1193751451659,,,,False,200.00454545454548,22,15,0.6818181818181818,0.5175873041152954,270,-4,left_houses,/home/runner/work/sample_website/sample_website/.cache/gsv_estrella_fast/panoramas/coarse/z1__z1Z5CgQh0MLrHHMAYhHGA.jpg,/home/runner/work/sample_website/sample_website/.cache/gsv_estrella_fast/best_views/coarse/_z1Z5CgQh0MLrHHMAYhHGA.jpg,
lafPJT3d_iyzSp3YZ95OYg,19.47715778098936,-99.12330600124656,,,,False,199.96117794513702,25,15,0.6,0.49037259817123413,135,-4,left_houses,/home/runner/work/sample_website/sample_website/.cache/gsv_estrella_fast/panoramas/coarse/z1_lafPJT3d_iyzSp3YZ95OYg.jpg,/home/runner/work/sample_website/sample_website/.cache/gsv_estrella_fast/best_views/coarse/lafPJT3d_iyzSp3YZ95OYg.jpg,
WslxGeqhK9J5tVVVQZVA9Q,19.47229196142042,-99.11645332207534,,,,False,199.93571428571428,21,15,0.7142857142857143,0.8281669020652771,90,-4,left_houses,/home/runner/work/sample_website/sample_website/.cache/gsv_estrella_fast/panoramas/coarse/z1_WslxGeqhK9J5tVVVQZVA9Q.jpg,/home/runner/work/sample_website/sample_website/.cache/gsv_estrella_fast/best_views/coarse/WslxGeqhK9J5tVVVQZVA9Q.jpg,
IsUE_w7GkTJaPXlWNwMFHg,19.47525556739347,-99.11560901962407,,,,False,199.93571428571428,21,15,0.7142857142857143,0.6000112295150757,90,-4,left_houses,/home/runner/work/sample_website/sample_website/.cache/gsv_estrella_fast/panoramas/coarse/z1_IsUE_w7GkTJaPXlWNwMFHg.jpg,/home/runner/work/sample_website/sample_website/.cache/gsv_estrella_fast/best_views/coarse/IsUE_w7GkTJaPXlWNwMFHg.jpg,
nY6hUXW72PeqaYwJQ2BcVg,19.47350718604152,-99.11551429891826,,,,False,199.93571428571428,21,15,0.7142857142857143,0.5397314429283142,315,-4,left_houses,/home/runner/work/sample_website/sample_website/.cache/gsv_estrella_fast/panoramas/coarse/z1_nY6hUXW72PeqaYwJQ2BcVg.jpg,/home/runner/work/sample_website/sample_website/.cache/gsv_estrella_fast/best_views/coarse/nY6hUXW72PeqaYwJQ2BcVg.jpg,
dIbSJb18uHnMWg6jqnEXuw,19.47217438016752,-99.11603146520983,,,,False,199.69313734489327,34,15,0.4411764705882353,0.44967320561408997,0,-4,left_houses,/home/runner/work/sample_website/sample_website/.cache/gsv_estrella_fast/panoramas/coarse/z1_dIbSJb18uHnMWg6jqnEXuw.jpg,/home/runner/work/sample_website/sample_website/.cache/gsv_estrella_fast/best_views/coarse/dIbSJb18uHnMWg6jqnEXuw.jpg,
WwPL26fEZkC95oE5Me3Xcw,19.47372405762707,-99.12069599051387,,,,False,199.31728565412408,34,15,0.4411764705882353,0.43714481592178345,180,-4,left_houses,/home/runner/work/sample_website/sample_website/.cache/gsv_estrella_fast/panoramas/coarse/z1_WwPL26fEZkC95oE5Me3Xcw.jpg,/home/runner/work/sample_website/sample_website/.cache/gsv_estrella_fast/best_views/coarse/WwPL26fEZkC95oE5Me3Xcw.jpg,
j6_CLPurmQZ4Q7abJc8TKQ,19.47578579152321,-99.11822316972794,,,,False,199.22881019115448,30,15,0.5,0.44929367303848267,180,-4,left_houses,/home/runner/work/sample_website/sample_website/.cache/gsv_estrella_fast/panoramas/coarse/z1_j6_CLPurmQZ4Q7abJc8TKQ.jpg,/home/runner/work/sample_website/sample_website/.cache/gsv_estrella_fast/best_views/coarse/j6_CLPurmQZ4Q7abJc8TKQ.jpg,
Ek79plFNDLDWFUbai7PqLA,19.47234574111542,-99.11550281762823,,,,False,199.20723662376403,24,15,0.625,0.46815788745880127,135,-4,left_houses,/home/runner/work/sample_website/sample_website/.cache/gsv_estrella_fast/panoramas/coarse/z1_Ek79plFNDLDWFUbai7PqLA.jpg,/home/runner/work/sample_website/sample_website/.cache/gsv_estrella_fast/best_views/coarse/Ek79plFNDLDWFUbai7PqLA.jpg,
6mNnV_ogEXAKE4B1UUvngw,19.47606161725574,-99.11451458866082,,,,False,198.9440257549286,30,15,0.5,0.43980085849761963,45,-4,left_houses,/home/runner/work/sample_website/sample_website/.cache/gsv_estrella_fast/panoramas/coarse/z1_6mNnV_ogEXAKE4B1UUvngw.jpg,/home/runner/work/sample_website/sample_website/.cache/gsv_estrella_fast/best_views/coarse/6mNnV_ogEXAKE4B1UUvngw.jpg,
JnLdgRITx-pPOLykLK8-Gw,19.47709082715731,-99.11458220926892,,,,False,198.75387865304947,20,15,0.75,0.4626292884349823,90,-4,full,/home/runner/work/sample_website/sample_website/.cache/gsv_estrella_fast/panoramas/coarse/z1_JnLdgRITx-pPOLykLK8-Gw.jpg,/home/runner/work/sample_website/sample_website/.cache/gsv_estrella_fast/best_views/coarse/JnLdgRITx-pPOLykLK8-Gw.jpg,
QArdyW2GXKf4f7MKI1N9-g,19.47276252221522,-99.11337078757954,,,,False,198.2641851120525,27,15,0.5555555555555556,0.4275098741054535,90,-4,left_houses,/home/runner/work/sample_website/sample_website/.cache/gsv_estrella_fast/panoramas/coarse/z1_QArdyW2GXKf4f7MKI1N9-g.jpg,/home/runner/work/sample_website/sample_website/.cache/gsv_estrella_fast/best_views/coarse/QArdyW2GXKf4f7MKI1N9-g.jpg,
03zXqa9ZJv7Ul_HKqsTOXg,19.47351879525474,-99.11458676796366,,,,False,197.98641997973124,36,15,0.4166666666666667,0.38482511043548584,225,-4,left_houses,/home/runner/work/sample_website/sample_website/.cache/gsv_estrella_fast/panoramas/coarse/z1_03zXqa9ZJv7Ul_HKqsTOXg.jpg,/home/runner/work/sample_website/sample_website/.cache/gsv_estrella_fast/best_views/coarse/03zXqa9ZJv7Ul_HKqsTOXg.jpg,
3aQeiM8xqiIDr5MX51HwZQ,19.47706322450262,-99.11366186478529,,,,False,197.4285394228738,29,15,0.5172413793103449,0.39284786581993103,45,-4,full,/home/runner/work/sample_website/sample_website/.cache/gsv_estrella_fast/panoramas/coarse/z1_3aQeiM8xqiIDr5MX51HwZQ.jpg,/home/runner/work/sample_website/sample_website/.cache/gsv_estrella_fast/best_views/coarse/3aQeiM8xqiIDr5MX51HwZQ.jpg,
mpaPkA8IWE40QuZYLS85OA,19.4750417844222,-99.11399709451824,,,,False,197.0227793455124,40,15,0.375,0.33617597818374634,225,-4,left_houses,/home/runner/work/sample_website/sample_website/.cache/gsv_estrella_fast/panoramas/coarse/z1_mpaPkA8IWE40QuZYLS85OA.jpg,/home/runner/work/sample_website/sample_website/.cache/gsv_estrella_fast/best_views/coarse/mpaPkA8IWE40QuZYLS85OA.jpg,
aswwa6S6uIRF4zjPG_k7DQ,19.47328142797915,-99.12257400088845,,,,False,196.88864719867706,30,15,0.5,0.3712882399559021,315,-4,full,/home/runner/work/sample_website/sample_website/.cache/gsv_estrella_fast/panoramas/coarse/z1_aswwa6S6uIRF4zjPG_k7DQ.jpg,/home/runner/work/sample_website/sample_website/.cache/gsv_estrella_fast/best_views/coarse/aswwa6S6uIRF4zjPG_k7DQ.jpg,
R0uT1NjOHPPdd6EVq6qqPA,19.47570320703063,-99.12230670000748,,,,False,196.81103879213333,25,15,0.6,0.3853679597377777,0,-4,street_depth,/home/runner/work/sample_website/sample_website/.cache/gsv_estrella_fast/panoramas/coarse/z1_R0uT1NjOHPPdd6EVq6qqPA.jpg,/home/runner/work/sample_website/sample_website/.cache/gsv_estrella_fast/best_views/coarse/R0uT1NjOHPPdd6EVq6qqPA.jpg,
tN7sV8c-r7Ls0CwHF7sP5g,19.47561994970163,-99.12300830340585,,,,False,195.2930681654385,28,15,0.5357142857142857,0.3251260817050934,270,-4,street_depth,/home/runner/work/sample_website/sample_website/.cache/gsv_estrella_fast/panoramas/coarse/z1_tN7sV8c-r7Ls0CwHF7sP5g.jpg,/home/runner/work/sample_website/sample_website/.cache/gsv_estrella_fast/best_views/coarse/tN7sV8c-r7Ls0CwHF7sP5g.jpg,
zGxa8C4lM_vmnTk2uXFRYA,19.47498045832863,-99.1241428707732,,,,False,195.15225736413683,21,15,0.7142857142857143,0.3405514359474182,90,-4,left_houses,/home/runner/work/sample_website/sample_website/.cache/gsv_estrella_fast/panoramas/coarse/z1_zGxa8C4lM_vmnTk2uXFRYA.jpg,/home/runner/work/sample_website/sample_website/.cache/gsv_estrella_fast/best_views/coarse/zGxa8C4lM_vmnTk2uXFRYA.jpg,
phWmM79mGl1JhRRDfzQ-YA,19.47324299339573,-99.11561712407472,,,,False,193.99605553150178,32,15,0.46875,0.26747268438339233,315,-4,left_houses,/home/runner/work/sample_website/sample_website/.cache/gsv_estrella_fast/panoramas/coarse/z1_phWmM79mGl1JhRRDfzQ-YA.jpg,/home/runner/work/sample_website/sample_website/.cache/gsv_estrella_fast/best_views/coarse/phWmM79mGl1JhRRDfzQ-YA.jpg,
ZcTddH1nqAarlMmvUBdf5Q,19.47388362720963,-99.12327214502669,,,,False,193.2611689246934,29,15,0.5172413793103449,0.2539355158805847,180,-4,left_houses,/home/runner/work/sample_website/sample_website/.cache/gsv_estrella_fast/panoramas/coarse/z1_ZcTddH1nqAarlMmvUBdf5Q.jpg,/home/runner/work/sample_website/sample_website/.cache/gsv_estrella_fast/best_views/coarse/ZcTddH1nqAarlMmvUBdf5Q.jpg,
VCi84P_H1Xrv9XU6X_oIag,19.47754470645637,-99.11679346004264,,,,False,192.6400899144911,31,15,0.4838709677419355,0.22601374983787537,315,-4,left_houses,/home/runner/work/sample_website/sample_website/.cache/gsv_estrella_fast/panoramas/coarse/z1_VCi84P_H1Xrv9XU6X_oIag.jpg,/home/runner/work/sample_website/sample_website/.cache/gsv_estrella_fast/best_views/coarse/VCi84P_H1Xrv9XU6X_oIag.jpg,
jT9JBU_251EVKIuFPhk65Q,19.47415832076441,-99.12052527983793,,,,False,192.04219669653818,26,15,0.5769230769230769,0.22332963347434998,45,-4,left_houses,/home/runner/work/sample_website/sample_website/.cache/gsv_estrella_fast/panoramas/coarse/z1_jT9JBU_251EVKIuFPhk65Q.jpg,/home/runner/work/sample_website/sample_website/.cache/gsv_estrella_fast/best_views/coarse/jT9JBU_251EVKIuFPhk65Q.jpg,
E-Zrda2n8G678hqta15SKw,19.47589200088615,-99.11318413741255,,,,False,190.79468085106384,47,14,0.2978723404255319,0.7989624738693237,315,-4,left_houses,/home/runner/work/sample_website/sample_website/.cache/gsv_estrella_fast/panoramas/coarse/z1_E-Zrda2n8G678hqta15SKw.jpg,/home/runner/work/sample_website/sample_website/.cache/gsv_estrella_fast/best_views/coarse/E-Zrda2n8G678hqta15SKw.jpg,
13IOfw4frM7hfCqLYhnYLw,19.47068699678969,-99.12039061959679,,,,False,190.13333333333335,42,14,0.3333333333333333,0.8111352920532227,135,-4,street_depth,/home/runner/work/sample_website/sample_website/.cache/gsv_estrella_fast/panoramas/coarse/z1_13IOfw4frM7hfCqLYhnYLw.jpg,/home/runner/work/sample_website/sample_website/.cache/gsv_estrella_fast/best_views/coarse/13IOfw4frM7hfCqLYhnYLw.jpg,
I3cCVfWYl0bWRyau1aeE5Q,19.47755247867298,-99.11462281542939,,,,False,189.67568010641978,26,15,0.5769230769230769,0.1444457471370697,315,-4,left_houses,/home/runner/work/sample_website/sample_website/.cache/gsv_estrella_fast/panoramas/coarse/z1_I3cCVfWYl0bWRyau1aeE5Q.jpg,/home/runner/work/sample_website/sample_website/.cache/gsv_estrella_fast/best_views/coarse/I3cCVfWYl0bWRyau1aeE5Q.jpg,
GSS353ryK9aQXxmGiLsA9g,19.47863768828014,-99.1217903373516,,,,False,189.01060606060605,33,14,0.42424242424242425,0.5364278554916382,45,-4,full,/home/runner/work/sample_website/sample_website/.cache/gsv_estrella_fast/panoramas/coarse/z1_GSS353ryK9aQXxmGiLsA9g.jpg,/home/runner/work/sample_website/sample_website/.cache/gsv_estrella_fast/best_views/coarse/GSS353ryK9aQXxmGiLsA9g.jpg,
xbL1K71Um18DFIhugklyMw,19.47772786127022,-99.11843423030889,,,,False,189.01060606060605,33,14,0.42424242424242425,0.7169216871261597,180,-4,left_houses,/home/runner/work/sample_website/sample_website/.cache/gsv_estrella_fast/panoramas/coarse/z1_xbL1K71Um18DFIhugklyMw.jpg,/home/runner/work/sample_website/sample_website/.cache/gsv_estrella_fast/best_views/coarse/xbL1K71Um18DFIhugklyMw.jpg,
Ll8G0A4JHoMoM4ml9LJ1qg,19.47083075687715,-99.11465337558873,,,,False,189.01060606060605,33,14,0.42424242424242425,0.6118035912513733,270,-4,left_houses,/home/runner/work/sample_website/sample_website/.cache/gsv_estrella_fast/panoramas/coarse/z1_Ll8G0A4JHoMoM4ml9LJ1qg.jpg,/home/runner/work/sample_website/sample_website/.cache/gsv_estrella_fast/best_views/coarse/Ll8G0A4JHoMoM4ml9LJ1qg.jpg,
l6wO4P0tEwRIK9jcpiD6mg,19.47351938953799,-99.11367604722848,,,,False,188.89375,32,14,0.4375,0.6696900725364685,135,-4,street_depth,/home/runner/work/sample_website/sample_website/.cache/gsv_estrella_fast/panoramas/coarse/z1_l6wO4P0tEwRIK9jcpiD6mg.jpg,/home/runner/work/sample_website/sample_website/.cache/gsv_estrella_fast/best_views/coarse/l6wO4P0tEwRIK9jcpiD6mg.jpg,
x1TrhO3sk4YHfGCZElb4lw,19.47825478812184,-99.11965493122867,,,,False,188.66666666666666,30,14,0.4666666666666667,0.5932665467262268,0,-4,upper_full,/home/runner/work/sample_website/sample_website/.cache/gsv_estrella_fast/panoramas/coarse/z1_x1TrhO3sk4YHfGCZElb4lw.jpg,/home/runner/work/sample_website/sample_website/.cache/gsv_estrella_fast/best_views/coarse/x1TrhO3sk4YHfGCZElb4lw.jpg,
W5niqA9APFfJQYLVlddPbw,19.47301920091797,-99.12267886142779,,,,False,188.55689655172412,29,14,0.4827586206896552,0.501222550868988,0,-4,left_houses,/home/runner/work/sample_website/sample_website/.cache/gsv_estrella_fast/panoramas/coarse/z1_W5niqA9APFfJQYLVlddPbw.jpg,/home/runner/work/sample_website/sample_website/.cache/gsv_estrella_fast/best_views/coarse/W5niqA9APFfJQYLVlddPbw.jpg,
rAUpr5FHEY7VIaXF54bsNQ,19.47366287410158,-99.12387733767467,,,,False,188.45,28,14,0.5,0.7491782307624817,0,-4,left_houses,/home/runner/work/sample_website/sample_website/.cache/gsv_estrella_fast/panoramas/coarse/z1_rAUpr5FHEY7VIaXF54bsNQ.jpg,/home/runner/work/sample_website/sample_website/.cache/gsv_estrella_fast/best_views/coarse/rAUpr5FHEY7VIaXF54bsNQ.jpg,
y8NBLx1o0-yAcsC8rv_j0w,19.47972946820811,-99.11817842495644,,,,False,188.45,28,14,0.5,0.6828331351280212,315,-4,street_depth,/home/runner/work/sample_website/sample_website/.cache/gsv_estrella_fast/panoramas/coarse/z1_y8NBLx1o0-yAcsC8rv_j0w.jpg,/home/runner/work/sample_website/sample_website/.cache/gsv_estrella_fast/best_views/coarse/y8NBLx1o0-yAcsC8rv_j0w.jpg,
fu3BYi2VmsmZA4VP9ac20A,19.4784660262978,-99.11684259401623,,,,False,188.45,28,14,0.5,0.5857517123222351,225,-4,upper_full,/home/runner/work/sample_website/sample_website/.cache/gsv_estrella_fast/panoramas/coarse/z1_fu3BYi2VmsmZA4VP9ac20A.jpg,/home/runner/work/sample_website/sample_website/.cache/gsv_estrella_fast/best_views/coarse/fu3BYi2VmsmZA4VP9ac20A.jpg,
amcv4kMpURxW1APrb7NFpg,19.47937048721928,-99.11832211485883,,,,False,188.45,28,14,0.5,0.8244131803512573,0,-4,street_depth,/home/runner/work/sample_website/sample_website/.cache/gsv_estrella_fast/panoramas/coarse/z1_amcv4kMpURxW1APrb7NFpg.jpg,/home/runner/work/sample_website/sample_website/.cache/gsv_estrella_fast/best_views/coarse/amcv4kMpURxW1APrb7NFpg.jpg,
polykgsMvRPcuvtGFvztOQ,19.47459862703151,-99.11416939521337,,,,False,188.45,28,14,0.5,0.6554384827613831,135,-4,left_houses,/home/runner/work/sample_website/sample_website/.cache/gsv_estrella_fast/panoramas/coarse/z1_polykgsMvRPcuvtGFvztOQ.jpg,/home/runner/work/sample_website/sample_website/.cache/gsv_estrella_fast/best_views/coarse/polykgsMvRPcuvtGFvztOQ.jpg,
MRMgr0WSeGuOHKhCiAabUw,19.47282277598773,-99.1237856466412,,,,False,188.34629629629632,27,14,0.5185185185185185,0.7318155169487,270,-4,left_houses,/home/runner/work/sample_website/sample_website/.cache/gsv_estrella_fast/panoramas/coarse/z1_MRMgr0WSeGuOHKhCiAabUw.jpg,/home/runner/work/sample_website/sample_website/.cache/gsv_estrella_fast/best_views/coarse/MRMgr0WSeGuOHKhCiAabUw.jpg,
Sgj1_nXZuvpmOP0-1C2zHQ,19.47844945666183,-99.11867365810734,,,,False,188.34629629629632,27,14,0.5185185185185185,0.5539708137512207,315,-4,left_houses,/home/runner/work/sample_website/sample_website/.cache/gsv_estrella_fast/panoramas/coarse/z1_Sgj1_nXZuvpmOP0-1C2zHQ.jpg,/home/runner/work/sample_website/sample_website/.cache/gsv_estrella_fast/best_views/coarse/Sgj1_nXZuvpmOP0-1C2zHQ.jpg,
edJ7PtqMaxpYPbR09j586w,19.4771018127623,-99.11920646351722,,,,False,188.24615384615385,26,14,0.5384615384615384,0.5292485356330872,0,-4,upper_full,/home/runner/work/sample_website/sample_website/.cache/gsv_estrella_fast/panoramas/coarse/z1_edJ7PtqMaxpYPbR09j586w.jpg,/home/runner/work/sample_website/sample_website/.cache/gsv_estrella_fast/best_views/coarse/edJ7PtqMaxpYPbR09j586w.jpg,
WzGuKbmZbc9qLSZGPLYDBA,19.47074945214052,-99.11481580049937,,,,False,188.24615384615385,26,14,0.5384615384615384,0.7342503666877747,270,-4,left_houses,/home/runner/work/sample_website/sample_website/.cache/gsv_estrella_fast/panoramas/coarse/z1_WzGuKbmZbc9qLSZGPLYDBA.jpg,/home/runner/work/sample_website/sample_website/.cache/gsv_estrella_fast/best_views/coarse/WzGuKbmZbc9qLSZGPLYDBA.jpg,
oo0wmfl8QGrQtQCKlk78eA,19.47511072412126,-99.12250645794083,,,,False,188.15,25,14,0.56,0.8175775408744812,225,-4,upper_full,/home/runner/work/sample_website/sample_website/.cache/gsv_estrella_fast/panoramas/coarse/z1_oo0wmfl8QGrQtQCKlk78eA.jpg,/home/runner/work/sample_website/sample_website/.cache/gsv_estrella_fast/best_views/coarse/oo0wmfl8QGrQtQCKlk78eA.jpg,
a_NSjRFgygQ1zXiNRfDvow,19.47311103833585,-99.11579770157887,,,,False,188.15,25,14,0.56,0.6323351860046387,180,-4,left_houses,/home/runner/work/sample_website/sample_website/.cache/gsv_estrella_fast/panoramas/coarse/z1_a_NSjRFgygQ1zXiNRfDvow.jpg,/home/runner/work/sample_website/sample_website/.cache/gsv_estrella_fast/best_views/coarse/a_NSjRFgygQ1zXiNRfDvow.jpg,
dtSHWLsfiWVrILOx8V0-hA,19.47588979164053,-99.11458339115272,,,,False,188.15,25,14,0.56,0.590617299079895,0,-4,left_houses,/home/runner/work/sample_website/sample_website/.cache/gsv_estrella_fast/panoramas/coarse/z1_dtSHWLsfiWVrILOx8V0-hA.jpg,/home/runner/work/sample_website/sample_website/.cache/gsv_estrella_fast/best_views/coarse/dtSHWLsfiWVrILOx8V0-hA.jpg,
DRkAacj6wl0jAYz95HMP3w,19.47221011783988,-99.11841118246632,,,,False,188.08527071162274,38,14,0.3684210526315789,0.4488072693347931,270,-4,full,/home/runner/work/sample_website/sample_website/.cache/gsv_estrella_fast/panoramas/coarse/z1_DRkAacj6wl0jAYz95HMP3w.jpg,/home/runner/work/sample_website/sample_website/.cache/gsv_estrella_fast/best_views/coarse/DRkAacj6wl0jAYz95HMP3w.jpg,
QXFt5virk6B22g5VJyZ-Nw,19.47751531906509,-99.12315166428084,,,,False,188.05833333333334,24,14,0.5833333333333334,0.6851633191108704,45,-4,upper_full,/home/runner/work/sample_website/sample_website/.cache/gsv_estrella_fast/panoramas/coarse/z1_QXFt5virk6B22g5VJyZ-Nw.jpg,/home/runner/work/sample_website/sample_website/.cache/gsv_estrella_fast/best_views/coarse/QXFt5virk6B22g5VJyZ-Nw.jpg,
BmB7Ub0IGofgTrHY2bwR-Q,19.47503860707324,-99.12149239187679,,,,False,188.05833333333334,24,14,0.5833333333333334,0.5841444134712219,180,-4,left_houses,/home/runner/work/sample_website/sample_website/.cache/gsv_estrella_fast/panoramas/coarse/z1_BmB7Ub0IGofgTrHY2bwR-Q.jpg,/home/runner/work/sample_website/sample_website/.cache/gsv_estrella_fast/best_views/coarse/BmB7Ub0IGofgTrHY2bwR-Q.jpg,
Jszt9KXZosORVQPSFvUQUQ,19.47620239200375,-99.12367554999601,,,,False,188.05833333333334,24,14,0.5833333333333334,0.7852557301521301,270,-4,left_houses,/home/runner/work/sample_website/sample_website/.cache/gsv_estrella_fast/panoramas/coarse/z1_Jszt9KXZosORVQPSFvUQUQ.jpg,/home/runner/work/sample_website/sample_website/.cache/gsv_estrella_fast/best_views/coarse/Jszt9KXZosORVQPSFvUQUQ.jpg,
i8zpxwPQvhWPgUsVlSWR-A,19.47413247446207,-99.12369783948861,,,,False,188.05833333333334,24,14,0.5833333333333334,0.5719971656799316,180,-4,left_houses,/home/runner/work/sample_website/sample_website/.cache/gsv_estrella_fast/panoramas/coarse/z1_i8zpxwPQvhWPgUsVlSWR-A.jpg,/home/runner/work/sample_website/sample_website/.cache/gsv_estrella_fast/best_views/coarse/i8zpxwPQvhWPgUsVlSWR-A.jpg,
Yz_zPan6laU9mWNbuwHbxg,19.47658527149188,-99.11766749209839,,,,False,188.05833333333334,24,14,0.5833333333333334,0.5257954597473145,180,-4,full,/home/runner/work/sample_website/sample_website/.cache/gsv_estrella_fast/panoramas/coarse/z1_Yz_zPan6laU9mWNbuwHbxg.jpg,/home/runner/work/sample_website/sample_website/.cache/gsv_estrella_fast/best_views/coarse/Yz_zPan6laU9mWNbuwHbxg.jpg,
-LSkiIVt4YuyPYuOe3zF9w,19.47037075267133,-99.12101537749139,,,,False,187.9754531838276,27,14,0.5185185185185185,0.48763856291770935,225,-4,left_houses,/home/runner/work/sample_website/sample_website/.cache/gsv_estrella_fast/panoramas/coarse/z1_-LSkiIVt4YuyPYuOe3zF9w.jpg,/home/runner/work/sample_website/sample_website/.cache/gsv_estrella_fast/best_views/coarse/-LSkiIVt4YuyPYuOe3zF9w.jpg,
PPYzg6b1WujNAp39mRymJQ,19.47377142676285,-99.11541409094988,,,,False,187.97173913043477,23,14,0.6086956521739131,0.616523027420044,180,-4,street_depth,/home/runner/work/sample_website/sample_website/.cache/gsv_estrella_fast/panoramas/coarse/z1_PPYzg6b1WujNAp39mRymJQ.jpg,/home/runner/work/sample_website/sample_website/.cache/gsv_estrella_fast/best_views/coarse/PPYzg6b1WujNAp39mRymJQ.jpg,
wzj1ZtOyQ2G4C9JwW_WWow,19.47040351128025,-99.11994003710547,,,,False,187.92895318269728,28,14,0.5,0.48263177275657654,0,-4,left_houses,/home/runner/work/sample_website/sample_website/.cache/gsv_estrella_fast/panoramas/coarse/z1_wzj1ZtOyQ2G4C9JwW_WWow.jpg,/home/runner/work/sample_website/sample_website/.cache/gsv_estrella_fast/best_views/coarse/wzj1ZtOyQ2G4C9JwW_WWow.jpg,
fSwIdU12CZyQjZIjwuG0RQ,19.47910645445777,-99.12100566837863,,,,False,187.8909090909091,22,14,0.6363636363636364,0.7172041535377502,135,-4,street_depth,/home/runner/work/sample_website/sample_website/.cache/gsv_estrella_fast/panoramas/coarse/z1_fSwIdU12CZyQjZIjwuG0RQ.jpg,/home/runner/work/sample_website/sample_website/.cache/gsv_estrella_fast/best_views/coarse/fSwIdU12CZyQjZIjwuG0RQ.jpg,
K9xtRx72iL0XQSVlq88qRQ,19.47619392259864,-99.1206824822374,,,,False,187.8909090909091,22,14,0.6363636363636364,0.5972405672073364,0,-4,left_houses,/home/runner/work/sample_website/sample_website/.cache/gsv_estrella_fast/panoramas/coarse/z1_K9xtRx72iL0XQSVlq88qRQ.jpg,/home/runner/work/sample_website/sample_website/.cache/gsv_estrella_fast/best_views/coarse/K9xtRx72iL0XQSVlq88qRQ.jpg,
PJFpHvjDWr7lnjOqXHz5fg,19.47442200895917,-99.11632162347495,,,,False,187.8909090909091,22,14,0.6363636363636364,0.5534701347351074,315,-4,left_houses,/home/runner/work/sample_website/sample_website/.cache/gsv_estrella_fast/panoramas/coarse/z1_PJFpHvjDWr7lnjOqXHz5fg.jpg,/home/runner/work/sample_website/sample_website/.cache/gsv_estrella_fast/best_views/coarse/PJFpHvjDWr7lnjOqXHz5fg.jpg,
4KXwGSqEMxZfkfDrKXv0pQ,19.47145741409624,-99.1162708858029,,,,False,187.8909090909091,22,14,0.6363636363636364,0.7178329229354858,45,-4,upper_full,/home/runner/work/sample_website/sample_website/.cache/gsv_estrella_fast/panoramas/coarse/z1_4KXwGSqEMxZfkfDrKXv0pQ.jpg,/home/runner/work/sample_website/sample_website/.cache/gsv_estrella_fast/best_views/coarse/4KXwGSqEMxZfkfDrKXv0pQ.jpg,
VI_vsb-Axt2TqIZouA6bOg,19.47736031098943,-99.1140891964114,,,,False,187.8909090909091,22,14,0.6363636363636364,0.7724137306213379,45,-4,left_houses,/home/runner/work/sample_website/sample_website/.cache/gsv_estrella_fast/panoramas/coarse/z1_VI_vsb-Axt2TqIZouA6bOg.jpg,/home/runner/work/sample_website/sample_website/.cache/gsv_estrella_fast/best_views/coarse/VI_vsb-Axt2TqIZouA6bOg.jpg,
TSW8FvzKaFelUAeYmSMN_w,19.47621371874127,-99.11537542607239,,,,False,187.87288461702843,27,14,0.5185185185185185,0.48421961069107056,225,-4,upper_full,/home/runner/work/sample_website/sample_website/.cache/gsv_estrella_fast/panoramas/coarse/z1_TSW8FvzKaFelUAeYmSMN_w.jpg,/home/runner/work/sample_website/sample_website/.cache/gsv_estrella_fast/best_views/coarse/TSW8FvzKaFelUAeYmSMN_w.jpg,
Z5DFF3trOmF8m24i7d7ieg,19.474371477026,-99.12399072737634,,,,False,187.81666666666666,21,14,0.6666666666666666,0.8576937317848206,0,-4,left_houses,/home/runner/work/sample_website/sample_website/.cache/gsv_estrella_fast/panoramas/coarse/z1_Z5DFF3trOmF8m24i7d7ieg.jpg,/home/runner/work/sample_website/sample_website/.cache/gsv_estrella_fast/best_views/coarse/Z5DFF3trOmF8m24i7d7ieg.jpg,
YcCkHisgNr84wpiLnSGr2A,19.46988548588653,-99.12068020271597,,,,False,187.75,20,14,0.7,0.7586584091186523,270,-4,full,/home/runner/work/sample_website/sample_website/.cache/gsv_estrella_fast/panoramas/coarse/z1_YcCkHisgNr84wpiLnSGr2A.jpg,/home/runner/work/sample_website/sample_website/.cache/gsv_estrella_fast/best_views/coarse/YcCkHisgNr84wpiLnSGr2A.jpg,
RJzRBsjmBR_QeGdAJVIHVw,19.47688883332092,-99.11602479588765,,,,False,187.75,20,14,0.7,0.5786998271942139,315,-4,upper_full,/home/runner/work/sample_website/sample_website/.cache/gsv_estrella_fast/panoramas/coarse/z1_RJzRBsjmBR_QeGdAJVIHVw.jpg,/home/runner/work/sample_website/sample_website/.cache/gsv_estrella_fast/best_views/coarse/RJzRBsjmBR_QeGdAJVIHVw.jpg,
EwVQxRnAUy1Xtzy2xTc8qw,19.47571061698975,-99.1185064131556,,,,False,187.75,20,14,0.7,0.5885499715805054,315,-4,left_houses,/home/runner/work/sample_website/sample_website/.cache/gsv_estrella_fast/panoramas/coarse/z1_EwVQxRnAUy1Xtzy2xTc8qw.jpg,/home/runner/work/sample_website/sample_website/.cache/gsv_estrella_fast/best_views/coarse/EwVQxRnAUy1Xtzy2xTc8qw.jpg,
w66riY65l3WtX6aYFXRHFA,19.47882152942828,-99.1155965252643,,,,False,187.69210526315788,19,14,0.7368421052631579,0.6036525368690491,180,-4,upper_full,/home/runner/work/sample_website/sample_website/.cache/gsv_estrella_fast/panoramas/coarse/z1_w66riY65l3WtX6aYFXRHFA.jpg,/home/runner/work/sample_website/sample_website/.cache/gsv_estrella_fast/best_views/coarse/w66riY65l3WtX6aYFXRHFA.jpg,
j1ohLF8SazpboXlw1D5oYA,19.47638982210053,-99.11459411252795,,,,False,187.42707001652036,28,15,0.5357142857142857,0.06292614340782166,315,-4,left_houses,/home/runner/work/sample_website/sample_website/.cache/gsv_estrella_fast/panoramas/coarse/z1_j1ohLF8SazpboXlw1D5oYA.jpg,/home/runner/work/sample_website/sample_website/.cache/gsv_estrella_fast/best_views/coarse/j1ohLF8SazpboXlw1D5oYA.jpg,
nxo7-0JbXz3QKHSDl9ym_g,19.47795895780017,-99.11608178062043,,,,False,187.37041302052413,22,14,0.6363636363636364,0.48265013098716736,225,-4,left_houses,/home/runner/work/sample_website/sample_website/.cache/gsv_estrella_fast/panoramas/coarse/z1_nxo7-0JbXz3QKHSDl9ym_g.jpg,/home/runner/work/sample_website/sample_website/.cache/gsv_estrella_fast/best_views/coarse/nxo7-0JbXz3QKHSDl9ym_g.jpg,
NwrJ53kiaRAYh5YlOJkn-g,19.47456370057647,-99.11691443773307,,,,False,187.0520162820816,25,14,0.56,0.46340054273605347,135,-4,upper_full,/home/runner/work/sample_website/sample_website/.cache/gsv_estrella_fast/panoramas/coarse/z1_NwrJ53kiaRAYh5YlOJkn-g.jpg,/home/runner/work/sample_website/sample_website/.cache/gsv_estrella_fast/best_views/coarse/NwrJ53kiaRAYh5YlOJkn-g.jpg,
8-kUjJ1GPiBNUy3mCIW9Rg,19.47394898658153,-99.11822350742442,,,,False,187.0128649711609,25,14,0.56,0.4620954990386963,225,-4,left_houses,/home/runner/work/sample_website/sample_website/.cache/gsv_estrella_fast/panoramas/coarse/z1_8-kUjJ1GPiBNUy3mCIW9Rg.jpg,/home/runner/work/sample_website/sample_website/.cache/gsv_estrella_fast/best_views/coarse/8-kUjJ1GPiBNUy3mCIW9Rg.jpg,
mWOLFKfx08IfsQ4nFctRag,19.47858054044584,-99.11491474140735,,,,False,187.00122836020685,31,14,0.45161290322580644,0.44073987007141113,0,-4,left_houses,/home/runner/work/sample_website/sample_website/.cache/gsv_estrella_fast/panoramas/coarse/z1_mWOLFKfx08IfsQ4nFctRag.jpg,/home/runner/work/sample_website/sample_website/.cache/gsv_estrella_fast/best_views/coarse/mWOLFKfx08IfsQ4nFctRag.jpg,
HKiXWZASw0D247XI8AhPaw,19.47520613253221,-99.1240584404395,,,,False,186.9280734208914,26,14,0.5384615384615384,0.45606398582458496,225,-4,left_houses,/home/runner/work/sample_website/sample_website/.cache/gsv_estrella_fast/panoramas/coarse/z1_HKiXWZASw0D247XI8AhPaw.jpg,/home/runner/work/sample_website/sample_website/.cache/gsv_estrella_fast/best_views/coarse/HKiXWZASw0D247XI8AhPaw.jpg,
sc0gVQVgWiHu4j--9Kh5vQ,19.47018938219958,-99.11889358448565,,,,False,186.91420489152273,24,14,0.5833333333333334,0.46186238527297974,270,-4,left_houses,/home/runner/work/sample_website/sample_website/.cache/gsv_estrella_fast/panoramas/coarse/z1_sc0gVQVgWiHu4j--9Kh5vQ.jpg,/home/runner/work/sample_website/sample_website/.cache/gsv_estrella_fast/best_views/coarse/sc0gVQVgWiHu4j--9Kh5vQ.jpg,
PDgpYYWUsbnqq0eZpqDGRg,19.47369356195967,-99.11451847199008,,,,False,186.83248613852044,27,14,0.5185185185185185,0.4495396614074707,270,-4,full,/home/runner/work/sample_website/sample_website/.cache/gsv_estrella_fast/panoramas/coarse/z1_PDgpYYWUsbnqq0eZpqDGRg.jpg,/home/runner/work/sample_website/sample_website/.cache/gsv_estrella_fast/best_views/coarse/PDgpYYWUsbnqq0eZpqDGRg.jpg,
7QhxZn8NCx7bhl91F83wMw,19.47103278747888,-99.12062405896796,,,,False,186.51980752764325,33,14,0.42424242424242425,0.41697338223457336,135,-4,left_houses,/home/runner/work/sample_website/sample_website/.cache/gsv_estrella_fast/panoramas/coarse/z1_7QhxZn8NCx7bhl91F83wMw.jpg,/home/runner/work/sample_website/sample_website/.cache/gsv_estrella_fast/best_views/coarse/7QhxZn8NCx7bhl91F83wMw.jpg,
0QFYM6O1Z0IXwamqe2v-DQ,19.47594266554577,-99.11503470320172,,,,False,186.37608949917336,27,14,0.5185185185185185,0.4343264400959015,315,-4,full,/home/runner/work/sample_website/sample_website/.cache/gsv_estrella_fast/panoramas/coarse/z1_0QFYM6O1Z0IXwamqe2v-DQ.jpg,/home/runner/work/sample_website/sample_website/.cache/gsv_estrella_fast/best_views/coarse/0QFYM6O1Z0IXwamqe2v-DQ.jpg,
fBOGSGYO-3y9cY6PVUNEYQ,19.47264039452247,-99.11632069483174,,,,False,185.91550405543782,23,14,0.6086956521739131,0.43145883083343506,0,-4,left_houses,/home/runner/work/sample_website/sample_website/.cache/gsv_estrella_fast/panoramas/coarse/z1_fBOGSGYO-3y9cY6PVUNEYQ.jpg,/home/runner/work/sample_website/sample_website/.cache/gsv_estrella_fast/best_views/coarse/fBOGSGYO-3y9cY6PVUNEYQ.jpg,
fffstLTHHoP7y5GbyCIZhg,19.47680857582729,-99.12343779579523,,,,False,185.34964297789116,27,14,0.5185185185185185,0.4001115560531616,180,-4,left_houses,/home/runner/work/sample_website/sample_website/.cache/gsv_estrella_fast/panoramas/coarse/z1_fffstLTHHoP7y5GbyCIZhg.jpg,/home/runner/work/sample_website/sample_website/.cache/gsv_estrella_fast/best_views/coarse/fffstLTHHoP7y5GbyCIZhg.jpg,
UWb2ikFwPVoHGaVj0f9QHA,19.47504512117084,-99.1212777772645,,,,False,185.01329128521462,27,14,0.5185185185185185,0.3888998329639435,315,-4,upper_full,/home/runner/work/sample_website/sample_website/.cache/gsv_estrella_fast/panoramas/coarse/z1_UWb2ikFwPVoHGaVj0f9QHA.jpg,/home/runner/work/sample_website/sample_website/.cache/gsv_estrella_fast/best_views/coarse/UWb2ikFwPVoHGaVj0f9QHA.jpg,
MjcjjPl66dsxhc1HcRVutQ,19.47305991723152,-99.11522245516859,,,,False,184.74020667401228,22,14,0.6363636363636364,0.39497658610343933,135,-4,upper_full,/home/runner/work/sample_website/sample_website/.cache/gsv_estrella_fast/panoramas/coarse/z1_MjcjjPl66dsxhc1HcRVutQ.jpg,/home/runner/work/sample_website/sample_website/.cache/gsv_estrella_fast/best_views/coarse/MjcjjPl66dsxhc1HcRVutQ.jpg,
mbmikWpgWSE4Nxq8KDBUDg,19.47909782381295,-99.11842696981564,,,,False,184.62811051607133,32,14,0.4375,0.3578120172023773,180,-4,left_houses,/home/runner/work/sample_website/sample_website/.cache/gsv_estrella_fast/panoramas/coarse/z1_mbmikWpgWSE4Nxq8KDBUDg.jpg,/home/runner/work/sample_website/sample_website/.cache/gsv_estrella_fast/best_views/coarse/mbmikWpgWSE4Nxq8KDBUDg.jpg,
T4S_avd-gvs_jGPO636aCw,19.47505582583976,-99.12112268437293,,,,False,183.5017773548762,21,14,0.6666666666666666,0.3561703562736511,135,-4,left_houses,/home/runner/work/sample_website/sample_website/.cache/gsv_estrella_fast/panoramas/coarse/z1_T4S_avd-gvs_jGPO636aCw.jpg,/home/runner/work/sample_website/sample_website/.cache/gsv_estrella_fast/best_views/coarse/T4S_avd-gvs_jGPO636aCw.jpg,
laOpoR5OVYN0Pw50EUdgoQ,19.47992909590359,-99.11872785871707,,,,False,183.40972932577134,25,14,0.56,0.34199097752571106,180,-4,left_houses,/home/runner/work/sample_website/sample_website/.cache/gsv_estrella_fast/panoramas/coarse/z1_laOpoR5OVYN0Pw50EUdgoQ.jpg,/home/runner/work/sample_website/sample_website/.cache/gsv_estrella_fast/best_views/coarse/laOpoR5OVYN0Pw50EUdgoQ.jpg,
UTgMf91HQDde4ICCnOVUpw,19.47323004608042,-99.11515517170163,,,,False,182.9660782965747,22,14,0.6363636363636364,0.3358389735221863,0,-4,left_houses,/home/runner/work/sample_website/sample_website/.cache/gsv_estrella_fast/panoramas/coarse/z1_UTgMf91HQDde4ICCnOVUpw.jpg,/home/runner/work/sample_website/sample_website/.cache/gsv_estrella_fast/best_views/coarse/UTgMf91HQDde4ICCnOVUpw.jpg,
X6HRrpg4EJveleEJlD_GSQ,19.46998270178718,-99.12117038574733,,,,False,182.4086525440216,20,14,0.7,0.3219550848007202,270,-4,left_houses,/home/runner/work/sample_website/sample_website/.cache/gsv_estrella_fast/panoramas/coarse/z1_X6HRrpg4EJveleEJlD_GSQ.jpg,/home/runner/work/sample_website/sample_website/.cache/gsv_estrella_fast/best_views/coarse/X6HRrpg4EJveleEJlD_GSQ.jpg,
m4tyRPEfp4tswmkzqN1tUw,19.47337646184615,-99.12357406533937,,,,False,182.26855003436407,24,14,0.5833333333333334,0.30700722336769104,45,-4,right_depth,/home/runner/work/sample_website/sample_website/.cache/gsv_estrella_fast/panoramas/coarse/z1_m4tyRPEfp4tswmkzqN1tUw.jpg,/home/runner/work/sample_website/sample_website/.cache/gsv_estrella_fast/best_views/coarse/m4tyRPEfp4tswmkzqN1tUw.jpg,
p7zQU3H26u07FWK4Fp1CbA,19.47455088234464,-99.11537120501703,,,,False,181.72533269203626,26,14,0.5384615384615384,0.2826392948627472,0,-4,left_houses,/home/runner/work/sample_website/sample_website/.cache/gsv_estrella_fast/panoramas/coarse/z1_p7zQU3H26u07FWK4Fp1CbA.jpg,/home/runner/work/sample_website/sample_website/.cache/gsv_estrella_fast/best_views/coarse/p7zQU3H26u07FWK4Fp1CbA.jpg,
5ov_PczPv-PP2NYT9griKQ,19.4756864291306,-99.12319320352238,,,,False,179.26862301826478,25,14,0.56,0.20395410060882568,315,-4,street_depth,/home/runner/work/sample_website/sample_website/.cache/gsv_estrella_fast/panoramas/coarse/z1_5ov_PczPv-PP2NYT9griKQ.jpg,/home/runner/work/sample_website/sample_website/.cache/gsv_estrella_fast/best_views/coarse/5ov_PczPv-PP2NYT9griKQ.jpg,
xaZ0PdCLCriaX4bq5FSwcQ,19.47071865888658,-99.11874862718476,,,,False,179.22588342030843,24,14,0.5833333333333334,0.20558500289916992,225,-4,left_houses,/home/runner/work/sample_website/sample_website/.cache/gsv_estrella_fast/panoramas/coarse/z1_xaZ0PdCLCriaX4bq5FSwcQ.jpg,/home/runner/work/sample_website/sample_website/.cache/gsv_estrella_fast/best_views/coarse/xaZ0PdCLCriaX4bq5FSwcQ.jpg,
woUNqrHiCXlWQJjIghQO5g,19.47674143923112,-99.11977346490754,,,,False,178.95885224617444,26,14,0.5384615384615384,0.19042328000068665,45,-4,left_houses,/home/runner/work/sample_website/sample_website/.cache/gsv_estrella_fast/panoramas/coarse/z1_woUNqrHiCXlWQJjIghQO5g.jpg,/home/runner/work/sample_website/sample_website/.cache/gsv_estrella_fast/best_views/coarse/woUNqrHiCXlWQJjIghQO5g.jpg,
wfa43qoMjY8xX_lgCVfRhw,19.47730824989877,-99.11540320062223,,,,False,178.17704324501534,27,14,0.5185185185185185,0.16102489829063416,45,-4,left_houses,/home/runner/work/sample_website/sample_website/.cache/gsv_estrella_fast/panoramas/coarse/z1_wfa43qoMjY8xX_lgCVfRhw.jpg,/home/runner/work/sample_website/sample_website/.cache/gsv_estrella_fast/best_views/coarse/wfa43qoMjY8xX_lgCVfRhw.jpg,
010tVa94CS6FwjE1f6ddFw,19.47460043029491,-99.12035592034887,,,,False,177.30277777777778,36,13,0.3611111111111111,0.6567296981811523,270,-4,left_houses,/home/runner/work/sample_website/sample_website/.cache/gsv_estrella_fast/panoramas/coarse/z1_010tVa94CS6FwjE1f6ddFw.jpg,/home/runner/work/sample_website/sample_website/.cache/gsv_estrella_fast/best_views/coarse/010tVa94CS6FwjE1f6ddFw.jpg,
eGpia8FAyn_CvbNak9vK_A,19.47853601821975,-99.12080414123477,,,,False,177.17857142857142,35,13,0.37142857142857144,0.6178029775619507,270,-4,left_houses,/home/runner/work/sample_website/sample_website/.cache/gsv_estrella_fast/panoramas/coarse/z1_eGpia8FAyn_CvbNak9vK_A.jpg,/home/runner/work/sample_website/sample_website/.cache/gsv_estrella_fast/best_views/coarse/eGpia8FAyn_CvbNak9vK_A.jpg,
vhdi24j8xAiPcuZDWgQuoQ,19.47146536408102,-99.11550509700184,,,,False,177.17857142857142,35,13,0.37142857142857144,0.6738668084144592,270,-4,street_depth,/home/runner/work/sample_website/sample_website/.cache/gsv_estrella_fast/panoramas/coarse/z1_vhdi24j8xAiPcuZDWgQuoQ.jpg,/home/runner/work/sample_website/sample_website/.cache/gsv_estrella_fast/best_views/coarse/vhdi24j8xAiPcuZDWgQuoQ.jpg,
LcemJMBLg4FbICAuXbG2YQ,19.47950130117362,-99.1164405743167,,,,False,177.05588235294118,34,13,0.38235294117647056,0.5803996324539185,90,-4,full,/home/runner/work/sample_website/sample_website/.cache/gsv_estrella_fast/panoramas/coarse/z1_LcemJMBLg4FbICAuXbG2YQ.jpg,/home/runner/work/sample_website/sample_website/.cache/gsv_estrella_fast/best_views/coarse/LcemJMBLg4FbICAuXbG2YQ.jpg,
msEL8nosYmLIPRQkom8BtA,19.46986510759292,-99.11873630118295,,,,False,176.9407860599066,38,13,0.34210526315789475,0.4795174300670624,135,-4,left_houses,/home/runner/work/sample_website/sample_website/.cache/gsv_estrella_fast/panoramas/coarse/z1_msEL8nosYmLIPRQkom8BtA.jpg,/home/runner/work/sample_website/sample_website/.cache/gsv_estrella_fast/best_views/coarse/msEL8nosYmLIPRQkom8BtA.jpg,
BxLetWutLdnLnYIPKA7kTA,19.47127694030883,-99.12199845237625,,,,False,176.9348484848485,33,13,0.3939393939393939,0.6338822245597839,270,-4,full,/home/runner/work/sample_website/sample_website/.cache/gsv_estrella_fast/panoramas/coarse/z1_BxLetWutLdnLnYIPKA7kTA.jpg,/home/runner/work/sample_website/sample_website/.cache/gsv_estrella_fast/best_views/coarse/BxLetWutLdnLnYIPKA7kTA.jpg,
3CZU_J_QKj7-d2c_5I9n6g,19.47486918993955,-99.11725879881988,,,,False,176.9348484848485,33,13,0.3939393939393939,0.5887352824211121,270,-4,street_depth,/home/runner/work/sample_website/sample_website/.cache/gsv_estrella_fast/panoramas/coarse/z1_3CZU_J_QKj7-d2c_5I9n6g.jpg,/home/runner/work/sample_website/sample_website/.cache/gsv_estrella_fast/best_views/coarse/3CZU_J_QKj7-d2c_5I9n6g.jpg,
Si2A3qSRe5bgz9PRmksCcw,19.47265519364887,-99.11374256967417,,,,False,176.91531216845368,33,13,0.3939393939393939,0.49934878945350647,315,-4,full,/home/runner/work/sample_website/sample_website/.cache/gsv_estrella_fast/panoramas/coarse/z1_Si2A3qSRe5bgz9PRmksCcw.jpg,/home/runner/work/sample_website/sample_website/.cache/gsv_estrella_fast/best_views/coarse/Si2A3qSRe5bgz9PRmksCcw.jpg,
V1RV2ihqrGoPPDIBELpQBA,19.47417931556947,-99.11322845729056,,,,False,176.8984080195427,16,14,0.875,0.14369693398475647,270,-4,left_houses,/home/runner/work/sample_website/sample_website/.cache/gsv_estrella_fast/panoramas/coarse/z1_V1RV2ihqrGoPPDIBELpQBA.jpg,/home/runner/work/sample_website/sample_website/.cache/gsv_estrella_fast/best_views/coarse/V1RV2ihqrGoPPDIBELpQBA.jpg,
hkmhrhlWeXiqcRrIp6xnww,19.47372373615265,-99.12141345213134,,,,False,176.815625,32,13,0.40625,0.7879166603088379,225,-4,full,/home/runner/work/sample_website/sample_website/.cache/gsv_estrella_fast/panoramas/coarse/z1_hkmhrhlWeXiqcRrIp6xnww.jpg,/home/runner/work/sample_website/sample_website/.cache/gsv_estrella_fast/best_views/coarse/hkmhrhlWeXiqcRrIp6xnww.jpg,
xZd6uD67hFesrtsC3As6Wg,19.47684626809165,-99.11756567738219,,,,False,176.815625,32,13,0.40625,0.5219299793243408,180,-4,full,/home/runner/work/sample_website/sample_website/.cache/gsv_estrella_fast/panoramas/coarse/z1_xZd6uD67hFesrtsC3As6Wg.jpg,/home/runner/work/sample_website/sample_website/.cache/gsv_estrella_fast/best_views/coarse/xZd6uD67hFesrtsC3As6Wg.jpg,
Oj9B1zqFFddpERTTy5EzCA,19.47497510342149,-99.12191672600576,,,,False,176.6983870967742,31,13,0.41935483870967744,0.5093309283256531,180,-4,left_houses,/home/runner/work/sample_website/sample_website/.cache/gsv_estrella_fast/panoramas/coarse/z1_Oj9B1zqFFddpERTTy5EzCA.jpg,/home/runner/work/sample_website/sample_website/.cache/gsv_estrella_fast/best_views/coarse/Oj9B1zqFFddpERTTy5EzCA.jpg,
Jy77TcWsa9LwtgjrRZ_lGQ,19.47190644460311,-99.12172254178317,,,,False,176.6983870967742,31,13,0.41935483870967744,0.6333630084991455,225,-4,left_houses,/home/runner/work/sample_website/sample_website/.cache/gsv_estrella_fast/panoramas/coarse/z1_Jy77TcWsa9LwtgjrRZ_lGQ.jpg,/home/runner/work/sample_website/sample_website/.cache/gsv_estrella_fast/best_views/coarse/Jy77TcWsa9LwtgjrRZ_lGQ.jpg,
56qLef4jhab6Sja8E6iZJw,19.47808912360801,-99.11944656903442,,,,False,176.68519110547172,36,13,0.3611111111111111,0.479413777589798,270,-4,full,/home/runner/work/sample_website/sample_website/.cache/gsv_estrella_fast/panoramas/coarse/z1_56qLef4jhab6Sja8E6iZJw.jpg,/home/runner/work/sample_website/sample_website/.cache/gsv_estrella_fast/best_views/coarse/56qLef4jhab6Sja8E6iZJw.jpg,
igerfR8NRzOT7O4rYMgMUA,19.47769974794689,-99.11618916529409,,,,False,176.4706896551724,29,13,0.4482758620689655,0.6611549854278564,315,-4,street_depth,/home/runner/work/sample_website/sample_website/.cache/gsv_estrella_fast/panoramas/coarse/z1_igerfR8NRzOT7O4rYMgMUA.jpg,/home/runner/work/sample_website/sample_website/.cache/gsv_estrella_fast/best_views/coarse/igerfR8NRzOT7O4rYMgMUA.jpg,
lt6jxAjV32_saTyDcoXlLQ,19.47526555544559,-99.11529328437511,,,,False,176.4706896551724,29,13,0.4482758620689655,0.757568359375,180,-4,left_houses,/home/runner/work/sample_website/sample_website/.cache/gsv_estrella_fast/panoramas/coarse/z1_lt6jxAjV32_saTyDcoXlLQ.jpg,/home/runner/work/sample_website/sample_website/.cache/gsv_estrella_fast/best_views/coarse/lt6jxAjV32_saTyDcoXlLQ.jpg,
kblzehkf2psUyUR15vLCuw,19.47102297984469,-99.12246525677082,,,,False,176.36071428571427,28,13,0.4642857142857143,0.6439908742904663,90,-4,left_houses,/home/runner/work/sample_website/sample_website/.cache/gsv_estrella_fast/panoramas/coarse/z1_kblzehkf2psUyUR15vLCuw.jpg,/home/runner/work/sample_website/sample_website/.cache/gsv_estrella_fast/best_views/coarse/kblzehkf2psUyUR15vLCuw.jpg,
RWY8yt-x5EGFAIDpG03dEw,19.47752920550641,-99.11625568983419,,,,False,176.36071428571427,28,13,0.4642857142857143,0.5847045183181763,0,-4,full,/home/runner/work/sample_website/sample_website/.cache/gsv_estrella_fast/panoramas/coarse/z1_RWY8yt-x5EGFAIDpG03dEw.jpg,/home/runner/work/sample_website/sample_website/.cache/gsv_estrella_fast/best_views/coarse/RWY8yt-x5EGFAIDpG03dEw.jpg,
DqG5XLPVm2oqKIQ8gDshhQ,19.47799226658255,-99.118075934197,,,,False,176.36071428571427,28,13,0.4642857142857143,0.6591574549674988,315,-4,street_depth,/home/runner/work/sample_website/sample_website/.cache/gsv_estrella_fast/panoramas/coarse/z1_DqG5XLPVm2oqKIQ8gDshhQ.jpg,/home/runner/work/sample_website/sample_website/.cache/gsv_estrella_fast/best_views/coarse/DqG5XLPVm2oqKIQ8gDshhQ.jpg,
2sDfIyCE0Fjd46zCIMikFg,19.47571828646329,-99.11464940783257,,,,False,176.2537037037037,27,13,0.48148148148148145,0.5351905822753906,0,-4,left_houses,/home/runner/work/sample_website/sample_website/.cache/gsv_estrella_fast/panoramas/coarse/z1_2sDfIyCE0Fjd46zCIMikFg.jpg,/home/runner/work/sample_website/sample_website/.cache/gsv_estrella_fast/best_views/coarse/2sDfIyCE0Fjd46zCIMikFg.jpg,
RLgFz01EQhrZvMZyFg3Bng,19.47881160329201,-99.11821768216026,,,,False,176.15,26,13,0.5,0.6732295751571655,135,-4,left_houses,/home/runner/work/sample_website/sample_website/.cache/gsv_estrella_fast/panoramas/coarse/z1_RLgFz01EQhrZvMZyFg3Bng.jpg,/home/runner/work/sample_website/sample_website/.cache/gsv_estrella_fast/best_views/coarse/RLgFz01EQhrZvMZyFg3Bng.jpg,
lin3JtUzjHOw_skpXTUR5A,19.47908911071179,-99.12176441799298,,,,False,176.05,25,13,0.52,0.6716212630271912,180,-4,left_houses,/home/runner/work/sample_website/sample_website/.cache/gsv_estrella_fast/panoramas/coarse/z1_lin3JtUzjHOw_skpXTUR5A.jpg,/home/runner/work/sample_website/sample_website/.cache/gsv_estrella_fast/best_views/coarse/lin3JtUzjHOw_skpXTUR5A.jpg,
ORIVOPV-cXd3RO_p6HIxKA,19.47862747839394,-99.11677978358115,,,,False,176.05,25,13,0.52,0.7655647993087769,180,-4,left_houses,/home/runner/work/sample_website/sample_website/.cache/gsv_estrella_fast/panoramas/coarse/z1_ORIVOPV-cXd3RO_p6HIxKA.jpg,/home/runner/work/sample_website/sample_website/.cache/gsv_estrella_fast/best_views/coarse/ORIVOPV-cXd3RO_p6HIxKA.jpg,
UM_aTvnJ_ThEld4oVyKcug,19.46946259522374,-99.11842561902628,,,,False,176.05,25,13,0.52,0.5952045917510986,0,-4,upper_full,/home/runner/work/sample_website/sample_website/.cache/gsv_estrella_fast/panoramas/coarse/z1_UM_aTvnJ_ThEld4oVyKcug.jpg,/home/runner/work/sample_website/sample_website/.cache/gsv_estrella_fast/best_views/coarse/UM_aTvnJ_ThEld4oVyKcug.jpg,
MZ3iQMpQ7zrgjfzfs5ZHDg,19.47822999924249,-99.11484298391068,,,,False,176.05,25,13,0.52,0.636921226978302,135,-4,street_depth,/home/runner/work/sample_website/sample_website/.cache/gsv_estrella_fast/panoramas/coarse/z1_MZ3iQMpQ7zrgjfzfs5ZHDg.jpg,/home/runner/work/sample_website/sample_website/.cache/gsv_estrella_fast/best_views/coarse/MZ3iQMpQ7zrgjfzfs5ZHDg.jpg,
IDCGEycZZITkxIQX6uZEkw,19.47888075453168,-99.11841211113384,,,,False,175.95416666666665,24,13,0.5416666666666666,0.7595883011817932,180,-4,left_houses,/home/runner/work/sample_website/sample_website/.cache/gsv_estrella_fast/panoramas/coarse/z1_IDCGEycZZITkxIQX6uZEkw.jpg,/home/runner/work/sample_website/sample_website/.cache/gsv_estrella_fast/best_views/coarse/IDCGEycZZITkxIQX6uZEkw.jpg,
yPamtmBUv_KVeZGz60nOEw,19.46947919355678,-99.11748133842455,,,,False,175.95416666666665,24,13,0.5416666666666666,0.6287181973457336,270,-4,left_houses,/home/runner/work/sample_website/sample_website/.cache/gsv_estrella_fast/panoramas/coarse/z1_yPamtmBUv_KVeZGz60nOEw.jpg,/home/runner/work/sample_website/sample_website/.cache/gsv_estrella_fast/best_views/coarse/yPamtmBUv_KVeZGz60nOEw.jpg,
5DMaq4HCLDBaEH1HuqeARA,19.47258107930806,-99.11911376474488,,,,False,175.86304347826086,23,13,0.5652173913043478,0.6789601445198059,90,-4,full,/home/runner/work/sample_website/sample_website/.cache/gsv_estrella_fast/panoramas/coarse/z1_5DMaq4HCLDBaEH1HuqeARA.jpg,/home/runner/work/sample_website/sample_website/.cache/gsv_estrella_fast/best_views/coarse/5DMaq4HCLDBaEH1HuqeARA.jpg,
TUmEsTR5x7A6RXKauY84-w,19.4783919986668,-99.11701397220202,,,,False,175.77727272727273,22,13,0.5909090909090909,0.6655732989311218,315,-4,full,/home/runner/work/sample_website/sample_website/.cache/gsv_estrella_fast/panoramas/coarse/z1_TUmEsTR5x7A6RXKauY84-w.jpg,/home/runner/work/sample_website/sample_website/.cache/gsv_estrella_fast/best_views/coarse/TUmEsTR5x7A6RXKauY84-w.jpg,
2P1NrLTwrB1tKFvXu_0aAQ,19.47284352341727,-99.11395285863301,,,,False,175.77727272727273,22,13,0.5909090909090909,0.8823379874229431,135,-4,left_houses,/home/runner/work/sample_website/sample_website/.cache/gsv_estrella_fast/panoramas/coarse/z1_2P1NrLTwrB1tKFvXu_0aAQ.jpg,/home/runner/work/sample_website/sample_website/.cache/gsv_estrella_fast/best_views/coarse/2P1NrLTwrB1tKFvXu_0aAQ.jpg,
DwSLmf2Ayvp5aSpUWI2xEg,19.4740327281743,-99.1184282361807,,,,False,175.69761904761904,21,13,0.6190476190476191,0.5555123686790466,90,-4,left_houses,/home/runner/work/sample_website/sample_website/.cache/gsv_estrella_fast/panoramas/coarse/z1_DwSLmf2Ayvp5aSpUWI2xEg.jpg,/home/runner/work/sample_website/sample_website/.cache/gsv_estrella_fast/best_views/coarse/DwSLmf2Ayvp5aSpUWI2xEg.jpg,
xsfC6SlgaFV3REwrURzOKw,19.4725991528528,-99.1158687845607,,,,False,175.69761904761904,21,13,0.6190476190476191,0.6405401229858398,270,-4,street_depth,/home/runner/work/sample_website/sample_website/.cache/gsv_estrella_fast/panoramas/coarse/z1_xsfC6SlgaFV3REwrURzOKw.jpg,/home/runner/work/sample_website/sample_website/.cache/gsv_estrella_fast/best_views/coarse/xsfC6SlgaFV3REwrURzOKw.jpg,
fOsO9WbyirGivrn9ihSymg,19.47217871983331,-99.11363569480747,,,,False,175.625,20,13,0.65,0.8811487555503845,225,-4,left_houses,/home/runner/work/sample_website/sample_website/.cache/gsv_estrella_fast/panoramas/coarse/z1_fOsO9WbyirGivrn9ihSymg.jpg,/home/runner/work/sample_website/sample_website/.cache/gsv_estrella_fast/best_views/coarse/fOsO9WbyirGivrn9ihSymg.jpg,
8Wh5Wl3VdmeFMnABDYfqfA,19.47638012829731,-99.12037863104715,,,,False,175.4709993264892,22,13,0.5909090909090909,0.4897908866405487,180,-4,street_depth,/home/runner/work/sample_website/sample_website/.cache/gsv_estrella_fast/panoramas/coarse/z1_8Wh5Wl3VdmeFMnABDYfqfA.jpg,/home/runner/work/sample_website/sample_website/.cache/gsv_estrella_fast/best_views/coarse/8Wh5Wl3VdmeFMnABDYfqfA.jpg,
4TfLSeG0dZb25KQMJ2SOdw,19.47710491256868,-99.12176821724698,,,,False,175.46176470588236,17,13,0.7647058823529411,0.8472339510917664,0,-4,full,/home/runner/work/sample_website/sample_website/.cache/gsv_estrella_fast/panoramas/coarse/z1_4TfLSeG0dZb25KQMJ2SOdw.jpg,/home/runner/work/sample_website/sample_website/.cache/gsv_estrella_fast/best_views/coarse/4TfLSeG0dZb25KQMJ2SOdw.jpg,
AHtQfT-pL_QKdfiW5eZGPw,19.47424863030061,-99.11569192143921,,,,False,174.71224757035574,30,13,0.43333333333333335,0.43763047456741333,315,-4,left_houses,/home/runner/work/sample_website/sample_website/.cache/gsv_estrella_fast/panoramas/coarse/z1_AHtQfT-pL_QKdfiW5eZGPw.jpg,/home/runner/work/sample_website/sample_website/.cache/gsv_estrella_fast/best_views/coarse/AHtQfT-pL_QKdfiW5eZGPw.jpg,
KCRVy4XpZ3ytBZ6KHczsEA,19.47305550703185,-99.12082600779176,,,,False,174.53443529889697,21,13,0.6190476190476191,0.4612272083759308,270,-4,left_houses,/home/runner/work/sample_website/sample_website/.cache/gsv_estrella_fast/panoramas/coarse/z1_KCRVy4XpZ3ytBZ6KHczsEA.jpg,/home/runner/work/sample_website/sample_website/.cache/gsv_estrella_fast/best_views/coarse/KCRVy4XpZ3ytBZ6KHczsEA.jpg,
5AJKSlVTdo96ledJQMLARA,19.47706278288927,-99.12281310338194,,,,False,174.48415653926355,27,13,0.48148148148148145,0.4410150945186615,135,-4,street_depth,/home/runner/work/sample_website/sample_website/.cache/gsv_estrella_fast/panoramas/coarse/z1_5AJKSlVTdo96ledJQMLARA.jpg,/home/runner/work/sample_website/sample_website/.cache/gsv_estrella_fast/best_views/coarse/5AJKSlVTdo96ledJQMLARA.jpg,
C0pVvK1LOF-14vqJCIXbQg,19.47556193720532,-99.11379246154482,,,,False,173.82226099967957,26,13,0.5,0.42240869998931885,135,-4,street_depth,/home/runner/work/sample_website/sample_website/.cache/gsv_estrella_fast/panoramas/coarse/z1_C0pVvK1LOF-14vqJCIXbQg.jpg,/home/runner/work/sample_website/sample_website/.cache/gsv_estrella_fast/best_views/coarse/C0pVvK1LOF-14vqJCIXbQg.jpg,
G4HtyqM8dJxe_rLG57GwKw,19.47192463156409,-99.12316914115424,,,,False,173.8009262084961,20,13,0.65,0.4391975402832031,45,-4,full,/home/runner/work/sample_website/sample_website/.cache/gsv_estrella_fast/panoramas/coarse/z1_G4HtyqM8dJxe_rLG57GwKw.jpg,/home/runner/work/sample_website/sample_website/.cache/gsv_estrella_fast/best_views/coarse/G4HtyqM8dJxe_rLG57GwKw.jpg,
2b1b_wTQrCZizuTYtDbJIA,19.47659087664457,-99.11479992944363,,,,False,173.45633702278138,32,13,0.40625,0.3880237340927124,0,-4,left_houses,/home/runner/work/sample_website/sample_website/.cache/gsv_estrella_fast/panoramas/coarse/z1_2b1b_wTQrCZizuTYtDbJIA.jpg,/home/runner/work/sample_website/sample_website/.cache/gsv_estrella_fast/best_views/coarse/2b1b_wTQrCZizuTYtDbJIA.jpg,
NFZyIPgPgthdX3D6F7S-cQ,19.47200268353779,-99.11377735046733,,,,False,172.56888791833603,28,13,0.4642857142857143,0.37360578775405884,225,-4,street_depth,/home/runner/work/sample_website/sample_website/.cache/gsv_estrella_fast/panoramas/coarse/z1_NFZyIPgPgthdX3D6F7S-cQ.jpg,/home/runner/work/sample_website/sample_website/.cache/gsv_estrella_fast/best_views/coarse/NFZyIPgPgthdX3D6F7S-cQ.jpg,
07Oo3q56ZihPm6Um_NiOcQ,19.47371512926124,-99.11753241455943,,,,False,172.447742070935,22,13,0.5909090909090909,0.38901564478874207,45,-4,left_houses,/home/runner/work/sample_website/sample_website/.cache/gsv_estrella_fast/panoramas/coarse/z1_07Oo3q56ZihPm6Um_NiOcQ.jpg,/home/runner/work/sample_website/sample_website/.cache/gsv_estrella_fast/best_views/coarse/07Oo3q56ZihPm6Um_NiOcQ.jpg,
xNQY8fpNBW41yYzq8hehUg,19.47657756977511,-99.1143219419991,,,,False,172.30005543231965,25,13,0.52,0.37500184774398804,180,-4,full,/home/runner/work/sample_website/sample_website/.cache/gsv_estrella_fast/panoramas/coarse/z1_xNQY8fpNBW41yYzq8hehUg.jpg,/home/runner/work/sample_website/sample_website/.cache/gsv_estrella_fast/best_views/coarse/xNQY8fpNBW41yYzq8hehUg.jpg,
qLa-9D0T9IcdrxFRmYsWpQ,19.47828272801641,-99.11783220258167,,,,False,172.16834917579376,28,13,0.4642857142857143,0.3602544963359833,270,-4,left_houses,/home/runner/work/sample_website/sample_website/.cache/gsv_estrella_fast/panoramas/coarse/z1_qLa-9D0T9IcdrxFRmYsWpQ.jpg,/home/runner/work/sample_website/sample_website/.cache/gsv_estrella_fast/best_views/coarse/qLa-9D0T9IcdrxFRmYsWpQ.jpg,
JtpU-SQgkYfm7MntDAP5Dg,19.47211011817301,-99.12205088225093,,,,False,172.1468183596929,30,13,0.43333333333333335,0.3521161675453186,315,-4,street_depth,/home/runner/work/sample_website/sample_website/.cache/gsv_estrella_fast/panoramas/coarse/z1_JtpU-SQgkYfm7MntDAP5Dg.jpg,/home/runner/work/sample_website/sample_website/.cache/gsv_estrella_fast/best_views/coarse/JtpU-SQgkYfm7MntDAP5Dg.jpg,
3l7Kt9rsEzaTJ0f4XuF7Vw,19.47676669518003,-99.11859742273253,,,,False,172.05653205134652,22,13,0.5909090909090909,0.3759753108024597,90,-4,left_houses,/home/runner/work/sample_website/sample_website/.cache/gsv_estrella_fast/panoramas/coarse/z1_3l7Kt9rsEzaTJ0f4XuF7Vw.jpg,/home/runner/work/sample_website/sample_website/.cache/gsv_estrella_fast/best_views/coarse/3l7Kt9rsEzaTJ0f4XuF7Vw.jpg,
YK7uf7evUNw34DxBlXKXtg,19.47661823758749,-99.1132479580447,,,,False,171.6914327979088,26,13,0.5,0.3513810932636261,270,-4,right_depth,/home/runner/work/sample_website/sample_website/.cache/gsv_estrella_fast/panoramas/coarse/z1_YK7uf7evUNw34DxBlXKXtg.jpg,/home/runner/work/sample_website/sample_website/.cache/gsv_estrella_fast/best_views/coarse/YK7uf7evUNw34DxBlXKXtg.jpg,
todY4iRjLeqt_r7qZuAacQ,19.47142503117653,-99.1222431254192,,,,False,171.3187055251815,22,13,0.5909090909090909,0.3513810932636261,315,-4,right_depth,/home/runner/work/sample_website/sample_website/.cache/gsv_estrella_fast/panoramas/coarse/z1_todY4iRjLeqt_r7qZuAacQ.jpg,/home/runner/work/sample_website/sample_website/.cache/gsv_estrella_fast/best_views/coarse/todY4iRjLeqt_r7qZuAacQ.jpg,
xqrPRC-NS-merpf0gySFsw,19.47418585154606,-99.12222159618763,,,,False,170.0263736374238,17,13,0.7647058823529411,0.3188202977180481,315,-4,right_depth,/home/runner/work/sample_website/sample_website/.cache/gsv_estrella_fast/panoramas/coarse/z1_xqrPRC-NS-merpf0gySFsw.jpg,/home/runner/work/sample_website/sample_website/.cache/gsv_estrella_fast/best_views/coarse/xqrPRC-NS-merpf0gySFsw.jpg,
mxu3uZSfbCpzDQw_pyPXBg,19.47429895934792,-99.11919236451666,,,,False,168.93408941229185,30,13,0.43333333333333335,0.24502520263195038,225,-4,left_houses,/home/runner/work/sample_website/sample_website/.cache/gsv_estrella_fast/panoramas/coarse/z1_mxu3uZSfbCpzDQw_pyPXBg.jpg,/home/runner/work/sample_website/sample_website/.cache/gsv_estrella_fast/best_views/coarse/mxu3uZSfbCpzDQw_pyPXBg.jpg,
FRuxd6QpOS7TgeGiq2DJQA,19.47920645462981,-99.11671596012513,,,,False,167.22025932470956,24,13,0.5416666666666666,0.20886975526809692,0,-4,left_houses,/home/runner/work/sample_website/sample_website/.cache/gsv_estrella_fast/panoramas/coarse/z1_FRuxd6QpOS7TgeGiq2DJQA.jpg,/home/runner/work/sample_website/sample_website/.cache/gsv_estrella_fast/best_views/coarse/FRuxd6QpOS7TgeGiq2DJQA.jpg,
67YOQQn96m-SwW6rYdcFlA,19.47033116047334,-99.11842198877996,,,,False,164.98235294117646,34,12,0.35294117647058826,0.5947966575622559,225,-4,upper_full,/home/runner/work/sample_website/sample_website/.cache/gsv_estrella_fast/panoramas/coarse/z1_67YOQQn96m-SwW6rYdcFlA.jpg,/home/runner/work/sample_website/sample_website/.cache/gsv_estrella_fast/best_views/coarse/67YOQQn96m-SwW6rYdcFlA.jpg,
pZY0MIfFugHQQKbtEwLaNw,19.46986734177049,-99.11923044026639,,,,False,164.7375,32,12,0.375,0.6510865688323975,0,-4,left_houses,/home/runner/work/sample_website/sample_website/.cache/gsv_estrella_fast/panoramas/coarse/z1_pZY0MIfFugHQQKbtEwLaNw.jpg,/home/runner/work/sample_website/sample_website/.cache/gsv_estrella_fast/best_views/coarse/pZY0MIfFugHQQKbtEwLaNw.jpg,
N8CmLBER1eqayWD6-69ZgQ,19.47472459313878,-99.12042253278702,,,,False,164.61774193548388,31,12,0.3870967741935484,0.7164999842643738,315,-4,left_houses,/home/runner/work/sample_website/sample_website/.cache/gsv_estrella_fast/panoramas/coarse/z1_N8CmLBER1eqayWD6-69ZgQ.jpg,/home/runner/work/sample_website/sample_website/.cache/gsv_estrella_fast/best_views/coarse/N8CmLBER1eqayWD6-69ZgQ.jpg,
LnyMTDgfV5-rR_vUWMPgCg,19.47353302019651,-99.11698138499156,,,,False,164.61774193548388,31,12,0.3870967741935484,0.5029671788215637,90,-4,full,/home/runner/work/sample_website/sample_website/.cache/gsv_estrella_fast/panoramas/coarse/z1_LnyMTDgfV5-rR_vUWMPgCg.jpg,/home/runner/work/sample_website/sample_website/.cache/gsv_estrella_fast/best_views/coarse/LnyMTDgfV5-rR_vUWMPgCg.jpg,
Hl9psagWZh-pLZAmW-Pu4A,19.4765003412508,-99.12355076272428,,,,False,164.5,30,12,0.4,0.649967610836029,45,-4,left_houses,/home/runner/work/sample_website/sample_website/.cache/gsv_estrella_fast/panoramas/coarse/z1_Hl9psagWZh-pLZAmW-Pu4A.jpg,/home/runner/work/sample_website/sample_website/.cache/gsv_estrella_fast/best_views/coarse/Hl9psagWZh-pLZAmW-Pu4A.jpg,
QZLUr1tGkUpWr5h95IraLQ,19.47189340683086,-99.11529716774226,,,,False,164.5,30,12,0.4,0.6560230255126953,225,-4,full,/home/runner/work/sample_website/sample_website/.cache/gsv_estrella_fast/panoramas/coarse/z1_QZLUr1tGkUpWr5h95IraLQ.jpg,/home/runner/work/sample_website/sample_website/.cache/gsv_estrella_fast/best_views/coarse/QZLUr1tGkUpWr5h95IraLQ.jpg,
HbQt6tXbC7irIctkRUny3w,19.47727173243521,-99.12106983297187,,,,False,164.3844827586207,29,12,0.41379310344827586,0.711319625377655,180,-4,left_houses,/home/runner/work/sample_website/sample_website/.cache/gsv_estrella_fast/panoramas/coarse/z1_HbQt6tXbC7irIctkRUny3w.jpg,/home/runner/work/sample_website/sample_website/.cache/gsv_estrella_fast/best_views/coarse/HbQt6tXbC7irIctkRUny3w.jpg,
K0LYLGAL7YoWo39GeeZ1pw,19.47728892804824,-99.1183908362079,,,,False,164.3844827586207,29,12,0.41379310344827586,0.6925737857818604,225,-4,street_depth,/home/runner/work/sample_website/sample_website/.cache/gsv_estrella_fast/panoramas/coarse/z1_K0LYLGAL7YoWo39GeeZ1pw.jpg,/home/runner/work/sample_website/sample_website/.cache/gsv_estrella_fast/best_views/coarse/K0LYLGAL7YoWo39GeeZ1pw.jpg,
arkwJqryIqDPT0Ndw5agAw,19.47741517183915,-99.12216570464098,,,,False,164.27142857142857,28,12,0.42857142857142855,0.7137353420257568,135,-4,street_depth,/home/runner/work/sample_website/sample_website/.cache/gsv_estrella_fast/panoramas/coarse/z1_arkwJqryIqDPT0Ndw5agAw.jpg,/home/runner/work/sample_website/sample_website/.cache/gsv_estrella_fast/best_views/coarse/arkwJqryIqDPT0Ndw5agAw.jpg,
OBAXy9pELlgjiHgumzpgag,19.47434502926858,-99.12214679270656,,,,False,164.27142857142857,28,12,0.42857142857142855,0.7776187062263489,225,-4,street_depth,/home/runner/work/sample_website/sample_website/.cache/gsv_estrella_fast/panoramas/coarse/z1_OBAXy9pELlgjiHgumzpgag.jpg,/home/runner/work/sample_website/sample_website/.cache/gsv_estrella_fast/best_views/coarse/OBAXy9pELlgjiHgumzpgag.jpg,
ugK1R-z3HQA0Y7g8vmfZgA,19.47120356058457,-99.12178628481288,,,,False,164.27142857142857,28,12,0.42857142857142855,0.5914596915245056,225,-4,left_houses,/home/runner/work/sample_website/sample_website/.cache/gsv_estrella_fast/panoramas/coarse/z1_ugK1R-z3HQA0Y7g8vmfZgA.jpg,/home/runner/work/sample_website/sample_website/.cache/gsv_estrella_fast/best_views/coarse/ugK1R-z3HQA0Y7g8vmfZgA.jpg,
JJCse6KPtA9LQQmX9SsEzA,19.4782013249317,-99.11986785296284,,,,False,164.27142857142857,28,12,0.42857142857142855,0.6304532885551453,45,-4,left_houses,/home/runner/work/sample_website/sample_website/.cache/gsv_estrella_fast/panoramas/coarse/z1_JJCse6KPtA9LQQmX9SsEzA.jpg,/home/runner/work/sample_website/sample_website/.cache/gsv_estrella_fast/best_views/coarse/JJCse6KPtA9LQQmX9SsEzA.jpg,
7fqXMd4T0eERQv1OEk--PQ,19.47716527491066,-99.12195851788931,,,,False,164.16111111111113,27,12,0.4444444444444444,0.5433187484741211,180,-4,left_houses,/home/runner/work/sample_website/sample_website/.cache/gsv_estrella_fast/panoramas/coarse/z1_7fqXMd4T0eERQv1OEk--PQ.jpg,/home/runner/work/sample_website/sample_website/.cache/gsv_estrella_fast/best_views/coarse/7fqXMd4T0eERQv1OEk--PQ.jpg,
O4qYZ8tFfZJo9sr2qBK-gg,19.47680282170796,-99.12291399606832,,,,False,164.16111111111113,27,12,0.4444444444444444,0.5591962933540344,180,-4,full,/home/runner/work/sample_website/sample_website/.cache/gsv_estrella_fast/panoramas/coarse/z1_O4qYZ8tFfZJo9sr2qBK-gg.jpg,/home/runner/work/sample_website/sample_website/.cache/gsv_estrella_fast/best_views/coarse/O4qYZ8tFfZJo9sr2qBK-gg.jpg,
9TVCzfyB2t-kbJhwC4kRKg,19.47389592955208,-99.1229232832676,,,,False,164.16111111111113,27,12,0.4444444444444444,0.6448502540588379,315,-4,full,/home/runner/work/sample_website/sample_website/.cache/gsv_estrella_fast/panoramas/coarse/z1_9TVCzfyB2t-kbJhwC4kRKg.jpg,/home/runner/work/sample_website/sample_website/.cache/gsv_estrella_fast/best_views/coarse/9TVCzfyB2t-kbJhwC4kRKg.jpg,
9a15cKCdY502Wem5KCbtJw,19.47407478510318,-99.11853047411901,,,,False,164.16111111111113,27,12,0.4444444444444444,0.5598360896110535,45,-4,upper_full,/home/runner/work/sample_website/sample_website/.cache/gsv_estrella_fast/panoramas/coarse/z1_9a15cKCdY502Wem5KCbtJw.jpg,/home/runner/work/sample_website/sample_website/.cache/gsv_estrella_fast/best_views/coarse/9a15cKCdY502Wem5KCbtJw.jpg,
iMh-1v0jaTV8AdLuQUJaqQ,19.47321170734056,-99.11793849210005,,,,False,164.16111111111113,27,12,0.4444444444444444,0.5708989500999451,45,-4,left_houses,/home/runner/work/sample_website/sample_website/.cache/gsv_estrella_fast/panoramas/coarse/z1_iMh-1v0jaTV8AdLuQUJaqQ.jpg,/home/runner/work/sample_website/sample_website/.cache/gsv_estrella_fast/best_views/coarse/iMh-1v0jaTV8AdLuQUJaqQ.jpg,
r7cjvR7tOhFaTWVSnM_m3g,19.47510553254793,-99.11874381497834,,,,False,164.05384615384617,26,12,0.46153846153846156,0.6721278429031372,180,-4,full,/home/runner/work/sample_website/sample_website/.cache/gsv_estrella_fast/panoramas/coarse/z1_r7cjvR7tOhFaTWVSnM_m3g.jpg,/home/runner/work/sample_website/sample_website/.cache/gsv_estrella_fast/best_views/coarse/r7cjvR7tOhFaTWVSnM_m3g.jpg,
yXMxJckrYUHVEFuQDbQIAg,19.47642249485382,-99.11823431371266,,,,False,164.05384615384617,26,12,0.46153846153846156,0.5498875379562378,225,-4,full,/home/runner/work/sample_website/sample_website/.cache/gsv_estrella_fast/panoramas/coarse/z1_yXMxJckrYUHVEFuQDbQIAg.jpg,/home/runner/work/sample_website/sample_website/.cache/gsv_estrella_fast/best_views/coarse/yXMxJckrYUHVEFuQDbQIAg.jpg,
ZchiIhoZsFI3y152OgdkEQ,19.47327630932286,-99.11326737438469,,,,False,164.05384615384617,26,12,0.46153846153846156,0.5560979247093201,180,-4,left_houses,/home/runner/work/sample_website/sample_website/.cache/gsv_estrella_fast/panoramas/coarse/z1_ZchiIhoZsFI3y152OgdkEQ.jpg,/home/runner/work/sample_website/sample_website/.cache/gsv_estrella_fast/best_views/coarse/ZchiIhoZsFI3y152OgdkEQ.jpg,
gsmh-X3EpNXog9s4WTq-dQ,19.47777922291312,-99.12305997408026,,,,False,163.95,25,12,0.48,0.6241201162338257,0,-4,full,/home/runner/work/sample_website/sample_website/.cache/gsv_estrella_fast/panoramas/coarse/z1_gsmh-X3EpNXog9s4WTq-dQ.jpg,/home/runner/work/sample_website/sample_website/.cache/gsv_estrella_fast/best_views/coarse/gsmh-X3EpNXog9s4WTq-dQ.jpg,
ea00bxmlaUXpW-lvOQgP8Q,19.47657184131754,-99.12197928719715,,,,False,163.95,25,12,0.48,0.5117005109786987,45,-4,left_houses,/home/runner/work/sample_website/sample_website/.cache/gsv_estrella_fast/panoramas/coarse/z1_ea00bxmlaUXpW-lvOQgP8Q.jpg,/home/runner/work/sample_website/sample_website/.cache/gsv_estrella_fast/best_views/coarse/ea00bxmlaUXpW-lvOQgP8Q.jpg,
64osz4yZCXDAaDTQfWNaKA,19.47436664967972,-99.12319911357882,,,,False,163.95,25,12,0.48,0.6576475501060486,90,-4,left_houses,/home/runner/work/sample_website/sample_website/.cache/gsv_estrella_fast/panoramas/coarse/z1_64osz4yZCXDAaDTQfWNaKA.jpg,/home/runner/work/sample_website/sample_website/.cache/gsv_estrella_fast/best_views/coarse/64osz4yZCXDAaDTQfWNaKA.jpg,
3nGUCJ17eWLTmT5jbp8IYg,19.47256832739047,-99.1194289241248,,,,False,163.95,25,12,0.48,0.5907106399536133,45,-4,street_depth,/home/runner/work/sample_website/sample_website/.cache/gsv_estrella_fast/panoramas/coarse/z1_3nGUCJ17eWLTmT5jbp8IYg.jpg,/home/runner/work/sample_website/sample_website/.cache/gsv_estrella_fast/best_views/coarse/3nGUCJ17eWLTmT5jbp8IYg.jpg,
UtBRT4z8VPKbTNGnSE0s4w,19.47575143444814,-99.11749054056875,,,,False,163.95,25,12,0.48,0.5221874117851257,0,-4,full,/home/runner/work/sample_website/sample_website/.cache/gsv_estrella_fast/panoramas/coarse/z1_UtBRT4z8VPKbTNGnSE0s4w.jpg,/home/runner/work/sample_website/sample_website/.cache/gsv_estrella_fast/best_views/coarse/UtBRT4z8VPKbTNGnSE0s4w.jpg,
a-98ddE82D0NS89lDUtKlg,19.47369633425585,-99.11636273705315,,,,False,163.95,25,12,0.48,0.7326648235321045,0,-4,left_houses,/home/runner/work/sample_website/sample_website/.cache/gsv_estrella_fast/panoramas/coarse/z1_a-98ddE82D0NS89lDUtKlg.jpg,/home/runner/work/sample_website/sample_website/.cache/gsv_estrella_fast/best_views/coarse/a-98ddE82D0NS89lDUtKlg.jpg,
T2UbuSnVdi01kBC1VJ6cbg,19.47109652494374,-99.12080456336902,,,,False,163.8654011434979,27,12,0.4444444444444444,0.4901430010795593,225,-4,left_houses,/home/runner/work/sample_website/sample_website/.cache/gsv_estrella_fast/panoramas/coarse/z1_T2UbuSnVdi01kBC1VJ6cbg.jpg,/home/runner/work/sample_website/sample_website/.cache/gsv_estrella_fast/best_views/coarse/T2UbuSnVdi01kBC1VJ6cbg.jpg,
69AgTOEIcGZCM6LvdUHY9w,19.47797065994524,-99.12079958218503,,,,False,163.85,24,12,0.5,0.6999433040618896,270,-4,street_depth,/home/runner/work/sample_website/sample_website/.cache/gsv_estrella_fast/panoramas/coarse/z1_69AgTOEIcGZCM6LvdUHY9w.jpg,/home/runner/work/sample_website/sample_website/.cache/gsv_estrella_fast/best_views/coarse/69AgTOEIcGZCM6LvdUHY9w.jpg,
WGBMicWO0i70pymhVlPB_A,19.47798655278077,-99.11706259977396,,,,False,163.85,24,12,0.5,0.5365760326385498,270,-4,full,/home/runner/work/sample_website/sample_website/.cache/gsv_estrella_fast/panoramas/coarse/z1_WGBMicWO0i70pymhVlPB_A.jpg,/home/runner/work/sample_website/sample_website/.cache/gsv_estrella_fast/best_views/coarse/WGBMicWO0i70pymhVlPB_A.jpg,
K-UFIbvAQ1eFTaRleu225w,19.47460815124822,-99.1173579116021,,,,False,163.85,24,12,0.5,0.5142717361450195,45,-4,upper_full,/home/runner/work/sample_website/sample_website/.cache/gsv_estrella_fast/panoramas/coarse/z1_K-UFIbvAQ1eFTaRleu225w.jpg,/home/runner/work/sample_website/sample_website/.cache/gsv_estrella_fast/best_views/coarse/K-UFIbvAQ1eFTaRleu225w.jpg,
CGBzf1RrydIXk-VJ4LvZEA,19.47185214112698,-99.11389140118429,,,,False,163.85,24,12,0.5,0.7304338216781616,315,-4,left_houses,/home/runner/work/sample_website/sample_website/.cache/gsv_estrella_fast/panoramas/coarse/z1_CGBzf1RrydIXk-VJ4LvZEA.jpg,/home/runner/work/sample_website/sample_website/.cache/gsv_estrella_fast/best_views/coarse/CGBzf1RrydIXk-VJ4LvZEA.jpg,
rVRDZDBXvX58EGWULspZAA,19.47613655554734,-99.11958088998149,,,,False,163.75434782608696,23,12,0.5217391304347826,0.6846920251846313,0,-4,full,/home/runner/work/sample_website/sample_website/.cache/gsv_estrella_fast/panoramas/coarse/z1_rVRDZDBXvX58EGWULspZAA.jpg,/home/runner/work/sample_website/sample_website/.cache/gsv_estrella_fast/best_views/coarse/rVRDZDBXvX58EGWULspZAA.jpg,
qy_6aA5QNe71sPoMWmNYcw,19.47633666888344,-99.11940418748772,,,,False,163.75434782608696,23,12,0.5217391304347826,0.5031124353408813,270,-4,street_depth,/home/runner/work/sample_website/sample_website/.cache/gsv_estrella_fast/panoramas/coarse/z1_qy_6aA5QNe71sPoMWmNYcw.jpg,/home/runner/work/sample_website/sample_website/.cache/gsv_estrella_fast/best_views/coarse/qy_6aA5QNe71sPoMWmNYcw.jpg,
WV252IW5jDYFN4S_WuX0BQ,19.47211195338821,-99.11917159593358,,,,False,163.75434782608696,23,12,0.5217391304347826,0.5666887760162354,315,-4,left_houses,/home/runner/work/sample_website/sample_website/.cache/gsv_estrella_fast/panoramas/coarse/z1_WV252IW5jDYFN4S_WuX0BQ.jpg,/home/runner/work/sample_website/sample_website/.cache/gsv_estrella_fast/best_views/coarse/WV252IW5jDYFN4S_WuX0BQ.jpg,
9ABmX4LDTXMnhpuhuoHXtw,19.4783125281504,-99.11593834801515,,,,False,163.75434782608696,23,12,0.5217391304347826,0.5873538255691528,135,-4,left_houses,/home/runner/work/sample_website/sample_website/.cache/gsv_estrella_fast/panoramas/coarse/z1_9ABmX4LDTXMnhpuhuoHXtw.jpg,/home/runner/work/sample_website/sample_website/.cache/gsv_estrella_fast/best_views/coarse/9ABmX4LDTXMnhpuhuoHXtw.jpg,
l-I-IGsh7xe6d2f7z9NGDQ,19.47476135408174,-99.11787399232779,,,,False,163.75434782608696,23,12,0.5217391304347826,0.6557244062423706,315,-4,left_houses,/home/runner/work/sample_website/sample_website/.cache/gsv_estrella_fast/panoramas/coarse/z1_l-I-IGsh7xe6d2f7z9NGDQ.jpg,/home/runner/work/sample_website/sample_website/.cache/gsv_estrella_fast/best_views/coarse/l-I-IGsh7xe6d2f7z9NGDQ.jpg,
TZCn04McsW025V0C8BarCA,19.47059713588475,-99.11517728997434,,,,False,163.66578508615493,25,12,0.48,0.4905261695384979,225,-4,left_houses,/home/runner/work/sample_website/sample_website/.cache/gsv_estrella_fast/panoramas/coarse/z1_TZCn04McsW025V0C8BarCA.jpg,/home/runner/work/sample_website/sample_website/.cache/gsv_estrella_fast/best_views/coarse/TZCn04McsW025V0C8BarCA.jpg,
M3UiI6j20UpyOOP7-1WcGQ,19.47794632481335,-99.12196772054943,,,,False,163.66363636363639,22,12,0.5454545454545454,0.61900794506073,315,-4,street_depth,/home/runner/work/sample_website/sample_website/.cache/gsv_estrella_fast/panoramas/coarse/z1_M3UiI6j20UpyOOP7-1WcGQ.jpg,/home/runner/work/sample_website/sample_website/.cache/gsv_estrella_fast/best_views/coarse/M3UiI6j20UpyOOP7-1WcGQ.jpg,
bqaBVb7nMZ3QTMrVeSIxUQ,19.47465666348869,-99.11460576252787,,,,False,163.66363636363639,22,12,0.5454545454545454,0.5249174237251282,225,-4,left_houses,/home/runner/work/sample_website/sample_website/.cache/gsv_estrella_fast/panoramas/coarse/z1_bqaBVb7nMZ3QTMrVeSIxUQ.jpg,/home/runner/work/sample_website/sample_website/.cache/gsv_estrella_fast/best_views/coarse/bqaBVb7nMZ3QTMrVeSIxUQ.jpg,
riq-jxiT2rLFpsk-v-owOg,19.47400029669769,-99.11349167566371,,,,False,163.66363636363639,22,12,0.5454545454545454,0.5061271786689758,180,-4,left_houses,/home/runner/work/sample_website/sample_website/.cache/gsv_estrella_fast/panoramas/coarse/z1_riq-jxiT2rLFpsk-v-owOg.jpg,/home/runner/work/sample_website/sample_website/.cache/gsv_estrella_fast/best_views/coarse/riq-jxiT2rLFpsk-v-owOg.jpg,
ieB_TdtMcCA8kjNExd2D3Q,19.47113513466642,-99.12262187198715,,,,False,163.57857142857142,21,12,0.5714285714285714,0.5632185935974121,270,-4,left_houses,/home/runner/work/sample_website/sample_website/.cache/gsv_estrella_fast/panoramas/coarse/z1_ieB_TdtMcCA8kjNExd2D3Q.jpg,/home/runner/work/sample_website/sample_website/.cache/gsv_estrella_fast/best_views/coarse/ieB_TdtMcCA8kjNExd2D3Q.jpg,
pCp4jtCuHmfMVHOLJvWr0Q,19.47743761430765,-99.11759708290269,,,,False,163.57857142857142,21,12,0.5714285714285714,0.6711493134498596,180,-4,left_houses,/home/runner/work/sample_website/sample_website/.cache/gsv_estrella_fast/panoramas/coarse/z1_pCp4jtCuHmfMVHOLJvWr0Q.jpg,/home/runner/work/sample_website/sample_website/.cache/gsv_estrella_fast/best_views/coarse/pCp4jtCuHmfMVHOLJvWr0Q.jpg,
S5VOzLt5EFLOveUwmoILgQ,19.47856286578932,-99.11748471535809,,,,False,163.57857142857142,21,12,0.5714285714285714,0.8370263576507568,180,-4,left_houses,/home/runner/work/sample_website/sample_website/.cache/gsv_estrella_fast/panoramas/coarse/z1_S5VOzLt5EFLOveUwmoILgQ.jpg,/home/runner/work/sample_website/sample_website/.cache/gsv_estrella_fast/best_views/coarse/S5VOzLt5EFLOveUwmoILgQ.jpg,
MhqSi55909ZUpV5PUdpRJQ,19.47622318920158,-99.11350594249578,,,,False,163.57857142857142,21,12,0.5714285714285714,0.524697482585907,315,-4,left_houses,/home/runner/work/sample_website/sample_website/.cache/gsv_estrella_fast/panoramas/coarse/z1_MhqSi55909ZUpV5PUdpRJQ.jpg,/home/runner/work/sample_website/sample_website/.cache/gsv_estrella_fast/best_views/coarse/MhqSi55909ZUpV5PUdpRJQ.jpg,
0Z8jaKakVt04S0WSMGN7Lg,19.47510269128085,-99.11694609626572,,,,False,163.5,20,12,0.6,0.5479668974876404,315,-4,left_houses,/home/runner/work/sample_website/sample_website/.cache/gsv_estrella_fast/panoramas/coarse/z1_0Z8jaKakVt04S0WSMGN7Lg.jpg,/home/runner/work/sample_website/sample_website/.cache/gsv_estrella_fast/best_views/coarse/0Z8jaKakVt04S0WSMGN7Lg.jpg,
I_bta65CGgLu01enO6u42A,19.473068661377,-99.11615472113773,,,,False,163.5,20,12,0.6,0.5817671418190002,135,-4,left_houses,/home/runner/work/sample_website/sample_website/.cache/gsv_estrella_fast/panoramas/coarse/z1_I_bta65CGgLu01enO6u42A.jpg,/home/runner/work/sample_website/sample_website/.cache/gsv_estrella_fast/best_views/coarse/I_bta65CGgLu01enO6u42A.jpg,
0pkUk1Vis_RaUTsg41pamA,19.47480982454154,-99.1230229096552,,,,False,163.46925846446646,22,12,0.5454545454545454,0.49352073669433594,270,-4,left_houses,/home/runner/work/sample_website/sample_website/.cache/gsv_estrella_fast/panoramas/coarse/z1_0pkUk1Vis_RaUTsg41pamA.jpg,/home/runner/work/sample_website/sample_website/.cache/gsv_estrella_fast/best_views/coarse/0pkUk1Vis_RaUTsg41pamA.jpg,
PAgXjrzHsusbBamRrcCutg,19.4750032609037,-99.1200239565299,,,,False,163.42894736842103,19,12,0.631578947368421,0.5615066289901733,0,-4,upper_full,/home/runner/work/sample_website/sample_website/.cache/gsv_estrella_fast/panoramas/coarse/z1_PAgXjrzHsusbBamRrcCutg.jpg,/home/runner/work/sample_website/sample_website/.cache/gsv_estrella_fast/best_views/coarse/PAgXjrzHsusbBamRrcCutg.jpg,
PajBzdTv3V5yNfM11qZ0Nw,19.47756402061015,-99.11796508560774,,,,False,163.42894736842103,19,12,0.631578947368421,0.5710833668708801,315,-4,left_houses,/home/runner/work/sample_website/sample_website/.cache/gsv_estrella_fast/panoramas/coarse/z1_PajBzdTv3V5yNfM11qZ0Nw.jpg,/home/runner/work/sample_website/sample_website/.cache/gsv_estrella_fast/best_views/coarse/PajBzdTv3V5yNfM11qZ0Nw.jpg,
knWXCsAPWdghHdJNE7SgOQ,19.47454834468477,-99.12312363374795,,,,False,163.36666666666665,18,12,0.6666666666666666,0.7095199823379517,90,-4,full,/home/runner/work/sample_website/sample_website/.cache/gsv_estrella_fast/panoramas/coarse/z1_knWXCsAPWdghHdJNE7SgOQ.jpg,/home/runner/work/sample_website/sample_website/.cache/gsv_estrella_fast/best_views/coarse/knWXCsAPWdghHdJNE7SgOQ.jpg,
XoBYbwB6CPDAWioJLA0AUg,19.47389945060742,-99.12062954670098,,,,False,163.31470588235294,17,12,0.7058823529411765,0.8116612434387207,270,-4,left_houses,/home/runner/work/sample_website/sample_website/.cache/gsv_estrella_fast/panoramas/coarse/z1_XoBYbwB6CPDAWioJLA0AUg.jpg,/home/runner/work/sample_website/sample_website/.cache/gsv_estrella_fast/best_views/coarse/XoBYbwB6CPDAWioJLA0AUg.jpg,
vnQeWVP2HQftRBv01baAaw,19.47217315415173,-99.11556891948979,,,,False,163.25,15,12,0.8,0.6087818145751953,45,-4,left_houses,/home/runner/work/sample_website/sample_website/.cache/gsv_estrella_fast/panoramas/coarse/z1_vnQeWVP2HQftRBv01baAaw.jpg,/home/runner/work/sample_website/sample_website/.cache/gsv_estrella_fast/best_views/coarse/vnQeWVP2HQftRBv01baAaw.jpg,
9KgljiLth4yHWFNGvF6Gfg,19.47884861261533,-99.11895285073804,,,,False,163.2237530350685,20,12,0.6,0.49079176783561707,180,-4,upper_full,/home/runner/work/sample_website/sample_website/.cache/gsv_estrella_fast/panoramas/coarse/z1_9KgljiLth4yHWFNGvF6Gfg.jpg,/home/runner/work/sample_website/sample_website/.cache/gsv_estrella_fast/best_views/coarse/9KgljiLth4yHWFNGvF6Gfg.jpg,
B5OFadF1CmUIbwJfX18OPg,19.47843070537675,-99.11958705304734,,,,False,163.1541876912117,25,12,0.48,0.47347292304039,180,-4,upper_full,/home/runner/work/sample_website/sample_website/.cache/gsv_estrella_fast/panoramas/coarse/z1_B5OFadF1CmUIbwJfX18OPg.jpg,/home/runner/work/sample_website/sample_website/.cache/gsv_estrella_fast/best_views/coarse/B5OFadF1CmUIbwJfX18OPg.jpg,
9IMISnv-kMDQVedTYlnsQw,19.47218053714705,-99.11444156522207,,,,False,162.67270271948405,21,12,0.5714285714285714,0.4698043763637543,180,-4,left_houses,/home/runner/work/sample_website/sample_website/.cache/gsv_estrella_fast/panoramas/coarse/z1_9IMISnv-kMDQVedTYlnsQw.jpg,/home/runner/work/sample_website/sample_website/.cache/gsv_estrella_fast/best_views/coarse/9IMISnv-kMDQVedTYlnsQw.jpg,
bXsmcseVGPdrFdkivsPRfQ,19.47811869240975,-99.12240666334027,,,,False,161.91916381765057,37,12,0.32432432432432434,0.3852784335613251,135,-4,street_depth,/home/runner/work/sample_website/sample_website/.cache/gsv_estrella_fast/panoramas/coarse/z1_bXsmcseVGPdrFdkivsPRfQ.jpg,/home/runner/work/sample_website/sample_website/.cache/gsv_estrella_fast/best_views/coarse/bXsmcseVGPdrFdkivsPRfQ.jpg,
rTwukhC44mgqFJp3hk2SXQ,19.47750306427961,-99.11778289915176,,,,False,161.45012204647065,32,12,0.375,0.39042073488235474,0,-4,left_houses,/home/runner/work/sample_website/sample_website/.cache/gsv_estrella_fast/panoramas/coarse/z1_rTwukhC44mgqFJp3hk2SXQ.jpg,/home/runner/work/sample_website/sample_website/.cache/gsv_estrella_fast/best_views/coarse/rTwukhC44mgqFJp3hk2SXQ.jpg,
faREnh8Ltzwl7XXFaq9UXw,19.47285386717249,-99.11509253143582,,,,False,161.16398280858994,20,12,0.6,0.4221327602863312,90,-4,upper_full,/home/runner/work/sample_website/sample_website/.cache/gsv_estrella_fast/panoramas/coarse/z1_faREnh8Ltzwl7XXFaq9UXw.jpg,/home/runner/work/sample_website/sample_website/.cache/gsv_estrella_fast/best_views/coarse/faREnh8Ltzwl7XXFaq9UXw.jpg,
lqC-0BTkJ6hamfOn8vKnLA,19.47509305571297,-99.1199892574413,,,,False,160.7835255265236,15,12,0.8,0.417784184217453,90,-4,full,/home/runner/work/sample_website/sample_website/.cache/gsv_estrella_fast/panoramas/coarse/z1_lqC-0BTkJ6hamfOn8vKnLA.jpg,/home/runner/work/sample_website/sample_website/.cache/gsv_estrella_fast/best_views/coarse/lqC-0BTkJ6hamfOn8vKnLA.jpg,
HThFdO4PiP5rE9a3rEducg,19.4763945690042,-99.11673419539308,,,,False,160.5081426273693,22,12,0.5454545454545454,0.39481687545776367,270,-4,street_depth,/home/runner/work/sample_website/sample_website/.cache/gsv_estrella_fast/panoramas/coarse/z1_HThFdO4PiP5rE9a3rEducg.jpg,/home/runner/work/sample_website/sample_website/.cache/gsv_estrella_fast/best_views/coarse/HThFdO4PiP5rE9a3rEducg.jpg,
M8d63-PCgC33oDCDRsuXMA,19.47131422553077,-99.12255162728073,,,,False,160.3392342209816,32,12,0.375,0.3533911406993866,135,-4,left_houses,/home/runner/work/sample_website/sample_website/.cache/gsv_estrella_fast/panoramas/coarse/z1_M8d63-PCgC33oDCDRsuXMA.jpg,/home/runner/work/sample_website/sample_website/.cache/gsv_estrella_fast/best_views/coarse/M8d63-PCgC33oDCDRsuXMA.jpg,
788IcwDH7m047AaNu0i7Nw,19.47840422809734,-99.12126283362491,,,,False,160.2955918828646,18,12,0.6666666666666666,0.39763084053993225,225,-4,upper_full,/home/runner/work/sample_website/sample_website/.cache/gsv_estrella_fast/panoramas/coarse/z1_788IcwDH7m047AaNu0i7Nw.jpg,/home/runner/work/sample_website/sample_website/.cache/gsv_estrella_fast/best_views/coarse/788IcwDH7m047AaNu0i7Nw.jpg,
w6Q0dsujathwRnN0kEVAxg,19.47552827284701,-99.11519299226327,,,,False,160.2690214412553,21,12,0.5714285714285714,0.3896816670894623,0,-4,full,/home/runner/work/sample_website/sample_website/.cache/gsv_estrella_fast/panoramas/coarse/z1_w6Q0dsujathwRnN0kEVAxg.jpg,/home/runner/work/sample_website/sample_website/.cache/gsv_estrella_fast/best_views/coarse/w6Q0dsujathwRnN0kEVAxg.jpg,
q3xJDBZHwkIoNxwoFohrOA,19.47683038202614,-99.1142201315497,,,,False,159.68259756735392,21,12,0.5714285714285714,0.3701342046260834,45,-4,full,/home/runner/work/sample_website/sample_website/.cache/gsv_estrella_fast/panoramas/coarse/z1_q3xJDBZHwkIoNxwoFohrOA.jpg,/home/runner/work/sample_website/sample_website/.cache/gsv_estrella_fast/best_views/coarse/q3xJDBZHwkIoNxwoFohrOA.jpg,
VBPzHgCozVUNC1E_ggi4gg,19.47084515276671,-99.12205957835263,,,,False,159.21192403374047,29,12,0.41379310344827586,0.32758137583732605,135,-4,left_houses,/home/runner/work/sample_website/sample_website/.cache/gsv_estrella_fast/panoramas/coarse/z1_VBPzHgCozVUNC1E_ggi4gg.jpg,/home/runner/work/sample_website/sample_website/.cache/gsv_estrella_fast/best_views/coarse/VBPzHgCozVUNC1E_ggi4gg.jpg,
3tF7iv_3718N_5oQWENHLQ,19.47778423245658,-99.1161527794333,,,,False,158.250180223741,19,12,0.631578947368421,0.3273744285106659,135,-4,street_depth,/home/runner/work/sample_website/sample_website/.cache/gsv_estrella_fast/panoramas/coarse/z1_3tF7iv_3718N_5oQWENHLQ.jpg,/home/runner/work/sample_website/sample_website/.cache/gsv_estrella_fast/best_views/coarse/3tF7iv_3718N_5oQWENHLQ.jpg,
C_6KjAjPnDVKDIydzftAFA,19.47420589205215,-99.11616307890961,,,,False,158.00455248355865,20,12,0.6,0.3168184161186218,90,-4,right_depth,/home/runner/work/sample_website/sample_website/.cache/gsv_estrella_fast/panoramas/coarse/z1_C_6KjAjPnDVKDIydzftAFA.jpg,/home/runner/work/sample_website/sample_website/.cache/gsv_estrella_fast/best_views/coarse/C_6KjAjPnDVKDIydzftAFA.jpg,
g712iJyRVPfq7gUwsq5PTA,19.47389710973152,-99.11583045714933,,,,False,157.69125461048552,27,12,0.4444444444444444,0.284338116645813,135,-4,upper_full,/home/runner/work/sample_website/sample_website/.cache/gsv_estrella_fast/panoramas/coarse/z1_g712iJyRVPfq7gUwsq5PTA.jpg,/home/runner/work/sample_website/sample_website/.cache/gsv_estrella_fast/best_views/coarse/g712iJyRVPfq7gUwsq5PTA.jpg,
h57SJ1ycsfz7GFlnfSYvEQ,19.47028810222109,-99.1191686410543,,,,False,157.07280423744865,23,12,0.5217391304347826,0.27728188037872314,270,-4,left_houses,/home/runner/work/sample_website/sample_website/.cache/gsv_estrella_fast/panoramas/coarse/z1_h57SJ1ycsfz7GFlnfSYvEQ.jpg,/home/runner/work/sample_website/sample_website/.cache/gsv_estrella_fast/best_views/coarse/h57SJ1ycsfz7GFlnfSYvEQ.jpg,
slrc6UHzh9i0ZohJ85PeQA,19.47958927326652,-99.1164081561847,,,,False,156.50392571687698,24,12,0.5,0.2551308572292328,0,-4,street_depth,/home/runner/work/sample_website/sample_website/.cache/gsv_estrella_fast/panoramas/coarse/z1_slrc6UHzh9i0ZohJ85PeQA.jpg,/home/runner/work/sample_website/sample_website/.cache/gsv_estrella_fast/best_views/coarse/slrc6UHzh9i0ZohJ85PeQA.jpg,
YhRBWNmx1cM7im5cCXplAw,19.47348509256981,-99.12173351740054,,,,False,156.18408113188215,27,12,0.4444444444444444,0.23409900069236755,180,-4,full,/home/runner/work/sample_website/sample_website/.cache/gsv_estrella_fast/panoramas/coarse/z1_YhRBWNmx1cM7im5cCXplAw.jpg,/home/runner/work/sample_website/sample_website/.cache/gsv_estrella_fast/best_views/coarse/YhRBWNmx1cM7im5cCXplAw.jpg,
IUPIgRPsxUTY5jEvDpVtqA,19.47756835796043,-99.11726411747541,,,,False,156.03343183398246,24,12,0.5,0.2394477277994156,135,-4,left_houses,/home/runner/work/sample_website/sample_website/.cache/gsv_estrella_fast/panoramas/coarse/z1_IUPIgRPsxUTY5jEvDpVtqA.jpg,/home/runner/work/sample_website/sample_website/.cache/gsv_estrella_fast/best_views/coarse/IUPIgRPsxUTY5jEvDpVtqA.jpg,
OU8-E5rhqZqOayirSZKevA,19.47752790192168,-99.12148597538119,,,,False,155.64596153010024,22,12,0.5454545454545454,0.23274417221546173,315,-4,left_houses,/home/runner/work/sample_website/sample_website/.cache/gsv_estrella_fast/panoramas/coarse/z1_OU8-E5rhqZqOayirSZKevA.jpg,/home/runner/work/sample_website/sample_website/.cache/gsv_estrella_fast/best_views/coarse/OU8-E5rhqZqOayirSZKevA.jpg,
mxkKWb2ql3TajpYoo8IQbw,19.46995621354166,-99.11968110317966,,,,False,155.23446415833064,21,12,0.5714285714285714,0.22186309099197388,45,-4,full,/home/runner/work/sample_website/sample_website/.cache/gsv_estrella_fast/panoramas/coarse/z1_mxkKWb2ql3TajpYoo8IQbw.jpg,/home/runner/work/sample_website/sample_website/.cache/gsv_estrella_fast/best_views/coarse/mxkKWb2ql3TajpYoo8IQbw.jpg,
TyVJjC_OTozuv8lUjX8KPQ,19.47328484447417,-99.12086678598162,,,,False,154.76831822225026,28,12,0.42857142857142855,0.18322965502738953,135,-4,left_houses,/home/runner/work/sample_website/sample_website/.cache/gsv_estrella_fast/panoramas/coarse/z1_TyVJjC_OTozuv8lUjX8KPQ.jpg,/home/runner/work/sample_website/sample_website/.cache/gsv_estrella_fast/best_views/coarse/TyVJjC_OTozuv8lUjX8KPQ.jpg,
vsmWmfA4soYzzSn_4jFEbw,19.47112995176358,-99.1208924517681,,,,False,152.90882352941176,34,11,0.3235294117647059,0.5383250117301941,135,-4,left_houses,/home/runner/work/sample_website/sample_website/.cache/gsv_estrella_fast/panoramas/coarse/z1_vsmWmfA4soYzzSn_4jFEbw.jpg,/home/runner/work/sample_website/sample_website/.cache/gsv_estrella_fast/best_views/coarse/vsmWmfA4soYzzSn_4jFEbw.jpg,
xmrl6jRpf-oCylYWaRVerQ,19.4768404555935,-99.119306507395,,,,False,152.78333333333333,33,11,0.3333333333333333,0.8658033609390259,315,-4,left_houses,/home/runner/work/sample_website/sample_website/.cache/gsv_estrella_fast/panoramas/coarse/z1_xmrl6jRpf-oCylYWaRVerQ.jpg,/home/runner/work/sample_website/sample_website/.cache/gsv_estrella_fast/best_views/coarse/xmrl6jRpf-oCylYWaRVerQ.jpg,
NZdsSqOPueKVkreLFs6Lbw,19.47992097493525,-99.11811172996623,,,,False,152.41666666666666,30,11,0.36666666666666664,0.6151406168937683,0,-4,left_houses,/home/runner/work/sample_website/sample_website/.cache/gsv_estrella_fast/panoramas/coarse/z1_NZdsSqOPueKVkreLFs6Lbw.jpg,/home/runner/work/sample_website/sample_website/.cache/gsv_estrella_fast/best_views/coarse/NZdsSqOPueKVkreLFs6Lbw.jpg,
A8IBs9xWU0lGoe74FEDGkg,19.47353800136485,-99.11305717165062,,,,False,152.41666666666666,30,11,0.36666666666666664,0.5358434319496155,315,-4,left_houses,/home/runner/work/sample_website/sample_website/.cache/gsv_estrella_fast/panoramas/coarse/z1_A8IBs9xWU0lGoe74FEDGkg.jpg,/home/runner/work/sample_website/sample_website/.cache/gsv_estrella_fast/best_views/coarse/A8IBs9xWU0lGoe74FEDGkg.jpg,
5A5ebQgzZlL8huOXr3GNaA,19.47897797347465,-99.11664740906257,,,,False,152.29827586206895,29,11,0.3793103448275862,0.5323191285133362,270,-4,full,/home/runner/work/sample_website/sample_website/.cache/gsv_estrella_fast/panoramas/coarse/z1_5A5ebQgzZlL8huOXr3GNaA.jpg,/home/runner/work/sample_website/sample_website/.cache/gsv_estrella_fast/best_views/coarse/5A5ebQgzZlL8huOXr3GNaA.jpg,
DaqBiCCaOMM3AixbQYLEjw,19.47600849553474,-99.11590668988214,,,,False,152.29827586206895,29,11,0.3793103448275862,0.8316146731376648,225,-4,street_depth,/home/runner/work/sample_website/sample_website/.cache/gsv_estrella_fast/panoramas/coarse/z1_DaqBiCCaOMM3AixbQYLEjw.jpg,/home/runner/work/sample_website/sample_website/.cache/gsv_estrella_fast/best_views/coarse/DaqBiCCaOMM3AixbQYLEjw.jpg,
2rmazz6DL5kSdHuLu1d_gw,19.4782094125588,-99.12236968364682,,,,False,152.18214285714285,28,11,0.39285714285714285,0.7827014327049255,45,-4,left_houses,/home/runner/work/sample_website/sample_website/.cache/gsv_estrella_fast/panoramas/coarse/z1_2rmazz6DL5kSdHuLu1d_gw.jpg,/home/runner/work/sample_website/sample_website/.cache/gsv_estrella_fast/best_views/coarse/2rmazz6DL5kSdHuLu1d_gw.jpg,
aQHCniTdLxhIM_2xbV2kSg,19.47469664937489,-99.11641642956089,,,,False,152.18214285714285,28,11,0.39285714285714285,0.822332501411438,135,-4,left_houses,/home/runner/work/sample_website/sample_website/.cache/gsv_estrella_fast/panoramas/coarse/z1_aQHCniTdLxhIM_2xbV2kSg.jpg,/home/runner/work/sample_website/sample_website/.cache/gsv_estrella_fast/best_views/coarse/aQHCniTdLxhIM_2xbV2kSg.jpg,
cUeWnvOJqKs7vz0mqBRC_Q,19.47526511534759,-99.11818146422316,,,,False,152.18214285714285,28,11,0.39285714285714285,0.6272646188735962,0,-4,left_houses,/home/runner/work/sample_website/sample_website/.cache/gsv_estrella_fast/panoramas/coarse/z1_cUeWnvOJqKs7vz0mqBRC_Q.jpg,/home/runner/work/sample_website/sample_website/.cache/gsv_estrella_fast/best_views/coarse/cUeWnvOJqKs7vz0mqBRC_Q.jpg,
EPpPlnT6hKorN82ClNEgoA,19.47197179124537,-99.11772844591266,,,,False,152.06851851851852,27,11,0.4074074074074074,0.6166031360626221,315,-4,street_depth,/home/runner/work/sample_website/sample_website/.cache/gsv_estrella_fast/panoramas/coarse/z1_EPpPlnT6hKorN82ClNEgoA.jpg,/home/runner/work/sample_website/sample_website/.cache/gsv_estrella_fast/best_views/coarse/EPpPlnT6hKorN82ClNEgoA.jpg,
JzqKamXbQ15CAzh2agHDBg,19.47038368759084,-99.11796896910484,,,,False,152.06851851851852,27,11,0.4074074074074074,0.5628777146339417,180,-4,left_houses,/home/runner/work/sample_website/sample_website/.cache/gsv_estrella_fast/panoramas/coarse/z1_JzqKamXbQ15CAzh2agHDBg.jpg,/home/runner/work/sample_website/sample_website/.cache/gsv_estrella_fast/best_views/coarse/JzqKamXbQ15CAzh2agHDBg.jpg,
OwLXyNQNC_bVuFroyBKtTA,19.47165321886129,-99.11576933594107,,,,False,152.06851851851852,27,11,0.4074074074074074,0.7395080327987671,225,-4,left_houses,/home/runner/work/sample_website/sample_website/.cache/gsv_estrella_fast/panoramas/coarse/z1_OwLXyNQNC_bVuFroyBKtTA.jpg,/home/runner/work/sample_website/sample_website/.cache/gsv_estrella_fast/best_views/coarse/OwLXyNQNC_bVuFroyBKtTA.jpg,
grC_ITqlJ62VU-_Aqp3usQ,19.47758861848586,-99.12210044160051,,,,False,151.95769230769233,26,11,0.4230769230769231,0.6194212436676025,90,-4,left_houses,/home/runner/work/sample_website/sample_website/.cache/gsv_estrella_fast/panoramas/coarse/z1_grC_ITqlJ62VU-_Aqp3usQ.jpg,/home/runner/work/sample_website/sample_website/.cache/gsv_estrella_fast/best_views/coarse/grC_ITqlJ62VU-_Aqp3usQ.jpg,
fJYSQHUNjXslP41e8uZVmw,19.47545278057905,-99.12254833456163,,,,False,151.95769230769233,26,11,0.4230769230769231,0.5562381148338318,45,-4,full,/home/runner/work/sample_website/sample_website/.cache/gsv_estrella_fast/panoramas/coarse/z1_fJYSQHUNjXslP41e8uZVmw.jpg,/home/runner/work/sample_website/sample_website/.cache/gsv_estrella_fast/best_views/coarse/fJYSQHUNjXslP41e8uZVmw.jpg,
gJRv5Lz4OJ5GVrGNLPgTpA,19.47641943160906,-99.11873174225126,,,,False,151.85,25,11,0.44,0.699744701385498,225,-4,left_houses,/home/runner/work/sample_website/sample_website/.cache/gsv_estrella_fast/panoramas/coarse/z1_gJRv5Lz4OJ5GVrGNLPgTpA.jpg,/home/runner/work/sample_website/sample_website/.cache/gsv_estrella_fast/best_views/coarse/gJRv5Lz4OJ5GVrGNLPgTpA.jpg,
T4KwnffKhJDR3O9q-rKIKg,19.47689102116338,-99.11372923141283,,,,False,151.85,25,11,0.44,0.8476492166519165,0,-4,left_houses,/home/runner/work/sample_website/sample_website/.cache/gsv_estrella_fast/panoramas/coarse/z1_T4KwnffKhJDR3O9q-rKIKg.jpg,/home/runner/work/sample_website/sample_website/.cache/gsv_estrella_fast/best_views/coarse/T4KwnffKhJDR3O9q-rKIKg.jpg,
7ttG4Tu-rIj-aGCNJfBfhA,19.47112683516254,-99.1153468073214,,,,False,151.85,25,11,0.44,0.8384881615638733,270,-4,left_houses,/home/runner/work/sample_website/sample_website/.cache/gsv_estrella_fast/panoramas/coarse/z1_7ttG4Tu-rIj-aGCNJfBfhA.jpg,/home/runner/work/sample_website/sample_website/.cache/gsv_estrella_fast/best_views/coarse/7ttG4Tu-rIj-aGCNJfBfhA.jpg,
0PRTGDDXu9aL5sWpYRyAfg,19.47667611723915,-99.12348566741157,,,,False,151.74583333333334,24,11,0.4583333333333333,0.5857464671134949,225,-4,street_depth,/home/runner/work/sample_website/sample_website/.cache/gsv_estrella_fast/panoramas/coarse/z1_0PRTGDDXu9aL5sWpYRyAfg.jpg,/home/runner/work/sample_website/sample_website/.cache/gsv_estrella_fast/best_views/coarse/0PRTGDDXu9aL5sWpYRyAfg.jpg,
K6o0vZJ_x7BcAL-qWPWzOw,19.47390638246509,-99.121342279786,,,,False,151.74583333333334,24,11,0.4583333333333333,0.5144694447517395,45,-4,left_houses,/home/runner/work/sample_website/sample_website/.cache/gsv_estrella_fast/panoramas/coarse/z1_K6o0vZJ_x7BcAL-qWPWzOw.jpg,/home/runner/work/sample_website/sample_website/.cache/gsv_estrella_fast/best_views/coarse/K6o0vZJ_x7BcAL-qWPWzOw.jpg,
GhZOlUiH4E7c-TH2nVc59w,19.47593951156146,-99.1140967941892,,,,False,151.74583333333334,24,11,0.4583333333333333,0.763418972492218,90,-4,full,/home/runner/work/sample_website/sample_website/.cache/gsv_estrella_fast/panoramas/coarse/z1_GhZOlUiH4E7c-TH2nVc59w.jpg,/home/runner/work/sample_website/sample_website/.cache/gsv_estrella_fast/best_views/coarse/GhZOlUiH4E7c-TH2nVc59w.jpg,
zpjP34Q7bV_Dzy-1dLCYrw,19.47782014585174,-99.11870489521438,,,,False,151.64565217391302,23,11,0.4782608695652174,0.7587801218032837,0,-4,upper_full,/home/runner/work/sample_website/sample_website/.cache/gsv_estrella_fast/panoramas/coarse/z1_zpjP34Q7bV_Dzy-1dLCYrw.jpg,/home/runner/work/sample_website/sample_website/.cache/gsv_estrella_fast/best_views/coarse/zpjP34Q7bV_Dzy-1dLCYrw.jpg,
iE6N4Mv_5TFVvdm3YsFcYQ,19.47420597000992,-99.1189142685716,,,,False,151.64565217391302,23,11,0.4782608695652174,0.6503864526748657,270,-4,left_houses,/home/runner/work/sample_website/sample_website/.cache/gsv_estrella_fast/panoramas/coarse/z1_iE6N4Mv_5TFVvdm3YsFcYQ.jpg,/home/runner/work/sample_website/sample_website/.cache/gsv_estrella_fast/best_views/coarse/iE6N4Mv_5TFVvdm3YsFcYQ.jpg,
cnlks2xlZduj0RaxfCbPqQ,19.47058972870192,-99.1204041278239,,,,False,151.64565217391302,23,11,0.4782608695652174,0.5732702612876892,180,-4,left_houses,/home/runner/work/sample_website/sample_website/.cache/gsv_estrella_fast/panoramas/coarse/z1_cnlks2xlZduj0RaxfCbPqQ.jpg,/home/runner/work/sample_website/sample_website/.cache/gsv_estrella_fast/best_views/coarse/cnlks2xlZduj0RaxfCbPqQ.jpg,
acFSZoE6S9OBIjWl3tKwKA,19.47614377682081,-99.11448149594968,,,,False,151.64565217391302,23,11,0.4782608695652174,0.8068042993545532,180,-4,left_houses,/home/runner/work/sample_website/sample_website/.cache/gsv_estrella_fast/panoramas/coarse/z1_acFSZoE6S9OBIjWl3tKwKA.jpg,/home/runner/work/sample_website/sample_website/.cache/gsv_estrella_fast/best_views/coarse/acFSZoE6S9OBIjWl3tKwKA.jpg,
SFpdyEjt1ThS-SAhT1cMdA,19.47571784427258,-99.1132759851109,,,,False,151.64565217391302,23,11,0.4782608695652174,0.5561267733573914,90,-4,left_houses,/home/runner/work/sample_website/sample_website/.cache/gsv_estrella_fast/panoramas/coarse/z1_SFpdyEjt1ThS-SAhT1cMdA.jpg,/home/runner/work/sample_website/sample_website/.cache/gsv_estrella_fast/best_views/coarse/SFpdyEjt1ThS-SAhT1cMdA.jpg,
hKGBDfDuSSqLY6_nra0wAg,19.47836859801136,-99.12013877600602,,,,False,151.55,22,11,0.5,0.5736221671104431,45,-4,upper_full,/home/runner/work/sample_website/sample_website/.cache/gsv_estrella_fast/panoramas/coarse/z1_hKGBDfDuSSqLY6_nra0wAg.jpg,/home/runner/work/sample_website/sample_website/.cache/gsv_estrella_fast/best_views/coarse/hKGBDfDuSSqLY6_nra0wAg.jpg,
BqHJ3nfgFgpuKRVIPHxSWA,19.47930917360686,-99.12075601794508,,,,False,151.55,22,11,0.5,0.7198022603988647,225,-4,full,/home/runner/work/sample_website/sample_website/.cache/gsv_estrella_fast/panoramas/coarse/z1_BqHJ3nfgFgpuKRVIPHxSWA.jpg,/home/runner/work/sample_website/sample_website/.cache/gsv_estrella_fast/best_views/coarse/BqHJ3nfgFgpuKRVIPHxSWA.jpg,
_1baWyj8jYKffBOgmFyr9Q,19.47084270998162,-99.12007250150886,,,,False,151.55,22,11,0.5,0.5908732414245605,270,-4,left_houses,/home/runner/work/sample_website/sample_website/.cache/gsv_estrella_fast/panoramas/coarse/z1__1baWyj8jYKffBOgmFyr9Q.jpg,/home/runner/work/sample_website/sample_website/.cache/gsv_estrella_fast/best_views/coarse/_1baWyj8jYKffBOgmFyr9Q.jpg,
nXR7lFeVkY0zOZKgf0baCA,19.47139273913835,-99.11608211830786,,,,False,151.55,22,11,0.5,0.5940895080566406,0,-4,left_houses,/home/runner/work/sample_website/sample_website/.cache/gsv_estrella_fast/panoramas/coarse/z1_nXR7lFeVkY0zOZKgf0baCA.jpg,/home/runner/work/sample_website/sample_website/.cache/gsv_estrella_fast/best_views/coarse/nXR7lFeVkY0zOZKgf0baCA.jpg,
IMQJ3R6J2Qd5LOKEqMfFlw,19.47685234514492,-99.11806200424397,,,,False,151.4914217983975,34,11,0.3235294117647059,0.4527532756328583,270,-4,street_depth,/home/runner/work/sample_website/sample_website/.cache/gsv_estrella_fast/panoramas/coarse/z1_IMQJ3R6J2Qd5LOKEqMfFlw.jpg,/home/runner/work/sample_website/sample_website/.cache/gsv_estrella_fast/best_views/coarse/IMQJ3R6J2Qd5LOKEqMfFlw.jpg,
0uerRnNBBc3GdTu-HM8jog,19.47683635437991,-99.12239399905975,,,,False,151.4595238095238,21,11,0.5238095238095238,0.5685833692550659,270,-4,right_depth,/home/runner/work/sample_website/sample_website/.cache/gsv_estrella_fast/panoramas/coarse/z1_0uerRnNBBc3GdTu-HM8jog.jpg,/home/runner/work/sample_website/sample_website/.cache/gsv_estrella_fast/best_views/coarse/0uerRnNBBc3GdTu-HM8jog.jpg,
QL2EGFd4QwmPQ7-6bz9GRg,19.4795141832623,-99.12018478826886,,,,False,151.4595238095238,21,11,0.5238095238095238,0.8513913154602051,45,-4,street_depth,/home/runner/work/sample_website/sample_website/.cache/gsv_estrella_fast/panoramas/coarse/z1_QL2EGFd4QwmPQ7-6bz9GRg.jpg,/home/runner/work/sample_website/sample_website/.cache/gsv_estrella_fast/best_views/coarse/QL2EGFd4QwmPQ7-6bz9GRg.jpg,
cy2JMt_W2e0y-_NuraKLAA,19.47623653898793,-99.11780062812134,,,,False,151.4595238095238,21,11,0.5238095238095238,0.6719620823860168,270,-4,left_houses,/home/runner/work/sample_website/sample_website/.cache/gsv_estrella_fast/panoramas/coarse/z1_cy2JMt_W2e0y-_NuraKLAA.jpg,/home/runner/work/sample_website/sample_website/.cache/gsv_estrella_fast/best_views/coarse/cy2JMt_W2e0y-_NuraKLAA.jpg,
MyRe37IxZg_RM-HAox7y8g,19.47841601703252,-99.11444823441197,,,,False,151.4595238095238,21,11,0.5238095238095238,0.872976541519165,0,-4,left_houses,/home/runner/work/sample_website/sample_website/.cache/gsv_estrella_fast/panoramas/coarse/z1_MyRe37IxZg_RM-HAox7y8g.jpg,/home/runner/work/sample_website/sample_website/.cache/gsv_estrella_fast/best_views/coarse/MyRe37IxZg_RM-HAox7y8g.jpg,
gDyokGlp_RJqWQ0TmqRIig,19.47378235846531,-99.11448394413446,,,,False,151.4595238095238,21,11,0.5238095238095238,0.5276027917861938,225,-4,right_depth,/home/runner/work/sample_website/sample_website/.cache/gsv_estrella_fast/panoramas/coarse/z1_gDyokGlp_RJqWQ0TmqRIig.jpg,/home/runner/work/sample_website/sample_website/.cache/gsv_estrella_fast/best_views/coarse/gDyokGlp_RJqWQ0TmqRIig.jpg,
TaBNeuSaUiI5iigJzIxc8A,19.47723091066154,-99.11369656112396,,,,False,151.375,20,11,0.55,0.5763603448867798,315,-4,upper_full,/home/runner/work/sample_website/sample_website/.cache/gsv_estrella_fast/panoramas/coarse/z1_TaBNeuSaUiI5iigJzIxc8A.jpg,/home/runner/work/sample_website/sample_website/.cache/gsv_estrella_fast/best_views/coarse/TaBNeuSaUiI5iigJzIxc8A.jpg,
TIm1xtYYEwo2sXCzUqFwGw,19.47126992203773,-99.12226406365782,,,,False,151.29736842105262,19,11,0.5789473684210527,0.8227152228355408,225,-4,left_houses,/home/runner/work/sample_website/sample_website/.cache/gsv_estrella_fast/panoramas/coarse/z1_TIm1xtYYEwo2sXCzUqFwGw.jpg,/home/runner/work/sample_website/sample_website/.cache/gsv_estrella_fast/best_views/coarse/TIm1xtYYEwo2sXCzUqFwGw.jpg,
IkmiteMAJ-JGSmImisXdfA,19.4700621068993,-99.1200706441352,,,,False,151.29736842105262,19,11,0.5789473684210527,0.5072579979896545,225,-4,left_houses,/home/runner/work/sample_website/sample_website/.cache/gsv_estrella_fast/panoramas/coarse/z1_IkmiteMAJ-JGSmImisXdfA.jpg,/home/runner/work/sample_website/sample_website/.cache/gsv_estrella_fast/best_views/coarse/IkmiteMAJ-JGSmImisXdfA.jpg,
bOMgRcn1SGIofWwDaqGA7g,19.47658832541062,-99.11384471719236,,,,False,151.29736842105262,19,11,0.5789473684210527,0.6114485263824463,180,-4,left_houses,/home/runner/work/sample_website/sample_website/.cache/gsv_estrella_fast/panoramas/coarse/z1_bOMgRcn1SGIofWwDaqGA7g.jpg,/home/runner/work/sample_website/sample_website/.cache/gsv_estrella_fast/best_views/coarse/bOMgRcn1SGIofWwDaqGA7g.jpg,
sqTXNWYpCWcx5UjT5rLKWw,19.4759985941105,-99.12375060819853,,,,False,151.22777777777776,18,11,0.6111111111111112,0.6524438261985779,0,-4,left_houses,/home/runner/work/sample_website/sample_website/.cache/gsv_estrella_fast/panoramas/coarse/z1_sqTXNWYpCWcx5UjT5rLKWw.jpg,/home/runner/work/sample_website/sample_website/.cache/gsv_estrella_fast/best_views/coarse/sqTXNWYpCWcx5UjT5rLKWw.jpg,
RVydD5Sgg2IQMy13acgoQw,19.47899064956923,-99.1187187408549,,,,False,151.22777777777776,18,11,0.6111111111111112,0.7445424199104309,0,-4,left_houses,/home/runner/work/sample_website/sample_website/.cache/gsv_estrella_fast/panoramas/coarse/z1_RVydD5Sgg2IQMy13acgoQw.jpg,/home/runner/work/sample_website/sample_website/.cache/gsv_estrella_fast/best_views/coarse/RVydD5Sgg2IQMy13acgoQw.jpg,
TQVXxehfK1FtiiObPOSHsg,19.47327326931307,-99.11624902049327,,,,False,151.16764705882355,17,11,0.6470588235294118,0.6705958247184753,180,-4,left_houses,/home/runner/work/sample_website/sample_website/.cache/gsv_estrella_fast/panoramas/coarse/z1_TQVXxehfK1FtiiObPOSHsg.jpg,/home/runner/work/sample_website/sample_website/.cache/gsv_estrella_fast/best_views/coarse/TQVXxehfK1FtiiObPOSHsg.jpg,
FhhXAEV4KptOb_A0jjtY6w,19.47576209414873,-99.11555152870099,,,,False,151.11875,16,11,0.6875,0.6703131794929504,270,-4,left_houses,/home/runner/work/sample_website/sample_website/.cache/gsv_estrella_fast/panoramas/coarse/z1_FhhXAEV4KptOb_A0jjtY6w.jpg,/home/runner/work/sample_website/sample_website/.cache/gsv_estrella_fast/best_views/coarse/FhhXAEV4KptOb_A0jjtY6w.jpg,
QKiFMSykiBkGwwElEr8tcg,19.47729580615919,-99.11701203047667,,,,False,151.08333333333334,15,11,0.7333333333333333,0.5328474044799805,90,-4,left_houses,/home/runner/work/sample_website/sample_website/.cache/gsv_estrella_fast/panoramas/coarse/z1_QKiFMSykiBkGwwElEr8tcg.jpg,/home/runner/work/sample_website/sample_website/.cache/gsv_estrella_fast/best_views/coarse/QKiFMSykiBkGwwElEr8tcg.jpg,
KiDgUo2dD_XAPGuf6Zugqw,19.47346042895404,-99.12079654281868,,,,False,150.92452686921408,23,11,0.4782608695652174,0.47596248984336853,270,-4,left_houses,/home/runner/work/sample_website/sample_website/.cache/gsv_estrella_fast/panoramas/coarse/z1_KiDgUo2dD_XAPGuf6Zugqw.jpg,/home/runner/work/sample_website/sample_website/.cache/gsv_estrella_fast/best_views/coarse/KiDgUo2dD_XAPGuf6Zugqw.jpg,
Gfv1kvxQxo5MkMj0Z7diEQ,19.47937696542159,-99.11922208217342,,,,False,150.6192064523697,16,11,0.6875,0.483348548412323,90,-4,left_houses,/home/runner/work/sample_website/sample_website/.cache/gsv_estrella_fast/panoramas/coarse/z1_Gfv1kvxQxo5MkMj0Z7diEQ.jpg,/home/runner/work/sample_website/sample_website/.cache/gsv_estrella_fast/best_views/coarse/Gfv1kvxQxo5MkMj0Z7diEQ.jpg,
fKHleXWld3Ube5WRRGVlSA,19.47648958244087,-99.11616814422632,,,,False,150.45785081386566,20,11,0.55,0.4694283604621887,225,-4,full,/home/runner/work/sample_website/sample_website/.cache/gsv_estrella_fast/panoramas/coarse/z1_fKHleXWld3Ube5WRRGVlSA.jpg,/home/runner/work/sample_website/sample_website/.cache/gsv_estrella_fast/best_views/coarse/fKHleXWld3Ube5WRRGVlSA.jpg,
29AusW6IIn-UE-as5RIBAA,19.47462890719209,-99.12426951644106,,,,False,150.09401542288916,28,11,0.39285714285714285,0.4303957521915436,45,-4,upper_full,/home/runner/work/sample_website/sample_website/.cache/gsv_estrella_fast/panoramas/coarse/z1_29AusW6IIn-UE-as5RIBAA.jpg,/home/runner/work/sample_website/sample_website/.cache/gsv_estrella_fast/best_views/coarse/29AusW6IIn-UE-as5RIBAA.jpg,
JdQJKgTMNZO7KyfXJvXm_Q,19.47548972214247,-99.12317589550246,,,,False,149.80676541970328,26,11,0.4230769230769231,0.42830243706703186,315,-4,full,/home/runner/work/sample_website/sample_website/.cache/gsv_estrella_fast/panoramas/coarse/z1_JdQJKgTMNZO7KyfXJvXm_Q.jpg,/home/runner/work/sample_website/sample_website/.cache/gsv_estrella_fast/best_views/coarse/JdQJKgTMNZO7KyfXJvXm_Q.jpg,
oSBcMvE-XE2bcMam6a2zMA,19.47302375764336,-99.11554359309959,,,,False,149.47750347455343,24,11,0.4583333333333333,0.4243890047073364,270,-4,left_houses,/home/runner/work/sample_website/sample_website/.cache/gsv_estrella_fast/panoramas/coarse/z1_oSBcMvE-XE2bcMam6a2zMA.jpg,/home/runner/work/sample_website/sample_website/.cache/gsv_estrella_fast/best_views/coarse/oSBcMvE-XE2bcMam6a2zMA.jpg,
1AetpalHeyOZ6-9EuQJGWA,19.47281836202788,-99.12014325059188,,,,False,149.24804149866105,22,11,0.5,0.42326804995536804,180,-4,right_depth,/home/runner/work/sample_website/sample_website/.cache/gsv_estrella_fast/panoramas/coarse/z1_1AetpalHeyOZ6-9EuQJGWA.jpg,/home/runner/work/sample_website/sample_website/.cache/gsv_estrella_fast/best_views/coarse/1AetpalHeyOZ6-9EuQJGWA.jpg,
yC6XupjJVCaBzEuOTzAv_w,19.47087694558522,-99.12137782373702,,,,False,148.94334174451373,21,11,0.5238095238095238,0.4161272644996643,135,-4,full,/home/runner/work/sample_website/sample_website/.cache/gsv_estrella_fast/panoramas/coarse/z1_yC6XupjJVCaBzEuOTzAv_w.jpg,/home/runner/work/sample_website/sample_website/.cache/gsv_estrella_fast/best_views/coarse/yC6XupjJVCaBzEuOTzAv_w.jpg,
IR6Z9QW2kSVSKhYalQeRTw,19.47461686565038,-99.12205290852697,,,,False,148.87156766549398,23,11,0.4782608695652174,0.4075305163860321,225,-4,left_houses,/home/runner/work/sample_website/sample_website/.cache/gsv_estrella_fast/panoramas/coarse/z1_IR6Z9QW2kSVSKhYalQeRTw.jpg,/home/runner/work/sample_website/sample_website/.cache/gsv_estrella_fast/best_views/coarse/IR6Z9QW2kSVSKhYalQeRTw.jpg,
7wQBITMbGwrQ-wPSroSwOw,19.4748422409735,-99.11884301402873,,,,False,148.72306625292853,26,11,0.4230769230769231,0.39217913150787354,45,-4,street_depth,/home/runner/work/sample_website/sample_website/.cache/gsv_estrella_fast/panoramas/coarse/z1_7wQBITMbGwrQ-wPSroSwOw.jpg,/home/runner/work/sample_website/sample_website/.cache/gsv_estrella_fast/best_views/coarse/7wQBITMbGwrQ-wPSroSwOw.jpg,
xIUQbbUJogVsG7VCHZOLRw,19.47276291972553,-99.119042510024,,,,False,148.30359843969345,25,11,0.44,0.38178661465644836,315,-4,right_depth,/home/runner/work/sample_website/sample_website/.cache/gsv_estrella_fast/panoramas/coarse/z1_xIUQbbUJogVsG7VCHZOLRw.jpg,/home/runner/work/sample_website/sample_website/.cache/gsv_estrella_fast/best_views/coarse/xIUQbbUJogVsG7VCHZOLRw.jpg,
J3PesbkGIRft21nQPLWXgw,19.47437435764165,-99.11517475734739,,,,False,147.8659020055895,23,11,0.4782608695652174,0.37400832772254944,0,-4,street_depth,/home/runner/work/sample_website/sample_website/.cache/gsv_estrella_fast/panoramas/coarse/z1_J3PesbkGIRft21nQPLWXgw.jpg,/home/runner/work/sample_website/sample_website/.cache/gsv_estrella_fast/best_views/coarse/J3PesbkGIRft21nQPLWXgw.jpg,
3dF9hPF6pkLxr5bdmxt3PQ,19.47306626374981,-99.12370104782518,,,,False,147.79830980168447,18,11,0.6111111111111112,0.38568440079689026,180,-4,street_depth,/home/runner/work/sample_website/sample_website/.cache/gsv_estrella_fast/panoramas/coarse/z1_3dF9hPF6pkLxr5bdmxt3PQ.jpg,/home/runner/work/sample_website/sample_website/.cache/gsv_estrella_fast/best_views/coarse/3dF9hPF6pkLxr5bdmxt3PQ.jpg,
NeQeC-Vk0Vzyri0jD13KhA,19.47326489463992,-99.12362320348481,,,,False,147.7542959411939,24,11,0.4583333333333333,0.3669487535953522,90,-4,full,/home/runner/work/sample_website/sample_website/.cache/gsv_estrella_fast/panoramas/coarse/z1_NeQeC-Vk0Vzyri0jD13KhA.jpg,/home/runner/work/sample_website/sample_website/.cache/gsv_estrella_fast/best_views/coarse/NeQeC-Vk0Vzyri0jD13KhA.jpg,
-9Popk8U51mt5i37t8dtUA,19.47106596908957,-99.11444392898551,,,,False,146.99380439029022,17,11,0.6470588235294118,0.36087191104888916,90,-4,left_houses,/home/runner/work/sample_website/sample_website/.cache/gsv_estrella_fast/panoramas/coarse/z1_-9Popk8U51mt5i37t8dtUA.jpg,/home/runner/work/sample_website/sample_website/.cache/gsv_estrella_fast/best_views/coarse/-9Popk8U51mt5i37t8dtUA.jpg,
1BoaU86SEPFzzYmpoqwE4w,19.47109905838497,-99.11526095113003,,,,False,146.96262853940328,24,11,0.4583333333333333,0.34055984020233154,0,-4,left_houses,/home/runner/work/sample_website/sample_website/.cache/gsv_estrella_fast/panoramas/coarse/z1_1BoaU86SEPFzzYmpoqwE4w.jpg,/home/runner/work/sample_website/sample_website/.cache/gsv_estrella_fast/best_views/coarse/1BoaU86SEPFzzYmpoqwE4w.jpg,
u-YMfDj0_RI7eNjGMxIAnw,19.47420370537361,-99.12417698065333,,,,False,145.94217163236053,27,11,0.4074074074074074,0.295788437128067,225,-4,left_houses,/home/runner/work/sample_website/sample_website/.cache/gsv_estrella_fast/panoramas/coarse/z1_u-YMfDj0_RI7eNjGMxIAnw.jpg,/home/runner/work/sample_website/sample_website/.cache/gsv_estrella_fast/best_views/coarse/u-YMfDj0_RI7eNjGMxIAnw.jpg,
a2CuUl1K2PaqTYtChpAwzg,19.47711111349403,-99.11745888182023,,,,False,145.93177107572555,25,11,0.44,0.3027257025241852,45,-4,full,/home/runner/work/sample_website/sample_website/.cache/gsv_estrella_fast/panoramas/coarse/z1_a2CuUl1K2PaqTYtChpAwzg.jpg,/home/runner/work/sample_website/sample_website/.cache/gsv_estrella_fast/best_views/coarse/a2CuUl1K2PaqTYtChpAwzg.jpg,
Eh4e_PqrwZcSHPJjmzDyFQ,19.47631586743388,-99.11488536303621,,,,False,145.02334359678727,29,11,0.3793103448275862,0.2575022578239441,0,-4,full,/home/runner/work/sample_website/sample_website/.cache/gsv_estrella_fast/panoramas/coarse/z1_Eh4e_PqrwZcSHPJjmzDyFQ.jpg,/home/runner/work/sample_website/sample_website/.cache/gsv_estrella_fast/best_views/coarse/Eh4e_PqrwZcSHPJjmzDyFQ.jpg,
2HU7vcc2aLQGXocXS0pMnw,19.4733001146236,-99.116053752569,,,,False,144.5252598052933,21,11,0.5238095238095238,0.26885786652565,90,-4,full,/home/runner/work/sample_website/sample_website/.cache/gsv_estrella_fast/panoramas/coarse/z1_2HU7vcc2aLQGXocXS0pMnw.jpg,/home/runner/work/sample_website/sample_website/.cache/gsv_estrella_fast/best_views/coarse/2HU7vcc2aLQGXocXS0pMnw.jpg,
3HfaJftR-5wlEIipA1uW7g,19.47482223716261,-99.12009504327432,,,,False,143.577383432218,28,11,0.39285714285714285,0.21317468583583832,225,-4,left_houses,/home/runner/work/sample_website/sample_website/.cache/gsv_estrella_fast/panoramas/coarse/z1_3HfaJftR-5wlEIipA1uW7g.jpg,/home/runner/work/sample_website/sample_website/.cache/gsv_estrella_fast/best_views/coarse/3HfaJftR-5wlEIipA1uW7g.jpg,
3Rv2DNKxHneFnkDWS197_A,19.47862227503542,-99.1186119437507,,,,False,143.44195402917407,21,11,0.5238095238095238,0.23274767398834229,315,-4,left_houses,/home/runner/work/sample_website/sample_website/.cache/gsv_estrella_fast/panoramas/coarse/z1_3Rv2DNKxHneFnkDWS197_A.jpg,/home/runner/work/sample_website/sample_website/.cache/gsv_estrella_fast/best_views/coarse/3Rv2DNKxHneFnkDWS197_A.jpg,
JqK-YoFzOnt5v2d2HWkDpg,19.4732960530449,-99.12402145998144,,,,False,142.84975019437925,28,11,0.39285714285714285,0.18892024457454681,135,-4,left_houses,/home/runner/work/sample_website/sample_website/.cache/gsv_estrella_fast/panoramas/coarse/z1_JqK-YoFzOnt5v2d2HWkDpg.jpg,/home/runner/work/sample_website/sample_website/.cache/gsv_estrella_fast/best_views/coarse/JqK-YoFzOnt5v2d2HWkDpg.jpg,
0xjc2kQVxGd7jTPT6kS3OA,19.4789466399519,-99.11859818255319,,,,False,142.45506825447083,16,11,0.6875,0.21121060848236084,0,-4,upper_full,/home/runner/work/sample_website/sample_website/.cache/gsv_estrella_fast/panoramas/coarse/z1_0xjc2kQVxGd7jTPT6kS3OA.jpg,/home/runner/work/sample_website/sample_website/.cache/gsv_estrella_fast/best_views/coarse/0xjc2kQVxGd7jTPT6kS3OA.jpg,
rmrURnJXnDVqMu_fupNB9w,19.47779896707671,-99.11531329215998,,,,False,142.16542573163383,19,11,0.5789473684210527,0.1956019103527069,90,-4,left_houses,/home/runner/work/sample_website/sample_website/.cache/gsv_estrella_fast/panoramas/coarse/z1_rmrURnJXnDVqMu_fupNB9w.jpg,/home/runner/work/sample_website/sample_website/.cache/gsv_estrella_fast/best_views/coarse/rmrURnJXnDVqMu_fupNB9w.jpg,
xtK3e9tgpxd2yoOUrJrDbA,19.47814995352788,-99.11602876371217,,,,False,140.83529411764707,34,10,0.29411764705882354,0.550403892993927,270,-4,street_depth,/home/runner/work/sample_website/sample_website/.cache/gsv_estrella_fast/panoramas/coarse/z1_xtK3e9tgpxd2yoOUrJrDbA.jpg,/home/runner/work/sample_website/sample_website/.cache/gsv_estrella_fast/best_views/coarse/xtK3e9tgpxd2yoOUrJrDbA.jpg,
Tbhn04wZq9PFcoZZji-9dA,19.4716960910861,-99.12220200881335,,,,False,140.33333333333334,30,10,0.3333333333333333,0.6034690737724304,225,-4,left_houses,/home/runner/work/sample_website/sample_website/.cache/gsv_estrella_fast/panoramas/coarse/z1_Tbhn04wZq9PFcoZZji-9dA.jpg,/home/runner/work/sample_website/sample_website/.cache/gsv_estrella_fast/best_views/coarse/Tbhn04wZq9PFcoZZji-9dA.jpg,
luDLT4OhoVqBj_CYwXerAA,19.47247505850788,-99.11501427338304,,,,False,140.33333333333334,30,10,0.3333333333333333,0.881000280380249,315,-4,left_houses,/home/runner/work/sample_website/sample_website/.cache/gsv_estrella_fast/panoramas/coarse/z1_luDLT4OhoVqBj_CYwXerAA.jpg,/home/runner/work/sample_website/sample_website/.cache/gsv_estrella_fast/best_views/coarse/luDLT4OhoVqBj_CYwXerAA.jpg,
6Jfi_yYWFJopk1jGPouVGQ,19.47103501368347,-99.1150792773697,,,,False,140.33333333333334,30,10,0.3333333333333333,0.6664299368858337,0,-4,left_houses,/home/runner/work/sample_website/sample_website/.cache/gsv_estrella_fast/panoramas/coarse/z1_6Jfi_yYWFJopk1jGPouVGQ.jpg,/home/runner/work/sample_website/sample_website/.cache/gsv_estrella_fast/best_views/coarse/6Jfi_yYWFJopk1jGPouVGQ.jpg,
W8sClfgnnZTKgeuI_1FGAQ,19.47732973680652,-99.12270908695501,,,,False,140.21206896551723,29,10,0.3448275862068966,0.8359399437904358,270,-4,left_houses,/home/runner/work/sample_website/sample_website/.cache/gsv_estrella_fast/panoramas/coarse/z1_W8sClfgnnZTKgeuI_1FGAQ.jpg,/home/runner/work/sample_website/sample_website/.cache/gsv_estrella_fast/best_views/coarse/W8sClfgnnZTKgeuI_1FGAQ.jpg,
l8_LvTKBozS814e9zGnu6g,19.47259616914706,-99.12343602277294,,,,False,140.18268984556198,20,11,0.55,0.12692299485206604,225,-4,left_houses,/home/runner/work/sample_website/sample_website/.cache/gsv_estrella_fast/panoramas/coarse/z1_l8_LvTKBozS814e9zGnu6g.jpg,/home/runner/work/sample_website/sample_website/.cache/gsv_estrella_fast/best_views/coarse/l8_LvTKBozS814e9zGnu6g.jpg,
XYKw-pG9SVGckF6ymiPyMA,19.47012085317091,-99.11913250711095,,,,False,140.09285714285713,28,10,0.35714285714285715,0.5643562078475952,180,-4,left_houses,/home/runner/work/sample_website/sample_website/.cache/gsv_estrella_fast/panoramas/coarse/z1_XYKw-pG9SVGckF6ymiPyMA.jpg,/home/runner/work/sample_website/sample_website/.cache/gsv_estrella_fast/best_views/coarse/XYKw-pG9SVGckF6ymiPyMA.jpg,
3bY_tXHGnfjKaYZLmWW3pw,19.47573176501063,-99.12016553909879,,,,False,139.97592592592594,27,10,0.37037037037037035,0.6514587998390198,0,-4,left_houses,/home/runner/work/sample_website/sample_website/.cache/gsv_estrella_fast/panoramas/coarse/z1_3bY_tXHGnfjKaYZLmWW3pw.jpg,/home/runner/work/sample_website/sample_website/.cache/gsv_estrella_fast/best_views/coarse/3bY_tXHGnfjKaYZLmWW3pw.jpg,
agBWwnmFz3okKDnP1oi1YA,19.4744275950302,-99.11562598831854,,,,False,139.97592592592594,27,10,0.37037037037037035,0.548956573009491,180,-4,street_depth,/home/runner/work/sample_website/sample_website/.cache/gsv_estrella_fast/panoramas/coarse/z1_agBWwnmFz3okKDnP1oi1YA.jpg,/home/runner/work/sample_website/sample_website/.cache/gsv_estrella_fast/best_views/coarse/agBWwnmFz3okKDnP1oi1YA.jpg,
7lfJP7b3g2N57QWNNvhW2A,19.47727252298151,-99.12227470163602,,,,False,139.86153846153846,26,10,0.38461538461538464,0.5958686470985413,180,-4,street_depth,/home/runner/work/sample_website/sample_website/.cache/gsv_estrella_fast/panoramas/coarse/z1_7lfJP7b3g2N57QWNNvhW2A.jpg,/home/runner/work/sample_website/sample_website/.cache/gsv_estrella_fast/best_views/coarse/7lfJP7b3g2N57QWNNvhW2A.jpg,
gL21aPZYBtKh3nfcpjmbOg,19.47659479150354,-99.11816331304873,,,,False,139.86153846153846,26,10,0.38461538461538464,0.5329151153564453,45,-4,street_depth,/home/runner/work/sample_website/sample_website/.cache/gsv_estrella_fast/panoramas/coarse/z1_gL21aPZYBtKh3nfcpjmbOg.jpg,/home/runner/work/sample_website/sample_website/.cache/gsv_estrella_fast/best_views/coarse/gL21aPZYBtKh3nfcpjmbOg.jpg,
tAEbBk9cjlA3lA31_1K5wA,19.47598177603853,-99.11556630242912,,,,False,139.86153846153846,26,10,0.38461538461538464,0.881000280380249,180,-4,left_houses,/home/runner/work/sample_website/sample_website/.cache/gsv_estrella_fast/panoramas/coarse/z1_tAEbBk9cjlA3lA31_1K5wA.jpg,/home/runner/work/sample_website/sample_website/.cache/gsv_estrella_fast/best_views/coarse/tAEbBk9cjlA3lA31_1K5wA.jpg,
7NB5AzYXlez0HzQAQatLkQ,19.47881433250648,-99.11670903747823,,,,False,139.77792572029705,29,10,0.3448275862068966,0.4855285584926605,90,-4,street_depth,/home/runner/work/sample_website/sample_website/.cache/gsv_estrella_fast/panoramas/coarse/z1_7NB5AzYXlez0HzQAQatLkQ.jpg,/home/runner/work/sample_website/sample_website/.cache/gsv_estrella_fast/best_views/coarse/7NB5AzYXlez0HzQAQatLkQ.jpg,
2a2b_H27WfLSsKhFA19NDQ,19.47439293184624,-99.1227710577645,,,,False,139.75,25,10,0.4,0.5324103832244873,180,-4,left_houses,/home/runner/work/sample_website/sample_website/.cache/gsv_estrella_fast/panoramas/coarse/z1_2a2b_H27WfLSsKhFA19NDQ.jpg,/home/runner/work/sample_website/sample_website/.cache/gsv_estrella_fast/best_views/coarse/2a2b_H27WfLSsKhFA19NDQ.jpg,
JHnsrpcJ1JQEG5539rSIlw,19.47221196623369,-99.12359491949707,,,,False,139.75,25,10,0.4,0.6969267129898071,225,-4,left_houses,/home/runner/work/sample_website/sample_website/.cache/gsv_estrella_fast/panoramas/coarse/z1_JHnsrpcJ1JQEG5539rSIlw.jpg,/home/runner/work/sample_website/sample_website/.cache/gsv_estrella_fast/best_views/coarse/JHnsrpcJ1JQEG5539rSIlw.jpg,
As2uPYFR6gnvHKzYc9q1zw,19.46955413411991,-99.11705103383837,,,,False,139.75,25,10,0.4,0.6436753869056702,90,-4,left_houses,/home/runner/work/sample_website/sample_website/.cache/gsv_estrella_fast/panoramas/coarse/z1_As2uPYFR6gnvHKzYc9q1zw.jpg,/home/runner/work/sample_website/sample_website/.cache/gsv_estrella_fast/best_views/coarse/As2uPYFR6gnvHKzYc9q1zw.jpg,
GDjdAEyv0GHtGXboph7KfA,19.474367497544,-99.11289230218277,,,,False,139.75,25,10,0.4,0.6469735503196716,0,-4,upper_full,/home/runner/work/sample_website/sample_website/.cache/gsv_estrella_fast/panoramas/coarse/z1_GDjdAEyv0GHtGXboph7KfA.jpg,/home/runner/work/sample_website/sample_website/.cache/gsv_estrella_fast/best_views/coarse/GDjdAEyv0GHtGXboph7KfA.jpg,
5kurQpZtHyVTHoUvLCkbcA,19.47810176637495,-99.11881996606816,,,,False,139.64166666666665,24,10,0.4166666666666667,0.5677065849304199,225,-4,left_houses,/home/runner/work/sample_website/sample_website/.cache/gsv_estrella_fast/panoramas/coarse/z1_5kurQpZtHyVTHoUvLCkbcA.jpg,/home/runner/work/sample_website/sample_website/.cache/gsv_estrella_fast/best_views/coarse/5kurQpZtHyVTHoUvLCkbcA.jpg,
XXxDXjI0DqhSglwmwxYMKg,19.47285130105881,-99.11900907773611,,,,False,139.64166666666665,24,10,0.4166666666666667,0.5196440815925598,180,-4,left_houses,/home/runner/work/sample_website/sample_website/.cache/gsv_estrella_fast/panoramas/coarse/z1_XXxDXjI0DqhSglwmwxYMKg.jpg,/home/runner/work/sample_website/sample_website/.cache/gsv_estrella_fast/best_views/coarse/XXxDXjI0DqhSglwmwxYMKg.jpg,
SIAelvU7Hk2pIzjImPEwyw,19.47281370817192,-99.11624910491531,,,,False,139.64166666666665,24,10,0.4166666666666667,0.5494590997695923,0,-4,left_houses,/home/runner/work/sample_website/sample_website/.cache/gsv_estrella_fast/panoramas/coarse/z1_SIAelvU7Hk2pIzjImPEwyw.jpg,/home/runner/work/sample_website/sample_website/.cache/gsv_estrella_fast/best_views/coarse/SIAelvU7Hk2pIzjImPEwyw.jpg,
HJUh7hE0kix4vLOAcMT26w,19.47479100476248,-99.12059636702858,,,,False,139.5369565217391,23,10,0.43478260869565216,0.7268233895301819,225,-4,left_houses,/home/runner/work/sample_website/sample_website/.cache/gsv_estrella_fast/panoramas/coarse/z1_HJUh7hE0kix4vLOAcMT26w.jpg,/home/runner/work/sample_website/sample_website/.cache/gsv_estrella_fast/best_views/coarse/HJUh7hE0kix4vLOAcMT26w.jpg,
f9yLCZlzj49Ci2GLcaZX8A,19.4752972050988,-99.1203385285174,,,,False,139.5369565217391,23,10,0.43478260869565216,0.7183529138565063,225,-4,street_depth,/home/runner/work/sample_website/sample_website/.cache/gsv_estrella_fast/panoramas/coarse/z1_f9yLCZlzj49Ci2GLcaZX8A.jpg,/home/runner/work/sample_website/sample_website/.cache/gsv_estrella_fast/best_views/coarse/f9yLCZlzj49Ci2GLcaZX8A.jpg,
CO4eb58eB0O69aiODX1o8Q,19.47509117828841,-99.11824934120966,,,,False,139.5369565217391,23,10,0.43478260869565216,0.6106925010681152,135,-4,left_houses,/home/runner/work/sample_website/sample_website/.cache/gsv_estrella_fast/panoramas/coarse/z1_CO4eb58eB0O69aiODX1o8Q.jpg,/home/runner/work/sample_website/sample_website/.cache/gsv_estrella_fast/best_views/coarse/CO4eb58eB0O69aiODX1o8Q.jpg,
YDOw7jLlC2Fp94QO6GZeWQ,19.46963810754487,-99.1178913836225,,,,False,139.5369565217391,23,10,0.43478260869565216,0.5770769715309143,270,-4,upper_full,/home/runner/work/sample_website/sample_website/.cache/gsv_estrella_fast/panoramas/coarse/z1_YDOw7jLlC2Fp94QO6GZeWQ.jpg,/home/runner/work/sample_website/sample_website/.cache/gsv_estrella_fast/best_views/coarse/YDOw7jLlC2Fp94QO6GZeWQ.jpg,
MQWgMCGP-Av7wo5DEtEwHw,19.47842984829962,-99.11476421957977,,,,False,139.5369565217391,23,10,0.43478260869565216,0.55145663022995,315,-4,left_houses,/home/runner/work/sample_website/sample_website/.cache/gsv_estrella_fast/panoramas/coarse/z1_MQWgMCGP-Av7wo5DEtEwHw.jpg,/home/runner/work/sample_website/sample_website/.cache/gsv_estrella_fast/best_views/coarse/MQWgMCGP-Av7wo5DEtEwHw.jpg,
2soO0ldCtbyTeQzlY_y15Q,19.47620502106684,-99.11492554724772,,,,False,139.5369565217391,23,10,0.43478260869565216,0.5452360510826111,180,-4,left_houses,/home/runner/work/sample_website/sample_website/.cache/gsv_estrella_fast/panoramas/coarse/z1_2soO0ldCtbyTeQzlY_y15Q.jpg,/home/runner/work/sample_website/sample_website/.cache/gsv_estrella_fast/best_views/coarse/2soO0ldCtbyTeQzlY_y15Q.jpg,
Qt-i6lrFU3Ptg_vhNzl54Q,19.47152226614956,-99.12201998154768,,,,False,139.43636363636364,22,10,0.45454545454545453,0.5285474061965942,135,-4,full,/home/runner/work/sample_website/sample_website/.cache/gsv_estrella_fast/panoramas/coarse/z1_Qt-i6lrFU3Ptg_vhNzl54Q.jpg,/home/runner/work/sample_website/sample_website/.cache/gsv_estrella_fast/best_views/coarse/Qt-i6lrFU3Ptg_vhNzl54Q.jpg,
ukebYwd4IVfeY-2C_OFOAg,19.47961080017406,-99.12065107550343,,,,False,139.43636363636364,22,10,0.45454545454545453,0.6166686415672302,0,-4,street_depth,/home/runner/work/sample_website/sample_website/.cache/gsv_estrella_fast/panoramas/coarse/z1_ukebYwd4IVfeY-2C_OFOAg.jpg,/home/runner/work/sample_website/sample_website/.cache/gsv_estrella_fast/best_views/coarse/ukebYwd4IVfeY-2C_OFOAg.jpg,
8kENEQ_IfjdV2KDfiHyJCA,19.47315919204345,-99.1211255548973,,,,False,139.43636363636364,22,10,0.45454545454545453,0.5194013714790344,270,-4,left_houses,/home/runner/work/sample_website/sample_website/.cache/gsv_estrella_fast/panoramas/coarse/z1_8kENEQ_IfjdV2KDfiHyJCA.jpg,/home/runner/work/sample_website/sample_website/.cache/gsv_estrella_fast/best_views/coarse/8kENEQ_IfjdV2KDfiHyJCA.jpg,
l4fzLVEfdc9CRy_SklaWYw,19.47727535234451,-99.11634424860367,,,,False,139.43636363636364,22,10,0.45454545454545453,0.6835699677467346,225,-4,left_houses,/home/runner/work/sample_website/sample_website/.cache/gsv_estrella_fast/panoramas/coarse/z1_l4fzLVEfdc9CRy_SklaWYw.jpg,/home/runner/work/sample_website/sample_website/.cache/gsv_estrella_fast/best_views/coarse/l4fzLVEfdc9CRy_SklaWYw.jpg,
6uGxaFEYH41uRf3Rox9uMQ,19.47165032855341,-99.1168092470721,,,,False,139.43636363636364,22,10,0.45454545454545453,0.775070309638977,180,-4,left_houses,/home/runner/work/sample_website/sample_website/.cache/gsv_estrella_fast/panoramas/coarse/z1_6uGxaFEYH41uRf3Rox9uMQ.jpg,/home/runner/work/sample_website/sample_website/.cache/gsv_estrella_fast/best_views/coarse/6uGxaFEYH41uRf3Rox9uMQ.jpg,
keEShSYzhQvj_ZHtNZe0OA,19.47325632419625,-99.11378148701898,,,,False,139.43636363636364,22,10,0.45454545454545453,0.7188414931297302,270,-4,full,/home/runner/work/sample_website/sample_website/.cache/gsv_estrella_fast/panoramas/coarse/z1_keEShSYzhQvj_ZHtNZe0OA.jpg,/home/runner/work/sample_website/sample_website/.cache/gsv_estrella_fast/best_views/coarse/keEShSYzhQvj_ZHtNZe0OA.jpg,
2su26N7-LEopiGf8YdQHDA,19.4713709452048,-99.12157732606437,,,,False,139.3404761904762,21,10,0.47619047619047616,0.6790451407432556,0,-4,left_houses,/home/runner/work/sample_website/sample_website/.cache/gsv_estrella_fast/panoramas/coarse/z1_2su26N7-LEopiGf8YdQHDA.jpg,/home/runner/work/sample_website/sample_website/.cache/gsv_estrella_fast/best_views/coarse/2su26N7-LEopiGf8YdQHDA.jpg,
mQqCz9O3NQk5yLmF1H_XxQ,19.47691604934764,-99.1197047423686,,,,False,139.3404761904762,21,10,0.47619047619047616,0.6130284070968628,0,-4,left_houses,/home/runner/work/sample_website/sample_website/.cache/gsv_estrella_fast/panoramas/coarse/z1_mQqCz9O3NQk5yLmF1H_XxQ.jpg,/home/runner/work/sample_website/sample_website/.cache/gsv_estrella_fast/best_views/coarse/mQqCz9O3NQk5yLmF1H_XxQ.jpg,
XhKzoAW8raB28ghOpwrgfw,19.47738888843954,-99.11746124567301,,,,False,139.3404761904762,21,10,0.47619047619047616,0.7326099276542664,270,-4,left_houses,/home/runner/work/sample_website/sample_website/.cache/gsv_estrella_fast/panoramas/coarse/z1_XhKzoAW8raB28ghOpwrgfw.jpg,/home/runner/work/sample_website/sample_website/.cache/gsv_estrella_fast/best_views/coarse/XhKzoAW8raB28ghOpwrgfw.jpg,
kO2e5xvdv6xo2ExgHhlNKw,19.47365613942833,-99.11407813742504,,,,False,139.3404761904762,21,10,0.47619047619047616,0.6242768168449402,90,-4,left_houses,/home/runner/work/sample_website/sample_website/.cache/gsv_estrella_fast/panoramas/coarse/z1_kO2e5xvdv6xo2ExgHhlNKw.jpg,/home/runner/work/sample_website/sample_website/.cache/gsv_estrella_fast/best_views/coarse/kO2e5xvdv6xo2ExgHhlNKw.jpg,
GsBgwjBteweMT0w3ReEqfw,19.47440337893035,-99.11901752023172,,,,False,139.27624340454736,24,10,0.4166666666666667,0.48781922459602356,315,-4,left_houses,/home/runner/work/sample_website/sample_website/.cache/gsv_estrella_fast/panoramas/coarse/z1_GsBgwjBteweMT0w3ReEqfw.jpg,/home/runner/work/sample_website/sample_website/.cache/gsv_estrella_fast/best_views/coarse/GsBgwjBteweMT0w3ReEqfw.jpg,
m7kdIuGkVRfXoBjoPZpKiQ,19.4766670151879,-99.11610229513418,,,,False,139.27477684902107,23,10,0.43478260869565216,0.49126067757606506,270,-4,full,/home/runner/work/sample_website/sample_website/.cache/gsv_estrella_fast/panoramas/coarse/z1_m7kdIuGkVRfXoBjoPZpKiQ.jpg,/home/runner/work/sample_website/sample_website/.cache/gsv_estrella_fast/best_views/coarse/m7kdIuGkVRfXoBjoPZpKiQ.jpg,
KHAasyBeQhH6LnU5PDO7wA,19.47387289945215,-99.11673487077346,,,,False,139.25,20,10,0.5,0.7329689264297485,90,-4,left_houses,/home/runner/work/sample_website/sample_website/.cache/gsv_estrella_fast/panoramas/coarse/z1_KHAasyBeQhH6LnU5PDO7wA.jpg,/home/runner/work/sample_website/sample_website/.cache/gsv_estrella_fast/best_views/coarse/KHAasyBeQhH6LnU5PDO7wA.jpg,
7JssOF_6mtKnCU1YBsPvaw,19.47416542262233,-99.11387856941525,,,,False,139.25,20,10,0.5,0.8449793457984924,225,-4,left_houses,/home/runner/work/sample_website/sample_website/.cache/gsv_estrella_fast/panoramas/coarse/z1_7JssOF_6mtKnCU1YBsPvaw.jpg,/home/runner/work/sample_website/sample_website/.cache/gsv_estrella_fast/best_views/coarse/7JssOF_6mtKnCU1YBsPvaw.jpg,
Y3sxETevawGUPduWoW02wA,19.47511001151548,-99.1135126116075,,,,False,139.24706136355033,26,10,0.38461538461538464,0.4795174300670624,315,-4,left_houses,/home/runner/work/sample_website/sample_website/.cache/gsv_estrella_fast/panoramas/coarse/z1_Y3sxETevawGUPduWoW02wA.jpg,/home/runner/work/sample_website/sample_website/.cache/gsv_estrella_fast/best_views/coarse/Y3sxETevawGUPduWoW02wA.jpg,
q0C6Md6KEf9U_QxfpUMVaQ,19.46964176652033,-99.11680595458975,,,,False,139.23993048356925,23,10,0.43478260869565216,0.49009913206100464,45,-4,street_depth,/home/runner/work/sample_website/sample_website/.cache/gsv_estrella_fast/panoramas/coarse/z1_q0C6Md6KEf9U_QxfpUMVaQ.jpg,/home/runner/work/sample_website/sample_website/.cache/gsv_estrella_fast/best_views/coarse/q0C6Md6KEf9U_QxfpUMVaQ.jpg,
fv7BWaRd1v8hgLMRjn_Sjg,19.47207145133024,-99.11802055209509,,,,False,139.1657894736842,19,10,0.5263157894736842,0.6369439363479614,270,-4,left_houses,/home/runner/work/sample_website/sample_website/.cache/gsv_estrella_fast/panoramas/coarse/z1_fv7BWaRd1v8hgLMRjn_Sjg.jpg,/home/runner/work/sample_website/sample_website/.cache/gsv_estrella_fast/best_views/coarse/fv7BWaRd1v8hgLMRjn_Sjg.jpg,
xXGlI7FDmfUGVqNMHfurzQ,19.47709004220331,-99.11411806797082,,,,False,139.1657894736842,19,10,0.5263157894736842,0.6983267664909363,0,-4,upper_full,/home/runner/work/sample_website/sample_website/.cache/gsv_estrella_fast/panoramas/coarse/z1_xXGlI7FDmfUGVqNMHfurzQ.jpg,/home/runner/work/sample_website/sample_website/.cache/gsv_estrella_fast/best_views/coarse/xXGlI7FDmfUGVqNMHfurzQ.jpg,
ir1WmlDbV21HooBxCLVGKw,19.47304706428777,-99.1143162858596,,,,False,139.1657894736842,19,10,0.5263157894736842,0.7246367335319519,225,-4,full,/home/runner/work/sample_website/sample_website/.cache/gsv_estrella_fast/panoramas/coarse/z1_ir1WmlDbV21HooBxCLVGKw.jpg,/home/runner/work/sample_website/sample_website/.cache/gsv_estrella_fast/best_views/coarse/ir1WmlDbV21HooBxCLVGKw.jpg,
oLkexTiMUQXiWF1dGiH_wA,19.47795581230709,-99.12299124871348,,,,False,139.08888888888887,18,10,0.5555555555555556,0.5762165784835815,225,-4,street_depth,/home/runner/work/sample_website/sample_website/.cache/gsv_estrella_fast/panoramas/coarse/z1_oLkexTiMUQXiWF1dGiH_wA.jpg,/home/runner/work/sample_website/sample_website/.cache/gsv_estrella_fast/best_views/coarse/oLkexTiMUQXiWF1dGiH_wA.jpg,
CZJEksYW28m1KTAQVQzwBQ,19.47613447709617,-99.12214366886069,,,,False,139.08888888888887,18,10,0.5555555555555556,0.7753818035125732,270,-4,upper_full,/home/runner/work/sample_website/sample_website/.cache/gsv_estrella_fast/panoramas/coarse/z1_CZJEksYW28m1KTAQVQzwBQ.jpg,/home/runner/work/sample_website/sample_website/.cache/gsv_estrella_fast/best_views/coarse/CZJEksYW28m1KTAQVQzwBQ.jpg,
P2K6pZ0gliY7Ma8my00rhQ,19.47023591284228,-99.1200017524885,,,,False,139.08888888888887,18,10,0.5555555555555556,0.7176281809806824,0,-4,left_houses,/home/runner/work/sample_website/sample_website/.cache/gsv_estrella_fast/panoramas/coarse/z1_P2K6pZ0gliY7Ma8my00rhQ.jpg,/home/runner/work/sample_website/sample_website/.cache/gsv_estrella_fast/best_views/coarse/P2K6pZ0gliY7Ma8my00rhQ.jpg,
UeIdAWzOiXkmxfqtG43lyA,19.47686782250978,-99.11557837467754,,,,False,139.08888888888887,18,10,0.5555555555555556,0.7021508812904358,135,-4,full,/home/runner/work/sample_website/sample_website/.cache/gsv_estrella_fast/panoramas/coarse/z1_UeIdAWzOiXkmxfqtG43lyA.jpg,/home/runner/work/sample_website/sample_website/.cache/gsv_estrella_fast/best_views/coarse/UeIdAWzOiXkmxfqtG43lyA.jpg,
zd0xQoHIEZGA62unaEzOMw,19.47393063652208,-99.1148785249686,,,,False,139.08888888888887,18,10,0.5555555555555556,0.5754941701889038,45,-4,street_depth,/home/runner/work/sample_website/sample_website/.cache/gsv_estrella_fast/panoramas/coarse/z1_zd0xQoHIEZGA62unaEzOMw.jpg,/home/runner/work/sample_website/sample_website/.cache/gsv_estrella_fast/best_views/coarse/zd0xQoHIEZGA62unaEzOMw.jpg,
fWvDWiMM3sACvMVbLRuhcg,19.47186055284942,-99.12298120164392,,,,False,138.9625,16,10,0.625,0.5374767184257507,225,-4,left_houses,/home/runner/work/sample_website/sample_website/.cache/gsv_estrella_fast/panoramas/coarse/z1_fWvDWiMM3sACvMVbLRuhcg.jpg,/home/runner/work/sample_website/sample_website/.cache/gsv_estrella_fast/best_views/coarse/fWvDWiMM3sACvMVbLRuhcg.jpg,
-cgJYNPZqzhdjd58Suid2w,19.4755178935409,-99.11808209714668,,,,False,138.9625,16,10,0.625,0.5388466119766235,225,-4,full,/home/runner/work/sample_website/sample_website/.cache/gsv_estrella_fast/panoramas/coarse/z1_-cgJYNPZqzhdjd58Suid2w.jpg,/home/runner/work/sample_website/sample_website/.cache/gsv_estrella_fast/best_views/coarse/-cgJYNPZqzhdjd58Suid2w.jpg,
rnq8a75k75THzuIBEeY51A,19.47639171273035,-99.11340810078151,,,,False,138.84989465872445,24,10,0.4166666666666667,0.47360759973526,225,-4,right_depth,/home/runner/work/sample_website/sample_website/.cache/gsv_estrella_fast/panoramas/coarse/z1_rnq8a75k75THzuIBEeY51A.jpg,/home/runner/work/sample_website/sample_website/.cache/gsv_estrella_fast/best_views/coarse/rnq8a75k75THzuIBEeY51A.jpg,
gfiY_iIjlMmtR_unVSzaSQ,19.47260928172756,-99.12206785231437,,,,False,138.66814102785926,28,10,0.35714285714285715,0.45250946283340454,270,-4,full,/home/runner/work/sample_website/sample_website/.cache/gsv_estrella_fast/panoramas/coarse/z1_gfiY_iIjlMmtR_unVSzaSQ.jpg,/home/runner/work/sample_website/sample_website/.cache/gsv_estrella_fast/best_views/coarse/gfiY_iIjlMmtR_unVSzaSQ.jpg,
8XkX4dNZnJHayHjR8xloAQ,19.47780516349119,-99.1156522433703,,,,False,138.5933240978614,23,10,0.43478260869565216,0.4685455858707428,315,-4,full,/home/runner/work/sample_website/sample_website/.cache/gsv_estrella_fast/panoramas/coarse/z1_8XkX4dNZnJHayHjR8xloAQ.jpg,/home/runner/work/sample_website/sample_website/.cache/gsv_estrella_fast/best_views/coarse/8XkX4dNZnJHayHjR8xloAQ.jpg,
tzQfsa9iFhyhv3irK7eW0w,19.47031516278692,-99.11953428708803,,,,False,138.58533602007503,29,10,0.3448275862068966,0.44577556848526,225,-4,street_depth,/home/runner/work/sample_website/sample_website/.cache/gsv_estrella_fast/panoramas/coarse/z1_tzQfsa9iFhyhv3irK7eW0w.jpg,/home/runner/work/sample_website/sample_website/.cache/gsv_estrella_fast/best_views/coarse/tzQfsa9iFhyhv3irK7eW0w.jpg,
r2-oV-jo72yj4VzK0zc7tw,19.47443003709008,-99.11652263277216,,,,False,138.55066073470644,18,10,0.5555555555555556,0.4820590615272522,90,-4,left_houses,/home/runner/work/sample_website/sample_website/.cache/gsv_estrella_fast/panoramas/coarse/z1_r2-oV-jo72yj4VzK0zc7tw.jpg,/home/runner/work/sample_website/sample_website/.cache/gsv_estrella_fast/best_views/coarse/r2-oV-jo72yj4VzK0zc7tw.jpg,
7h1faeEFfi_0nQssZ5qdlQ,19.4715833388995,-99.11663964219713,,,,False,138.48710146831428,23,10,0.43478260869565216,0.4650048315525055,135,-4,left_houses,/home/runner/work/sample_website/sample_website/.cache/gsv_estrella_fast/panoramas/coarse/z1_7h1faeEFfi_0nQssZ5qdlQ.jpg,/home/runner/work/sample_website/sample_website/.cache/gsv_estrella_fast/best_views/coarse/7h1faeEFfi_0nQssZ5qdlQ.jpg,
M-65sgYYoa9Zp2pfYME0aw,19.47217922595224,-99.11964927471135,,,,False,138.45045495033264,20,10,0.5,0.4733484983444214,0,-4,left_houses,/home/runner/work/sample_website/sample_website/.cache/gsv_estrella_fast/panoramas/coarse/z1_M-65sgYYoa9Zp2pfYME0aw.jpg,/home/runner/work/sample_website/sample_website/.cache/gsv_estrella_fast/best_views/coarse/M-65sgYYoa9Zp2pfYME0aw.jpg,
d4QVAt9K_dpC6WbGon2IAA,19.47444233570322,-99.11332013620205,,,,False,138.4374160159718,22,10,0.45454545454545453,0.4667017459869385,315,-4,street_depth,/home/runner/work/sample_website/sample_website/.cache/gsv_estrella_fast/panoramas/coarse/z1_d4QVAt9K_dpC6WbGon2IAA.jpg,/home/runner/work/sample_website/sample_website/.cache/gsv_estrella_fast/best_views/coarse/d4QVAt9K_dpC6WbGon2IAA.jpg,
_oFrDfJpUv3Pt9Gl8-2O_w,19.47481388145484,-99.12381553486705,,,,False,138.30552994075575,19,10,0.5263157894736842,0.4713246822357178,45,-4,full,/home/runner/work/sample_website/sample_website/.cache/gsv_estrella_fast/panoramas/coarse/z1__oFrDfJpUv3Pt9Gl8-2O_w.jpg,/home/runner/work/sample_website/sample_website/.cache/gsv_estrella_fast/best_views/coarse/_oFrDfJpUv3Pt9Gl8-2O_w.jpg,
LrY_aeHUEofSEd_ErPs6Hw,19.47400714263323,-99.12362235918651,,,,False,138.265583624922,29,10,0.3448275862068966,0.4351171553134918,45,-4,full,/home/runner/work/sample_website/sample_website/.cache/gsv_estrella_fast/panoramas/coarse/z1_LrY_aeHUEofSEd_ErPs6Hw.jpg,/home/runner/work/sample_website/sample_website/.cache/gsv_estrella_fast/best_views/coarse/LrY_aeHUEofSEd_ErPs6Hw.jpg,
GnLaoaMJgPXibEkbRTpwNQ,19.47905154706853,-99.12032594899115,,,,False,138.08742667833963,24,10,0.4166666666666667,0.4481920003890991,0,-4,full,/home/runner/work/sample_website/sample_website/.cache/gsv_estrella_fast/panoramas/coarse/z1_GnLaoaMJgPXibEkbRTpwNQ.jpg,/home/runner/work/sample_website/sample_website/.cache/gsv_estrella_fast/best_views/coarse/GnLaoaMJgPXibEkbRTpwNQ.jpg,
9CXiS_v8yjj2cS1FK2W9OA,19.47395463324009,-99.11441691455029,,,,False,137.543342367808,24,10,0.4166666666666667,0.4300558567047119,0,-4,upper_full,/home/runner/work/sample_website/sample_website/.cache/gsv_estrella_fast/panoramas/coarse/z1_9CXiS_v8yjj2cS1FK2W9OA.jpg,/home/runner/work/sample_website/sample_website/.cache/gsv_estrella_fast/best_views/coarse/9CXiS_v8yjj2cS1FK2W9OA.jpg,
NSu9VNIbACsNQtI55J-SEw,19.47641458054499,-99.12358748967507,,,,False,137.54122722148895,20,10,0.5,0.4430409073829651,180,-4,upper_full,/home/runner/work/sample_website/sample_website/.cache/gsv_estrella_fast/panoramas/coarse/z1_NSu9VNIbACsNQtI55J-SEw.jpg,/home/runner/work/sample_website/sample_website/.cache/gsv_estrella_fast/best_views/coarse/NSu9VNIbACsNQtI55J-SEw.jpg,
lGqeax4Hxm6GC0ekdMDg2w,19.47662130784233,-99.12053228724227,,,,False,137.42188519131054,22,10,0.45454545454545453,0.43285071849823,180,-4,left_houses,/home/runner/work/sample_website/sample_website/.cache/gsv_estrella_fast/panoramas/coarse/z1_lGqeax4Hxm6GC0ekdMDg2w.jpg,/home/runner/work/sample_website/sample_website/.cache/gsv_estrella_fast/best_views/coarse/lGqeax4Hxm6GC0ekdMDg2w.jpg,
BgJkFSv7QecZb5WQG6Kf7w,19.47753366581304,-99.11904082152427,,,,False,136.9518009776161,21,10,0.47619047619047616,0.4203774929046631,315,-4,full,/home/runner/work/sample_website/sample_website/.cache/gsv_estrella_fast/panoramas/coarse/z1_BgJkFSv7QecZb5WQG6Kf7w.jpg,/home/runner/work/sample_website/sample_website/.cache/gsv_estrella_fast/best_views/coarse/BgJkFSv7QecZb5WQG6Kf7w.jpg,
gjGU1BeNNLRIAJwRcT5QLQ,19.47346668484162,-99.11679168716788,,,,False,136.86550660554101,17,10,0.5882352941176471,0.42816394567489624,45,-4,street_depth,/home/runner/work/sample_website/sample_website/.cache/gsv_estrella_fast/panoramas/coarse/z1_gjGU1BeNNLRIAJwRcT5QLQ.jpg,/home/runner/work/sample_website/sample_website/.cache/gsv_estrella_fast/best_views/coarse/gjGU1BeNNLRIAJwRcT5QLQ.jpg,
9vLGi_9UAELo3HkFce5d1g,19.47871339334641,-99.12123480375485,,,,False,136.7843759573423,26,10,0.38461538461538464,0.39742791652679443,270,-4,upper_full,/home/runner/work/sample_website/sample_website/.cache/gsv_estrella_fast/panoramas/coarse/z1_9vLGi_9UAELo3HkFce5d1g.jpg,/home/runner/work/sample_website/sample_website/.cache/gsv_estrella_fast/best_views/coarse/9vLGi_9UAELo3HkFce5d1g.jpg,
ClveJo2RZS_05R_0GkqPZQ,19.47507400579441,-99.12372207087589,,,,False,136.20748562415443,12,10,0.8333333333333334,0.4108050763607025,45,-4,upper_full,/home/runner/work/sample_website/sample_website/.cache/gsv_estrella_fast/panoramas/coarse/z1_ClveJo2RZS_05R_0GkqPZQ.jpg,/home/runner/work/sample_website/sample_website/.cache/gsv_estrella_fast/best_views/coarse/ClveJo2RZS_05R_0GkqPZQ.jpg,
R5E9CdcDShtTBrHWUXDvhA,19.4723779574761,-99.11642081951595,,,,False,136.03175589981535,21,10,0.47619047619047616,0.38970932364463806,135,-4,full,/home/runner/work/sample_website/sample_website/.cache/gsv_estrella_fast/panoramas/coarse/z1_R5E9CdcDShtTBrHWUXDvhA.jpg,/home/runner/work/sample_website/sample_website/.cache/gsv_estrella_fast/best_views/coarse/R5E9CdcDShtTBrHWUXDvhA.jpg,
MimRsV-c5f3pOAcfFiZQ4Q,19.47458815904431,-99.11794499273445,,,,False,136.01856013536454,16,10,0.625,0.40186867117881775,315,-4,left_houses,/home/runner/work/sample_website/sample_website/.cache/gsv_estrella_fast/panoramas/coarse/z1_MimRsV-c5f3pOAcfFiZQ4Q.jpg,/home/runner/work/sample_website/sample_website/.cache/gsv_estrella_fast/best_views/coarse/MimRsV-c5f3pOAcfFiZQ4Q.jpg,
y59VlJCpdLF6J1Q02KsV9w,19.47528002202424,-99.11867568429768,,,,False,135.62787174049177,19,10,0.5263157894736842,0.3820694088935852,0,-4,left_houses,/home/runner/work/sample_website/sample_website/.cache/gsv_estrella_fast/panoramas/coarse/z1_y59VlJCpdLF6J1Q02KsV9w.jpg,/home/runner/work/sample_website/sample_website/.cache/gsv_estrella_fast/best_views/coarse/y59VlJCpdLF6J1Q02KsV9w.jpg,
HTlxnk81RMwEq2J0GSgT9Q,19.47619404200047,-99.11732025886114,,,,False,135.15741533041,25,10,0.4,0.3469138443470001,180,-4,street_depth,/home/runner/work/sample_website/sample_website/.cache/gsv_estrella_fast/panoramas/coarse/z1_HTlxnk81RMwEq2J0GSgT9Q.jpg,/home/runner/work/sample_website/sample_website/.cache/gsv_estrella_fast/best_views/coarse/HTlxnk81RMwEq2J0GSgT9Q.jpg,
FD9P2UIiesOw_E3JZgCG4Q,19.47658669536333,-99.11984058341484,,,,False,135.04693505453025,23,10,0.43478260869565216,0.3503326177597046,135,-4,street_depth,/home/runner/work/sample_website/sample_website/.cache/gsv_estrella_fast/panoramas/coarse/z1_FD9P2UIiesOw_E3JZgCG4Q.jpg,/home/runner/work/sample_website/sample_website/.cache/gsv_estrella_fast/best_views/coarse/FD9P2UIiesOw_E3JZgCG4Q.jpg,
yhMlhcOMwI9W5Nlx9XKGKg,19.47055477259934,-99.12204159515308,,,,False,135.02436411910585,18,10,0.5555555555555556,0.36451584100723267,90,-4,left_houses,/home/runner/work/sample_website/sample_website/.cache/gsv_estrella_fast/panoramas/coarse/z1_yhMlhcOMwI9W5Nlx9XKGKg.jpg,/home/runner/work/sample_website/sample_website/.cache/gsv_estrella_fast/best_views/coarse/yhMlhcOMwI9W5Nlx9XKGKg.jpg,
yQ1YHsi8dmzEM5krZubU9A,19.47543686903457,-99.11811586674249,,,,False,134.03986012110343,26,10,0.38461538461538464,0.3059440553188324,270,-4,left_houses,/home/runner/work/sample_website/sample_website/.cache/gsv_estrella_fast/panoramas/coarse/z1_yQ1YHsi8dmzEM5krZubU9A.jpg,/home/runner/work/sample_website/sample_website/.cache/gsv_estrella_fast/best_views/coarse/yQ1YHsi8dmzEM5krZubU9A.jpg,
7_dM2zL6hnGu52-FBVMD3Q,19.47495031904684,-99.12047074030225,,,,False,133.50973273913064,24,10,0.4166666666666667,0.2956022024154663,225,-4,full,/home/runner/work/sample_website/sample_website/.cache/gsv_estrella_fast/panoramas/coarse/z1_7_dM2zL6hnGu52-FBVMD3Q.jpg,/home/runner/work/sample_website/sample_website/.cache/gsv_estrella_fast/best_views/coarse/7_dM2zL6hnGu52-FBVMD3Q.jpg,
8EkSMv6jMQYaSeKMvGMKQg,19.47413331519002,-99.11435123574283,,,,False,132.5964848452144,18,10,0.5555555555555556,0.2835865318775177,270,-4,right_depth,/home/runner/work/sample_website/sample_website/.cache/gsv_estrella_fast/panoramas/coarse/z1_8EkSMv6jMQYaSeKMvGMKQg.jpg,/home/runner/work/sample_website/sample_website/.cache/gsv_estrella_fast/best_views/coarse/8EkSMv6jMQYaSeKMvGMKQg.jpg,
mUG7O-fSf3tyoszUK_nHlw,19.47805485651861,-99.11935572734035,,,,False,132.1431565798246,26,10,0.38461538461538464,0.2427206039428711,0,-4,left_houses,/home/runner/work/sample_website/sample_website/.cache/gsv_estrella_fast/panoramas/coarse/z1_mUG7O-fSf3tyoszUK_nHlw.jpg,/home/runner/work/sample_website/sample_website/.cache/gsv_estrella_fast/best_views/coarse/mUG7O-fSf3tyoszUK_nHlw.jpg,
TaRWtko2z57-9xu0WKps8A,19.47073423514607,-99.11988566682122,,,,False,130.20590348664453,17,10,0.5882352941176471,0.20617717504501343,315,-4,left_houses,/home/runner/work/sample_website/sample_website/.cache/gsv_estrella_fast/panoramas/coarse/z1_TaRWtko2z57-9xu0WKps8A.jpg,/home/runner/work/sample_website/sample_website/.cache/gsv_estrella_fast/best_views/coarse/TaRWtko2z57-9xu0WKps8A.jpg,
EE71rSZF6XuuHoa1MBGkzg,19.47375388741884,-99.1149486785047,,,,False,128.76176470588234,34,9,0.2647058823529412,0.6305395364761353,180,-4,upper_full,/home/runner/work/sample_website/sample_website/.cache/gsv_estrella_fast/panoramas/coarse/z1_EE71rSZF6XuuHoa1MBGkzg.jpg,/home/runner/work/sample_website/sample_website/.cache/gsv_estrella_fast/best_views/coarse/EE71rSZF6XuuHoa1MBGkzg.jpg,
MUmpUHT9iow3ioLSDBugtQ,19.4779432337422,-99.12247614806165,,,,False,128.12586206896552,29,9,0.3103448275862069,0.7362260818481445,0,-4,street_depth,/home/runner/work/sample_website/sample_website/.cache/gsv_estrella_fast/panoramas/coarse/z1_MUmpUHT9iow3ioLSDBugtQ.jpg,/home/runner/work/sample_website/sample_website/.cache/gsv_estrella_fast/best_views/coarse/MUmpUHT9iow3ioLSDBugtQ.jpg,
-oiMenvq_TfWhmxNVGgySQ,19.47596887009987,-99.11636957524789,,,,False,128.12586206896552,29,9,0.3103448275862069,0.7655647993087769,90,-4,left_houses,/home/runner/work/sample_website/sample_website/.cache/gsv_estrella_fast/panoramas/coarse/z1_-oiMenvq_TfWhmxNVGgySQ.jpg,/home/runner/work/sample_website/sample_website/.cache/gsv_estrella_fast/best_views/coarse/-oiMenvq_TfWhmxNVGgySQ.jpg,
TwlEvEydodWDNN7UhAlOdw,19.47169813077284,-99.11400823791305,,,,False,128.12586206896552,29,9,0.3103448275862069,0.5873793959617615,90,-4,street_depth,/home/runner/work/sample_website/sample_website/.cache/gsv_estrella_fast/panoramas/coarse/z1_TwlEvEydodWDNN7UhAlOdw.jpg,/home/runner/work/sample_website/sample_website/.cache/gsv_estrella_fast/best_views/coarse/TwlEvEydodWDNN7UhAlOdw.jpg,
YwYSmTzZBUE2xUjuJQ_sNA,19.4780078760344,-99.11885204748029,,,,False,128.00357142857143,28,9,0.32142857142857145,0.7760825157165527,180,-4,left_houses,/home/runner/work/sample_website/sample_website/.cache/gsv_estrella_fast/panoramas/coarse/z1_YwYSmTzZBUE2xUjuJQ_sNA.jpg,/home/runner/work/sample_website/sample_website/.cache/gsv_estrella_fast/best_views/coarse/YwYSmTzZBUE2xUjuJQ_sNA.jpg,
DKbl1sY8O3kQNM27x33cew,19.47761397075235,-99.11479266928089,,,,False,128.00357142857143,28,9,0.32142857142857145,0.5238838791847229,315,-4,full,/home/runner/work/sample_website/sample_website/.cache/gsv_estrella_fast/panoramas/coarse/z1_DKbl1sY8O3kQNM27x33cew.jpg,/home/runner/work/sample_website/sample_website/.cache/gsv_estrella_fast/best_views/coarse/DKbl1sY8O3kQNM27x33cew.jpg,
dBs9FYhQB659nNfNgW4swg,19.47336956517761,-99.11652406795166,,,,False,127.78868931531906,20,10,0.5,0.11795631051063538,45,-4,right_depth,/home/runner/work/sample_website/sample_website/.cache/gsv_estrella_fast/panoramas/coarse/z1_dBs9FYhQB659nNfNgW4swg.jpg,/home/runner/work/sample_website/sample_website/.cache/gsv_estrella_fast/best_views/coarse/dBs9FYhQB659nNfNgW4swg.jpg,
1v0SK6uMiZeKh5Poo0rleg,19.478671035201,-99.11902689140291,,,,False,127.76538461538462,26,9,0.34615384615384615,0.8332328200340271,0,-4,street_depth,/home/runner/work/sample_website/sample_website/.cache/gsv_estrella_fast/panoramas/coarse/z1_1v0SK6uMiZeKh5Poo0rleg.jpg,/home/runner/work/sample_website/sample_website/.cache/gsv_estrella_fast/best_views/coarse/1v0SK6uMiZeKh5Poo0rleg.jpg,
AUblrPmd5m_GkGwv3lQrFw,19.47769463238564,-99.11388160851824,,,,False,127.76538461538462,26,9,0.34615384615384615,0.5481306314468384,315,-4,full,/home/runner/work/sample_website/sample_website/.cache/gsv_estrella_fast/panoramas/coarse/z1_AUblrPmd5m_GkGwv3lQrFw.jpg,/home/runner/work/sample_website/sample_website/.cache/gsv_estrella_fast/best_views/coarse/AUblrPmd5m_GkGwv3lQrFw.jpg,
0kA55oizlyguU_IqQdw6Sg,19.47871265681394,-99.11528019911769,,,,False,127.76538461538462,26,9,0.34615384615384615,0.5248342156410217,90,-4,left_houses,/home/runner/work/sample_website/sample_website/.cache/gsv_estrella_fast/panoramas/coarse/z1_0kA55oizlyguU_IqQdw6Sg.jpg,/home/runner/work/sample_website/sample_website/.cache/gsv_estrella_fast/best_views/coarse/0kA55oizlyguU_IqQdw6Sg.jpg,
OtOdX58h548AuafHtqaS2Q,19.47616874176727,-99.1199963492246,,,,False,127.65,25,9,0.36,0.891761302947998,315,-4,left_houses,/home/runner/work/sample_website/sample_website/.cache/gsv_estrella_fast/panoramas/coarse/z1_OtOdX58h548AuafHtqaS2Q.jpg,/home/runner/work/sample_website/sample_website/.cache/gsv_estrella_fast/best_views/coarse/OtOdX58h548AuafHtqaS2Q.jpg,
jawGGm6yNnUWG7s76tCFGQ,19.47572195254744,-99.11372779628358,,,,False,127.65,25,9,0.36,0.7085310220718384,45,-4,left_houses,/home/runner/work/sample_website/sample_website/.cache/gsv_estrella_fast/panoramas/coarse/z1_jawGGm6yNnUWG7s76tCFGQ.jpg,/home/runner/work/sample_website/sample_website/.cache/gsv_estrella_fast/best_views/coarse/jawGGm6yNnUWG7s76tCFGQ.jpg,
xJwHaatCWvRptfG5zETltw,19.47166856113444,-99.12153747621561,,,,False,127.5375,24,9,0.375,0.6003279089927673,180,-4,left_houses,/home/runner/work/sample_website/sample_website/.cache/gsv_estrella_fast/panoramas/coarse/z1_xJwHaatCWvRptfG5zETltw.jpg,/home/runner/work/sample_website/sample_website/.cache/gsv_estrella_fast/best_views/coarse/xJwHaatCWvRptfG5zETltw.jpg,
Uc2IZEus-CTUK0kFiCOM4g,19.47050902890413,-99.11986996360936,,,,False,127.5375,24,9,0.375,0.59574294090271,180,-4,left_houses,/home/runner/work/sample_website/sample_website/.cache/gsv_estrella_fast/panoramas/coarse/z1_Uc2IZEus-CTUK0kFiCOM4g.jpg,/home/runner/work/sample_website/sample_website/.cache/gsv_estrella_fast/best_views/coarse/Uc2IZEus-CTUK0kFiCOM4g.jpg,
XEItmw45gGih6PQxAu_aIw,19.47929902068239,-99.11960647092914,,,,False,127.42826086956522,23,9,0.391304347826087,0.6417658925056458,135,-4,left_houses,/home/runner/work/sample_website/sample_website/.cache/gsv_estrella_fast/panoramas/coarse/z1_XEItmw45gGih6PQxAu_aIw.jpg,/home/runner/work/sample_website/sample_website/.cache/gsv_estrella_fast/best_views/coarse/XEItmw45gGih6PQxAu_aIw.jpg,
RGslLvyT7f2ynLeXiXlxLg,19.46979802159688,-99.12071329799645,,,,False,127.42826086956522,23,9,0.391304347826087,0.6523138284683228,180,-4,full,/home/runner/work/sample_website/sample_website/.cache/gsv_estrella_fast/panoramas/coarse/z1_RGslLvyT7f2ynLeXiXlxLg.jpg,/home/runner/work/sample_website/sample_website/.cache/gsv_estrella_fast/best_views/coarse/RGslLvyT7f2ynLeXiXlxLg.jpg,
OV8GgNM9hbNKRAWfUo1_ZQ,19.47096823559896,-99.12112454177104,,,,False,127.42826086956522,23,9,0.391304347826087,0.6663715243339539,225,-4,left_houses,/home/runner/work/sample_website/sample_website/.cache/gsv_estrella_fast/panoramas/coarse/z1_OV8GgNM9hbNKRAWfUo1_ZQ.jpg,/home/runner/work/sample_website/sample_website/.cache/gsv_estrella_fast/best_views/coarse/OV8GgNM9hbNKRAWfUo1_ZQ.jpg,
rIiR40ai36JnzBjigutGGg,19.4750557091046,-99.11308418562561,,,,False,127.42826086956522,23,9,0.391304347826087,0.5958075523376465,270,-4,left_houses,/home/runner/work/sample_website/sample_website/.cache/gsv_estrella_fast/panoramas/coarse/z1_rIiR40ai36JnzBjigutGGg.jpg,/home/runner/work/sample_website/sample_website/.cache/gsv_estrella_fast/best_views/coarse/rIiR40ai36JnzBjigutGGg.jpg,
-ejddNpcYahFArzG_fMHiQ,19.47397567553962,-99.12415131381148,,,,False,127.32272727272726,22,9,0.4090909090909091,0.527045488357544,315,-4,upper_full,/home/runner/work/sample_website/sample_website/.cache/gsv_estrella_fast/panoramas/coarse/z1_-ejddNpcYahFArzG_fMHiQ.jpg,/home/runner/work/sample_website/sample_website/.cache/gsv_estrella_fast/best_views/coarse/-ejddNpcYahFArzG_fMHiQ.jpg,
hZRsBpzg7VD7ZEhmRu7BKA,19.47687653084244,-99.11705314441042,,,,False,127.32272727272726,22,9,0.4090909090909091,0.5519289970397949,0,-4,left_houses,/home/runner/work/sample_website/sample_website/.cache/gsv_estrella_fast/panoramas/coarse/z1_hZRsBpzg7VD7ZEhmRu7BKA.jpg,/home/runner/work/sample_website/sample_website/.cache/gsv_estrella_fast/best_views/coarse/hZRsBpzg7VD7ZEhmRu7BKA.jpg,
8rRb06XpV4uOhf8i-kcteQ,19.47240894964113,-99.1134465958679,,,,False,127.32272727272726,22,9,0.4090909090909091,0.7019320726394653,0,-4,street_depth,/home/runner/work/sample_website/sample_website/.cache/gsv_estrella_fast/panoramas/coarse/z1_8rRb06XpV4uOhf8i-kcteQ.jpg,/home/runner/work/sample_website/sample_website/.cache/gsv_estrella_fast/best_views/coarse/8rRb06XpV4uOhf8i-kcteQ.jpg,
JVZhPVr54CF2I79ny5666Q,19.47542376549062,-99.12358816511342,,,,False,127.22142857142858,21,9,0.42857142857142855,0.5115191340446472,270,-4,full,/home/runner/work/sample_website/sample_website/.cache/gsv_estrella_fast/panoramas/coarse/z1_JVZhPVr54CF2I79ny5666Q.jpg,/home/runner/work/sample_website/sample_website/.cache/gsv_estrella_fast/best_views/coarse/JVZhPVr54CF2I79ny5666Q.jpg,
jKvYpQoX5AFE9iSaZPfAVg,19.47823259702836,-99.11655302481411,,,,False,127.22142857142858,21,9,0.42857142857142855,0.6609331965446472,0,-4,street_depth,/home/runner/work/sample_website/sample_website/.cache/gsv_estrella_fast/panoramas/coarse/z1_jKvYpQoX5AFE9iSaZPfAVg.jpg,/home/runner/work/sample_website/sample_website/.cache/gsv_estrella_fast/best_views/coarse/jKvYpQoX5AFE9iSaZPfAVg.jpg,
JQRGeO0VRFiY8XRZG6oEcQ,19.47389001460131,-99.1186009685623,,,,False,127.22142857142858,21,9,0.42857142857142855,0.747266411781311,90,-4,full,/home/runner/work/sample_website/sample_website/.cache/gsv_estrella_fast/panoramas/coarse/z1_JQRGeO0VRFiY8XRZG6oEcQ.jpg,/home/runner/work/sample_website/sample_website/.cache/gsv_estrella_fast/best_views/coarse/JQRGeO0VRFiY8XRZG6oEcQ.jpg,
K-l7xUNU2chxkAgiJ0k_xA,19.47381587663119,-99.11646573214696,,,,False,127.22142857142858,21,9,0.42857142857142855,0.5236728191375732,90,-4,upper_full,/home/runner/work/sample_website/sample_website/.cache/gsv_estrella_fast/panoramas/coarse/z1_K-l7xUNU2chxkAgiJ0k_xA.jpg,/home/runner/work/sample_website/sample_website/.cache/gsv_estrella_fast/best_views/coarse/K-l7xUNU2chxkAgiJ0k_xA.jpg,
7U651k_AnqRIhZrclrp-VQ,19.47477566116956,-99.11409181342367,,,,False,127.22142857142858,21,9,0.42857142857142855,0.5316720604896545,315,-4,left_houses,/home/runner/work/sample_website/sample_website/.cache/gsv_estrella_fast/panoramas/coarse/z1_7U651k_AnqRIhZrclrp-VQ.jpg,/home/runner/work/sample_website/sample_website/.cache/gsv_estrella_fast/best_views/coarse/7U651k_AnqRIhZrclrp-VQ.jpg,
lY-0XRghSD8hK8dlHo8ngQ,19.47349023478007,-99.11505327576869,,,,False,127.22142857142858,21,9,0.42857142857142855,0.5903491973876953,225,-4,full,/home/runner/work/sample_website/sample_website/.cache/gsv_estrella_fast/panoramas/coarse/z1_lY-0XRghSD8hK8dlHo8ngQ.jpg,/home/runner/work/sample_website/sample_website/.cache/gsv_estrella_fast/best_views/coarse/lY-0XRghSD8hK8dlHo8ngQ.jpg,
lRtIxnRKlsqlQCv-83M0Og,19.47761936922135,-99.12093348327284,,,,False,127.125,20,9,0.45,0.5467856526374817,315,-4,upper_full,/home/runner/work/sample_website/sample_website/.cache/gsv_estrella_fast/panoramas/coarse/z1_lRtIxnRKlsqlQCv-83M0Og.jpg,/home/runner/work/sample_website/sample_website/.cache/gsv_estrella_fast/best_views/coarse/lRtIxnRKlsqlQCv-83M0Og.jpg,
AuMkrdXULzzGcWnX3N_-nw,19.47815503010095,-99.11633639734559,,,,False,127.125,20,9,0.45,0.6794306039810181,225,-4,street_depth,/home/runner/work/sample_website/sample_website/.cache/gsv_estrella_fast/panoramas/coarse/z1_AuMkrdXULzzGcWnX3N_-nw.jpg,/home/runner/work/sample_website/sample_website/.cache/gsv_estrella_fast/best_views/coarse/AuMkrdXULzzGcWnX3N_-nw.jpg,
OZwi_RPFUQy2obrgj1T2eg,19.47527914052561,-99.11482061246903,,,,False,127.125,20,9,0.45,0.7673437595367432,180,-4,street_depth,/home/runner/work/sample_website/sample_website/.cache/gsv_estrella_fast/panoramas/coarse/z1_OZwi_RPFUQy2obrgj1T2eg.jpg,/home/runner/work/sample_website/sample_website/.cache/gsv_estrella_fast/best_views/coarse/OZwi_RPFUQy2obrgj1T2eg.jpg,
l2awWxQnG9U3vhTgQhD2fw,19.47776690819362,-99.12253786540437,,,,False,127.03421052631579,19,9,0.47368421052631576,0.594624936580658,135,-4,left_houses,/home/runner/work/sample_website/sample_website/.cache/gsv_estrella_fast/panoramas/coarse/z1_l2awWxQnG9U3vhTgQhD2fw.jpg,/home/runner/work/sample_website/sample_website/.cache/gsv_estrella_fast/best_views/coarse/l2awWxQnG9U3vhTgQhD2fw.jpg,
mLjVBOTsN9ACGlzLHUIC9g,19.47674741946515,-99.12191098490023,,,,False,127.03421052631579,19,9,0.47368421052631576,0.5454905033111572,180,-4,left_houses,/home/runner/work/sample_website/sample_website/.cache/gsv_estrella_fast/panoramas/coarse/z1_mLjVBOTsN9ACGlzLHUIC9g.jpg,/home/runner/work/sample_website/sample_website/.cache/gsv_estrella_fast/best_views/coarse/mLjVBOTsN9ACGlzLHUIC9g.jpg,
HIjG990M53SJ1VTQQJ1Ksg,19.47176587544818,-99.12270815823751,,,,False,127.03421052631579,19,9,0.47368421052631576,0.7261880040168762,0,-4,left_houses,/home/runner/work/sample_website/sample_website/.cache/gsv_estrella_fast/panoramas/coarse/z1_HIjG990M53SJ1VTQQJ1Ksg.jpg,/home/runner/work/sample_website/sample_website/.cache/gsv_estrella_fast/best_views/coarse/HIjG990M53SJ1VTQQJ1Ksg.jpg,
ovCaDxgt4dhZRHaXsgtilw,19.47347327275335,-99.12250232093716,,,,False,127.03421052631579,19,9,0.47368421052631576,0.6526669263839722,45,-4,street_depth,/home/runner/work/sample_website/sample_website/.cache/gsv_estrella_fast/panoramas/coarse/z1_ovCaDxgt4dhZRHaXsgtilw.jpg,/home/runner/work/sample_website/sample_website/.cache/gsv_estrella_fast/best_views/coarse/ovCaDxgt4dhZRHaXsgtilw.jpg,
jPavTMaEB9pKdcIBCf7PVg,19.46960681776275,-99.11883626004692,,,,False,127.03421052631579,19,9,0.47368421052631576,0.7641266584396362,90,-4,left_houses,/home/runner/work/sample_website/sample_website/.cache/gsv_estrella_fast/panoramas/coarse/z1_jPavTMaEB9pKdcIBCf7PVg.jpg,/home/runner/work/sample_website/sample_website/.cache/gsv_estrella_fast/best_views/coarse/jPavTMaEB9pKdcIBCf7PVg.jpg,
3SJ6AF_syHhyu-KnlgN1FA,19.47711357282143,-99.11846006416232,,,,False,127.03421052631579,19,9,0.47368421052631576,0.5875900387763977,0,-4,full,/home/runner/work/sample_website/sample_website/.cache/gsv_estrella_fast/panoramas/coarse/z1_3SJ6AF_syHhyu-KnlgN1FA.jpg,/home/runner/work/sample_website/sample_website/.cache/gsv_estrella_fast/best_views/coarse/3SJ6AF_syHhyu-KnlgN1FA.jpg,
RKs5SaTXubThD3dHS5QL_w,19.47788730681894,-99.11559095345582,,,,False,127.03421052631579,19,9,0.47368421052631576,0.5922275185585022,180,-4,left_houses,/home/runner/work/sample_website/sample_website/.cache/gsv_estrella_fast/panoramas/coarse/z1_RKs5SaTXubThD3dHS5QL_w.jpg,/home/runner/work/sample_website/sample_website/.cache/gsv_estrella_fast/best_views/coarse/RKs5SaTXubThD3dHS5QL_w.jpg,
GOCMT7lVRuaz1BlEfjnKgQ,19.4776914527209,-99.12311156035881,,,,False,126.95,18,9,0.5,0.6009401082992554,90,-4,upper_full,/home/runner/work/sample_website/sample_website/.cache/gsv_estrella_fast/panoramas/coarse/z1_GOCMT7lVRuaz1BlEfjnKgQ.jpg,/home/runner/work/sample_website/sample_website/.cache/gsv_estrella_fast/best_views/coarse/GOCMT7lVRuaz1BlEfjnKgQ.jpg,
bYGyHWPtsiA5AX14s9WkSQ,19.47515349478262,-99.12176593769456,,,,False,126.95,18,9,0.5,0.7259745597839355,270,-4,street_depth,/home/runner/work/sample_website/sample_website/.cache/gsv_estrella_fast/panoramas/coarse/z1_bYGyHWPtsiA5AX14s9WkSQ.jpg,/home/runner/work/sample_website/sample_website/.cache/gsv_estrella_fast/best_views/coarse/bYGyHWPtsiA5AX14s9WkSQ.jpg,
tCQGDovGeTvxCPwHbLVgZQ,19.46952415523459,-99.11984564896485,,,,False,126.95,18,9,0.5,0.5018254518508911,45,-4,left_houses,/home/runner/work/sample_website/sample_website/.cache/gsv_estrella_fast/panoramas/coarse/z1_tCQGDovGeTvxCPwHbLVgZQ.jpg,/home/runner/work/sample_website/sample_website/.cache/gsv_estrella_fast/best_views/coarse/tCQGDovGeTvxCPwHbLVgZQ.jpg,
q9jdKTpu04sphYbC6uJWew,19.4719120792847,-99.11566878996686,,,,False,126.87352941176471,17,9,0.5294117647058824,0.5100026726722717,135,-4,left_houses,/home/runner/work/sample_website/sample_website/.cache/gsv_estrella_fast/panoramas/coarse/z1_q9jdKTpu04sphYbC6uJWew.jpg,/home/runner/work/sample_website/sample_website/.cache/gsv_estrella_fast/best_views/coarse/q9jdKTpu04sphYbC6uJWew.jpg,
ANN70Q_uTnGArr7iccqaiA,19.47169104629713,-99.12202040368835,,,,False,126.80625,16,9,0.5625,0.5914571285247803,90,-4,left_houses,/home/runner/work/sample_website/sample_website/.cache/gsv_estrella_fast/panoramas/coarse/z1_ANN70Q_uTnGArr7iccqaiA.jpg,/home/runner/work/sample_website/sample_website/.cache/gsv_estrella_fast/best_views/coarse/ANN70Q_uTnGArr7iccqaiA.jpg,
TqHyt1eCAongfMcakEDHog,19.4792820399071,-99.11835504031352,,,,False,126.80625,16,9,0.5625,0.513007640838623,45,-4,upper_full,/home/runner/work/sample_website/sample_website/.cache/gsv_estrella_fast/panoramas/coarse/z1_TqHyt1eCAongfMcakEDHog.jpg,/home/runner/work/sample_website/sample_website/.cache/gsv_estrella_fast/best_views/coarse/TqHyt1eCAongfMcakEDHog.jpg,
6CGz-_9GgERdjpIbOvQSHQ,19.47932828654025,-99.11650617042095,,,,False,126.80023536822375,17,9,0.5294117647058824,0.4975568652153015,135,-4,left_houses,/home/runner/work/sample_website/sample_website/.cache/gsv_estrella_fast/panoramas/coarse/z1_6CGz-_9GgERdjpIbOvQSHQ.jpg,/home/runner/work/sample_website/sample_website/.cache/gsv_estrella_fast/best_views/coarse/6CGz-_9GgERdjpIbOvQSHQ.jpg,
AabHVc9AnQVPdV7gjifTZg,19.47797353549323,-99.11662537480495,,,,False,126.50759317874909,16,9,0.5625,0.4900447726249695,270,-4,right_depth,/home/runner/work/sample_website/sample_website/.cache/gsv_estrella_fast/panoramas/coarse/z1_AabHVc9AnQVPdV7gjifTZg.jpg,/home/runner/work/sample_website/sample_website/.cache/gsv_estrella_fast/best_views/coarse/AabHVc9AnQVPdV7gjifTZg.jpg,
Qi3srVTq0KCyT9wi319KsQ,19.47422877957367,-99.11808420774601,,,,False,126.33599377473195,27,9,0.3333333333333333,0.44842201471328735,135,-4,upper_full,/home/runner/work/sample_website/sample_website/.cache/gsv_estrella_fast/panoramas/coarse/z1_Qi3srVTq0KCyT9wi319KsQ.jpg,/home/runner/work/sample_website/sample_website/.cache/gsv_estrella_fast/best_views/coarse/Qi3srVTq0KCyT9wi319KsQ.jpg,
62lXJiMidhyWY1TnrssyoA,19.47346652145787,-99.1235376761137,,,,False,126.15282261371613,20,9,0.45,0.46759408712387085,90,-4,left_houses,/home/runner/work/sample_website/sample_website/.cache/gsv_estrella_fast/panoramas/coarse/z1_62lXJiMidhyWY1TnrssyoA.jpg,/home/runner/work/sample_website/sample_website/.cache/gsv_estrella_fast/best_views/coarse/62lXJiMidhyWY1TnrssyoA.jpg,
QCi0hRP-_Q6ttGrzVbBawA,19.47426882757012,-99.11909797725977,,,,False,126.0582448227065,21,9,0.42857142857142855,0.4612272083759308,90,-4,left_houses,/home/runner/work/sample_website/sample_website/.cache/gsv_estrella_fast/panoramas/coarse/z1_QCi0hRP-_Q6ttGrzVbBawA.jpg,/home/runner/work/sample_website/sample_website/.cache/gsv_estrella_fast/best_views/coarse/QCi0hRP-_Q6ttGrzVbBawA.jpg,
dZ9Av6t2hfh82YW9im9dNg,19.4791541739386,-99.11918696130755,,,,False,125.99586808758397,31,9,0.2903225806451613,0.42066872119903564,90,-4,left_houses,/home/runner/work/sample_website/sample_website/.cache/gsv_estrella_fast/panoramas/coarse/z1_dZ9Av6t2hfh82YW9im9dNg.jpg,/home/runner/work/sample_website/sample_website/.cache/gsv_estrella_fast/best_views/coarse/dZ9Av6t2hfh82YW9im9dNg.jpg,
IjZSa3o-796VT2VwvOtsUg,19.47750191962339,-99.1153274748966,,,,False,125.87622758087359,19,9,0.47368421052631576,0.46140056848526,270,-4,street_depth,/home/runner/work/sample_website/sample_website/.cache/gsv_estrella_fast/panoramas/coarse/z1_IjZSa3o-796VT2VwvOtsUg.jpg,/home/runner/work/sample_website/sample_website/.cache/gsv_estrella_fast/best_views/coarse/IjZSa3o-796VT2VwvOtsUg.jpg,
Z2v8u2EeEFyZ9c6blmnWAQ,19.47456448240016,-99.11845710930939,,,,False,125.56859234741756,28,9,0.32142857142857145,0.41883403062820435,0,-4,street_depth,/home/runner/work/sample_website/sample_website/.cache/gsv_estrella_fast/panoramas/coarse/z1_Z2v8u2EeEFyZ9c6blmnWAQ.jpg,/home/runner/work/sample_website/sample_website/.cache/gsv_estrella_fast/best_views/coarse/Z2v8u2EeEFyZ9c6blmnWAQ.jpg,
b_3FARTosqYa9EDudFn6JQ,19.47275486522223,-99.12382152939959,,,,False,125.14676106951453,22,9,0.4090909090909091,0.42746779322624207,0,-4,full,/home/runner/work/sample_website/sample_website/.cache/gsv_estrella_fast/panoramas/coarse/z1_b_3FARTosqYa9EDudFn6JQ.jpg,/home/runner/work/sample_website/sample_website/.cache/gsv_estrella_fast/best_views/coarse/b_3FARTosqYa9EDudFn6JQ.jpg,
n3guqLURxvVN_w8bxqryMQ,19.47411898397431,-99.11619760749153,,,,False,125.1263740335192,14,9,0.6428571428571429,0.4473077058792114,0,-4,upper_full,/home/runner/work/sample_website/sample_website/.cache/gsv_estrella_fast/panoramas/coarse/z1_n3guqLURxvVN_w8bxqryMQ.jpg,/home/runner/work/sample_website/sample_website/.cache/gsv_estrella_fast/best_views/coarse/n3guqLURxvVN_w8bxqryMQ.jpg,
t2EtyZQxRNGx92xG6AZ8DA,19.47577107784622,-99.11509700573889,,,,False,125.01495045253209,21,9,0.42857142857142855,0.4264507293701172,225,-4,left_houses,/home/runner/work/sample_website/sample_website/.cache/gsv_estrella_fast/panoramas/coarse/z1_t2EtyZQxRNGx92xG6AZ8DA.jpg,/home/runner/work/sample_website/sample_website/.cache/gsv_estrella_fast/best_views/coarse/t2EtyZQxRNGx92xG6AZ8DA.jpg,
7s4_RFWn76nY5RJrisyfGg,19.47670965071309,-99.11473273075325,,,,False,124.9035935997963,20,9,0.45,0.42595311999320984,0,-4,left_houses,/home/runner/work/sample_website/sample_website/.cache/gsv_estrella_fast/panoramas/coarse/z1_7s4_RFWn76nY5RJrisyfGg.jpg,/home/runner/work/sample_website/sample_website/.cache/gsv_estrella_fast/best_views/coarse/7s4_RFWn76nY5RJrisyfGg.jpg,
KRI9outjdFnEcGdTNyoL1A,19.47979392637009,-99.11720392382301,,,,False,124.39364863417364,22,9,0.4090909090909091,0.402364045381546,0,-4,upper_full,/home/runner/work/sample_website/sample_website/.cache/gsv_estrella_fast/panoramas/coarse/z1_KRI9outjdFnEcGdTNyoL1A.jpg,/home/runner/work/sample_website/sample_website/.cache/gsv_estrella_fast/best_views/coarse/KRI9outjdFnEcGdTNyoL1A.jpg,
_dQyklIAV2M1Cb5bPb1jJw,19.47463970042662,-99.1238846830935,,,,False,124.33472640514374,18,9,0.5,0.41282421350479126,135,-4,upper_full,/home/runner/work/sample_website/sample_website/.cache/gsv_estrella_fast/panoramas/coarse/z1__dQyklIAV2M1Cb5bPb1jJw.jpg,/home/runner/work/sample_website/sample_website/.cache/gsv_estrella_fast/best_views/coarse/_dQyklIAV2M1Cb5bPb1jJw.jpg,
vLR4TNj7fkr5ZIuJqlpsDg,19.47258427092454,-99.12285033656768,,,,False,124.29143303632736,20,9,0.45,0.40554776787757874,315,-4,left_houses,/home/runner/work/sample_website/sample_website/.cache/gsv_estrella_fast/panoramas/coarse/z1_vLR4TNj7fkr5ZIuJqlpsDg.jpg,/home/runner/work/sample_website/sample_website/.cache/gsv_estrella_fast/best_views/coarse/vLR4TNj7fkr5ZIuJqlpsDg.jpg,
JrsFIL5XHgC4pj-41ouV5A,19.47660886065615,-99.12299015113439,,,,False,124.24187914273318,17,9,0.5294117647058824,0.41227832436561584,45,-4,full,/home/runner/work/sample_website/sample_website/.cache/gsv_estrella_fast/panoramas/coarse/z1_JrsFIL5XHgC4pj-41ouV5A.jpg,/home/runner/work/sample_website/sample_website/.cache/gsv_estrella_fast/best_views/coarse/JrsFIL5XHgC4pj-41ouV5A.jpg,
ZcoAltbL51KrCQNhIa38WA,19.47889214525622,-99.1198705545904,,,,False,123.3987533682271,19,9,0.47368421052631576,0.3788180947303772,90,-4,left_houses,/home/runner/work/sample_website/sample_website/.cache/gsv_estrella_fast/panoramas/coarse/z1_ZcoAltbL51KrCQNhIa38WA.jpg,/home/runner/work/sample_website/sample_website/.cache/gsv_estrella_fast/best_views/coarse/ZcoAltbL51KrCQNhIa38WA.jpg,
0u1TKE4ps0Dp6SNOAPipfA,19.4768731285602,-99.11654652429306,,,,False,123.20741441187106,19,9,0.47368421052631576,0.3724401295185089,270,-4,street_depth,/home/runner/work/sample_website/sample_website/.cache/gsv_estrella_fast/panoramas/coarse/z1_0u1TKE4ps0Dp6SNOAPipfA.jpg,/home/runner/work/sample_website/sample_website/.cache/gsv_estrella_fast/best_views/coarse/0u1TKE4ps0Dp6SNOAPipfA.jpg,
aYncfv0iykfy5CM9Md89tQ,19.47546912934265,-99.12026955221333,,,,False,123.17683886289596,12,9,0.75,0.38339462876319885,225,-4,left_houses,/home/runner/work/sample_website/sample_website/.cache/gsv_estrella_fast/panoramas/coarse/z1_aYncfv0iykfy5CM9Md89tQ.jpg,/home/runner/work/sample_website/sample_website/.cache/gsv_estrella_fast/best_views/coarse/aYncfv0iykfy5CM9Md89tQ.jpg,
DSFXe3BxfydufGI1n5TLaQ,19.47813737352082,-99.11795563013732,,,,False,122.6842588195434,26,9,0.34615384615384615,0.3306291401386261,0,-4,left_houses,/home/runner/work/sample_website/sample_website/.cache/gsv_estrella_fast/panoramas/coarse/z1_DSFXe3BxfydufGI1n5TLaQ.jpg,/home/runner/work/sample_website/sample_website/.cache/gsv_estrella_fast/best_views/coarse/DSFXe3BxfydufGI1n5TLaQ.jpg,
t1K4Ly9TG7FminiiZJafRA,19.47531525332538,-99.11297190885206,,,,False,122.6804473400116,20,9,0.45,0.3518482446670532,180,-4,right_depth,/home/runner/work/sample_website/sample_website/.cache/gsv_estrella_fast/panoramas/coarse/z1_t1K4Ly9TG7FminiiZJafRA.jpg,/home/runner/work/sample_website/sample_website/.cache/gsv_estrella_fast/best_views/coarse/t1K4Ly9TG7FminiiZJafRA.jpg,
4CLs93ug2EpYOxXcWcbjUw,19.46988830955579,-99.12013936698904,,,,False,122.4508853056214,22,9,0.4090909090909091,0.3376052677631378,180,-4,right_depth,/home/runner/work/sample_website/sample_website/.cache/gsv_estrella_fast/panoramas/coarse/z1_4CLs93ug2EpYOxXcWcbjUw.jpg,/home/runner/work/sample_website/sample_website/.cache/gsv_estrella_fast/best_views/coarse/4CLs93ug2EpYOxXcWcbjUw.jpg,
_r8P6fn36xMESHeQg_xT3g,19.47904934460976,-99.11890650148563,,,,False,122.01067429610661,21,9,0.42857142857142855,0.3263081908226013,135,-4,street_depth,/home/runner/work/sample_website/sample_website/.cache/gsv_estrella_fast/panoramas/coarse/z1__r8P6fn36xMESHeQg_xT3g.jpg,/home/runner/work/sample_website/sample_website/.cache/gsv_estrella_fast/best_views/coarse/_r8P6fn36xMESHeQg_xT3g.jpg,
wWltB7KznpqM-xVmv0HnLA,19.47178417480956,-99.11719387748151,,,,False,121.72094222647803,14,9,0.6428571428571429,0.3337933123111725,225,-4,upper_full,/home/runner/work/sample_website/sample_website/.cache/gsv_estrella_fast/panoramas/coarse/z1_wWltB7KznpqM-xVmv0HnLA.jpg,/home/runner/work/sample_website/sample_website/.cache/gsv_estrella_fast/best_views/coarse/wWltB7KznpqM-xVmv0HnLA.jpg,
eudYskX3Jtrb2O-v-kmBuw,19.4747955535991,-99.11936374774598,,,,False,121.27481293507985,21,9,0.42857142857142855,0.30177947878837585,270,-4,left_houses,/home/runner/work/sample_website/sample_website/.cache/gsv_estrella_fast/panoramas/coarse/z1_eudYskX3Jtrb2O-v-kmBuw.jpg,/home/runner/work/sample_website/sample_website/.cache/gsv_estrella_fast/best_views/coarse/eudYskX3Jtrb2O-v-kmBuw.jpg,
eTkUsqdzy_xOILJ0Vo8WMA,19.47953748647317,-99.12085099814995,,,,False,121.19469121834811,17,9,0.5294117647058824,0.31070539355278015,90,-4,street_depth,/home/runner/work/sample_website/sample_website/.cache/gsv_estrella_fast/panoramas/coarse/z1_eTkUsqdzy_xOILJ0Vo8WMA.jpg,/home/runner/work/sample_website/sample_website/.cache/gsv_estrella_fast/best_views/coarse/eTkUsqdzy_xOILJ0Vo8WMA.jpg,
n1iUWazWjS6c02HL9NwtKw,19.47035586985101,-99.11935842895058,,,,False,120.83170437812805,20,9,0.45,0.29022347927093506,225,-4,street_depth,/home/runner/work/sample_website/sample_website/.cache/gsv_estrella_fast/panoramas/coarse/z1_n1iUWazWjS6c02HL9NwtKw.jpg,/home/runner/work/sample_website/sample_website/.cache/gsv_estrella_fast/best_views/coarse/n1iUWazWjS6c02HL9NwtKw.jpg,
KbECYTaK-wProAmN5GRepQ,19.47593770658099,-99.1189162103432,,,,False,120.29771340868689,22,9,0.4090909090909091,0.2658328711986542,315,-4,left_houses,/home/runner/work/sample_website/sample_website/.cache/gsv_estrella_fast/panoramas/coarse/z1_KbECYTaK-wProAmN5GRepQ.jpg,/home/runner/work/sample_website/sample_website/.cache/gsv_estrella_fast/best_views/coarse/KbECYTaK-wProAmN5GRepQ.jpg,
-sC_fgK7nA_EDshQSLzayQ,19.47544720367231,-99.11985214975451,,,,False,118.90255354046822,18,9,0.5,0.23175178468227386,270,-4,upper_full,/home/runner/work/sample_website/sample_website/.cache/gsv_estrella_fast/panoramas/coarse/z1_-sC_fgK7nA_EDshQSLzayQ.jpg,/home/runner/work/sample_website/sample_website/.cache/gsv_estrella_fast/best_views/coarse/-sC_fgK7nA_EDshQSLzayQ.jpg,
vo_1ARIk5dGfNazUixWpWA,19.47211597027857,-99.11652094432573,,,,False,116.81178459602017,31,9,0.2903225806451613,0.11453260481357574,225,-4,left_houses,/home/runner/work/sample_website/sample_website/.cache/gsv_estrella_fast/panoramas/coarse/z1_vo_1ARIk5dGfNazUixWpWA.jpg,/home/runner/work/sample_website/sample_website/.cache/gsv_estrella_fast/best_views/coarse/vo_1ARIk5dGfNazUixWpWA.jpg,
IeXlK4FG77Q75XY0wfjF7A,19.47455808561085,-99.11602547126202,,,,False,115.79074074074074,27,8,0.2962962962962963,0.8310608267784119,225,-4,left_houses,/home/runner/work/sample_website/sample_website/.cache/gsv_estrella_fast/panoramas/coarse/z1_IeXlK4FG77Q75XY0wfjF7A.jpg,/home/runner/work/sample_website/sample_website/.cache/gsv_estrella_fast/best_views/coarse/IeXlK4FG77Q75XY0wfjF7A.jpg,
jpK956zCFsIAsJabEClWWg,19.47887176220491,-99.11941727342105,,,,False,115.66923076923078,26,8,0.3076923076923077,0.7119643092155457,180,-4,street_depth,/home/runner/work/sample_website/sample_website/.cache/gsv_estrella_fast/panoramas/coarse/z1_jpK956zCFsIAsJabEClWWg.jpg,/home/runner/work/sample_website/sample_website/.cache/gsv_estrella_fast/best_views/coarse/jpK956zCFsIAsJabEClWWg.jpg,
0oKCJ5Og-JXQOcAxfNQFHA,19.4756727756838,-99.11678923891229,,,,False,115.66923076923078,26,8,0.3076923076923077,0.7538067102432251,180,-4,street_depth,/home/runner/work/sample_website/sample_website/.cache/gsv_estrella_fast/panoramas/coarse/z1_0oKCJ5Og-JXQOcAxfNQFHA.jpg,/home/runner/work/sample_website/sample_website/.cache/gsv_estrella_fast/best_views/coarse/0oKCJ5Og-JXQOcAxfNQFHA.jpg,
fuoA2uOauCkr6sE8WzFmtA,19.47727615321652,-99.11913774146622,,,,False,115.55,25,8,0.32,0.545495331287384,90,-4,left_houses,/home/runner/work/sample_website/sample_website/.cache/gsv_estrella_fast/panoramas/coarse/z1_fuoA2uOauCkr6sE8WzFmtA.jpg,/home/runner/work/sample_website/sample_website/.cache/gsv_estrella_fast/best_views/coarse/fuoA2uOauCkr6sE8WzFmtA.jpg,
ivVJ3XU7b3KmbagsK2cbjg,19.47974760189312,-99.1206187400886,,,,False,115.43333333333332,24,8,0.3333333333333333,0.5368214845657349,0,-4,upper_full,/home/runner/work/sample_website/sample_website/.cache/gsv_estrella_fast/panoramas/coarse/z1_ivVJ3XU7b3KmbagsK2cbjg.jpg,/home/runner/work/sample_website/sample_website/.cache/gsv_estrella_fast/best_views/coarse/ivVJ3XU7b3KmbagsK2cbjg.jpg,
UCeawulBc2Eyge03QSSe1w,19.47926965171928,-99.12094927112081,,,,False,115.43333333333332,24,8,0.3333333333333333,0.8045271635055542,0,-4,left_houses,/home/runner/work/sample_website/sample_website/.cache/gsv_estrella_fast/panoramas/coarse/z1_UCeawulBc2Eyge03QSSe1w.jpg,/home/runner/work/sample_website/sample_website/.cache/gsv_estrella_fast/best_views/coarse/UCeawulBc2Eyge03QSSe1w.jpg,
VZ0KG1ntPKm6mCFIDAuY8Q,19.4750563133291,-99.11926125546513,,,,False,115.43333333333332,24,8,0.3333333333333333,0.8181227445602417,0,-4,left_houses,/home/runner/work/sample_website/sample_website/.cache/gsv_estrella_fast/panoramas/coarse/z1_VZ0KG1ntPKm6mCFIDAuY8Q.jpg,/home/runner/work/sample_website/sample_website/.cache/gsv_estrella_fast/best_views/coarse/VZ0KG1ntPKm6mCFIDAuY8Q.jpg,
nsUSXsRVi_6mCgLuHA0WOw,19.47032237028174,-99.12051270028228,,,,False,115.43333333333332,24,8,0.3333333333333333,0.8266218304634094,0,-4,left_houses,/home/runner/work/sample_website/sample_website/.cache/gsv_estrella_fast/panoramas/coarse/z1_nsUSXsRVi_6mCgLuHA0WOw.jpg,/home/runner/work/sample_website/sample_website/.cache/gsv_estrella_fast/best_views/coarse/nsUSXsRVi_6mCgLuHA0WOw.jpg,
3R73sifMxd14m8qd2rPiAw,19.47413980424167,-99.11810801531018,,,,False,115.43333333333332,24,8,0.3333333333333333,0.6951538324356079,0,-4,left_houses,/home/runner/work/sample_website/sample_website/.cache/gsv_estrella_fast/panoramas/coarse/z1_3R73sifMxd14m8qd2rPiAw.jpg,/home/runner/work/sample_website/sample_website/.cache/gsv_estrella_fast/best_views/coarse/3R73sifMxd14m8qd2rPiAw.jpg,
axixcuIkcwQQk7tsP6KKow,19.4741528725164,-99.11662765421063,,,,False,115.43333333333332,24,8,0.3333333333333333,0.8360872268676758,0,-4,street_depth,/home/runner/work/sample_website/sample_website/.cache/gsv_estrella_fast/panoramas/coarse/z1_axixcuIkcwQQk7tsP6KKow.jpg,/home/runner/work/sample_website/sample_website/.cache/gsv_estrella_fast/best_views/coarse/axixcuIkcwQQk7tsP6KKow.jpg,
rMbhkAc690PrsIDaOb9Msg,19.47527525914045,-99.12284223138292,,,,False,115.3195652173913,23,8,0.34782608695652173,0.7602194547653198,0,-4,left_houses,/home/runner/work/sample_website/sample_website/.cache/gsv_estrella_fast/panoramas/coarse/z1_rMbhkAc690PrsIDaOb9Msg.jpg,/home/runner/work/sample_website/sample_website/.cache/gsv_estrella_fast/best_views/coarse/rMbhkAc690PrsIDaOb9Msg.jpg,
tbIgU7cbOsyRQjlCPLqyNw,19.47716117083936,-99.11350476062795,,,,False,115.3195652173913,23,8,0.34782608695652173,0.7137309908866882,45,-4,left_houses,/home/runner/work/sample_website/sample_website/.cache/gsv_estrella_fast/panoramas/coarse/z1_tbIgU7cbOsyRQjlCPLqyNw.jpg,/home/runner/work/sample_website/sample_website/.cache/gsv_estrella_fast/best_views/coarse/tbIgU7cbOsyRQjlCPLqyNw.jpg,
f0lcIoyoft5G14V1HAtpsw,19.47549980014109,-99.11565055494228,,,,False,115.3195652173913,23,8,0.34782608695652173,0.531856894493103,90,-4,left_houses,/home/runner/work/sample_website/sample_website/.cache/gsv_estrella_fast/panoramas/coarse/z1_f0lcIoyoft5G14V1HAtpsw.jpg,/home/runner/work/sample_website/sample_website/.cache/gsv_estrella_fast/best_views/coarse/f0lcIoyoft5G14V1HAtpsw.jpg,
dWRl7Z0Jhg2Iw7A_bxtiYA,19.47102927121409,-99.12185939939702,,,,False,115.2090909090909,22,8,0.36363636363636365,0.546700656414032,225,-4,left_houses,/home/runner/work/sample_website/sample_website/.cache/gsv_estrella_fast/panoramas/coarse/z1_dWRl7Z0Jhg2Iw7A_bxtiYA.jpg,/home/runner/work/sample_website/sample_website/.cache/gsv_estrella_fast/best_views/coarse/dWRl7Z0Jhg2Iw7A_bxtiYA.jpg,
_2SPR4CfB9CztWi_0UetVg,19.47776353674045,-99.12003881551163,,,,False,115.2090909090909,22,8,0.36363636363636365,0.7574888467788696,135,-4,left_houses,/home/runner/work/sample_website/sample_website/.cache/gsv_estrella_fast/panoramas/coarse/z1__2SPR4CfB9CztWi_0UetVg.jpg,/home/runner/work/sample_website/sample_website/.cache/gsv_estrella_fast/best_views/coarse/_2SPR4CfB9CztWi_0UetVg.jpg,
l3qticFaNb8462UNSbURlg,19.4724547104473,-99.11912474000376,,,,False,115.2090909090909,22,8,0.36363636363636365,0.617885172367096,270,-4,upper_full,/home/runner/work/sample_website/sample_website/.cache/gsv_estrella_fast/panoramas/coarse/z1_l3qticFaNb8462UNSbURlg.jpg,/home/runner/work/sample_website/sample_website/.cache/gsv_estrella_fast/best_views/coarse/l3qticFaNb8462UNSbURlg.jpg,
cBIq_5DVrfDJ_xAIdPxpgQ,19.47239693836266,-99.1182483281199,,,,False,115.2090909090909,22,8,0.36363636363636365,0.6231768727302551,180,-4,full,/home/runner/work/sample_website/sample_website/.cache/gsv_estrella_fast/panoramas/coarse/z1_cBIq_5DVrfDJ_xAIdPxpgQ.jpg,/home/runner/work/sample_website/sample_website/.cache/gsv_estrella_fast/best_views/coarse/cBIq_5DVrfDJ_xAIdPxpgQ.jpg,
BdiBaX77lo3AICCYnDXFmQ,19.47330956122952,-99.11421498193673,,,,False,115.2090909090909,22,8,0.36363636363636365,0.7434675097465515,315,-4,left_houses,/home/runner/work/sample_website/sample_website/.cache/gsv_estrella_fast/panoramas/coarse/z1_BdiBaX77lo3AICCYnDXFmQ.jpg,/home/runner/work/sample_website/sample_website/.cache/gsv_estrella_fast/best_views/coarse/BdiBaX77lo3AICCYnDXFmQ.jpg,
sq-Pr2pw9WHZD8E8tT3UPw,19.47411997508843,-99.11527564038335,,,,False,115.14853739227567,28,8,0.2857142857142857,0.47447505593299866,180,-4,street_depth,/home/runner/work/sample_website/sample_website/.cache/gsv_estrella_fast/panoramas/coarse/z1_sq-Pr2pw9WHZD8E8tT3UPw.jpg,/home/runner/work/sample_website/sample_website/.cache/gsv_estrella_fast/best_views/coarse/sq-Pr2pw9WHZD8E8tT3UPw.jpg,
cn2Fwofmg2bzBigeB9z9ZQ,19.47914568966264,-99.12059358094983,,,,False,115.14665477275848,25,8,0.32,0.48655515909194946,90,-4,left_houses,/home/runner/work/sample_website/sample_website/.cache/gsv_estrella_fast/panoramas/coarse/z1_cn2Fwofmg2bzBigeB9z9ZQ.jpg,/home/runner/work/sample_website/sample_website/.cache/gsv_estrella_fast/best_views/coarse/cn2Fwofmg2bzBigeB9z9ZQ.jpg,
x5YJwuu9joVdyKBPoq37Lg,19.47531103483705,-99.12324166599814,,,,False,115.10238095238095,21,8,0.38095238095238093,0.5526865124702454,270,-4,street_depth,/home/runner/work/sample_website/sample_website/.cache/gsv_estrella_fast/panoramas/coarse/z1_x5YJwuu9joVdyKBPoq37Lg.jpg,/home/runner/work/sample_website/sample_website/.cache/gsv_estrella_fast/best_views/coarse/x5YJwuu9joVdyKBPoq37Lg.jpg,
abemXjnPM8uH6gDaeXCU5A,19.47659250410613,-99.11866318945796,,,,False,115.10238095238095,21,8,0.38095238095238093,0.6878888010978699,270,-4,street_depth,/home/runner/work/sample_website/sample_website/.cache/gsv_estrella_fast/panoramas/coarse/z1_abemXjnPM8uH6gDaeXCU5A.jpg,/home/runner/work/sample_website/sample_website/.cache/gsv_estrella_fast/best_views/coarse/abemXjnPM8uH6gDaeXCU5A.jpg,
B-zZVta5kpYyc1kFz7UOpw,19.47640232734585,-99.11620419240616,,,,False,115.10238095238095,21,8,0.38095238095238093,0.5330237746238708,90,-4,street_depth,/home/runner/work/sample_website/sample_website/.cache/gsv_estrella_fast/panoramas/coarse/z1_B-zZVta5kpYyc1kFz7UOpw.jpg,/home/runner/work/sample_website/sample_website/.cache/gsv_estrella_fast/best_views/coarse/B-zZVta5kpYyc1kFz7UOpw.jpg,
gPWe7mgzRWJovuR6R0cyBQ,19.47606719099685,-99.1154330012898,,,,False,115.10238095238095,21,8,0.38095238095238093,0.5989710092544556,0,-4,left_houses,/home/runner/work/sample_website/sample_website/.cache/gsv_estrella_fast/panoramas/coarse/z1_gPWe7mgzRWJovuR6R0cyBQ.jpg,/home/runner/work/sample_website/sample_website/.cache/gsv_estrella_fast/best_views/coarse/gPWe7mgzRWJovuR6R0cyBQ.jpg,
X2YSWeSL8GYHj00TZ8gzsQ,19.47432526064524,-99.11336614453526,,,,False,115.10238095238095,21,8,0.38095238095238093,0.5497704148292542,135,-4,upper_full,/home/runner/work/sample_website/sample_website/.cache/gsv_estrella_fast/panoramas/coarse/z1_X2YSWeSL8GYHj00TZ8gzsQ.jpg,/home/runner/work/sample_website/sample_website/.cache/gsv_estrella_fast/best_views/coarse/X2YSWeSL8GYHj00TZ8gzsQ.jpg,
rEJJ6NjW9XZrBzbvDgvkKA,19.47480408004603,-99.12421100611756,,,,False,115.0,20,8,0.4,0.7702118754386902,180,-4,street_depth,/home/runner/work/sample_website/sample_website/.cache/gsv_estrella_fast/panoramas/coarse/z1_rEJJ6NjW9XZrBzbvDgvkKA.jpg,/home/runner/work/sample_website/sample_website/.cache/gsv_estrella_fast/best_views/coarse/rEJJ6NjW9XZrBzbvDgvkKA.jpg,
sQi1JMUr0AkV6bR1I4103g,19.47348322530133,-99.12394792126753,,,,False,115.0,20,8,0.4,0.5076947808265686,45,-4,street_depth,/home/runner/work/sample_website/sample_website/.cache/gsv_estrella_fast/panoramas/coarse/z1_sQi1JMUr0AkV6bR1I4103g.jpg,/home/runner/work/sample_website/sample_website/.cache/gsv_estrella_fast/best_views/coarse/sQi1JMUr0AkV6bR1I4103g.jpg,
TWh4OC8nDeMWKvBYHAhr9w,19.479595088724,-99.11727331959459,,,,False,115.0,20,8,0.4,0.6117466688156128,180,-4,street_depth,/home/runner/work/sample_website/sample_website/.cache/gsv_estrella_fast/panoramas/coarse/z1_TWh4OC8nDeMWKvBYHAhr9w.jpg,/home/runner/work/sample_website/sample_website/.cache/gsv_estrella_fast/best_views/coarse/TWh4OC8nDeMWKvBYHAhr9w.jpg,
uVBvORc9B1AMf3LYXwyc8g,19.4756958680861,-99.11794845411143,,,,False,115.0,20,8,0.4,0.7042207717895508,270,-4,street_depth,/home/runner/work/sample_website/sample_website/.cache/gsv_estrella_fast/panoramas/coarse/z1_uVBvORc9B1AMf3LYXwyc8g.jpg,/home/runner/work/sample_website/sample_website/.cache/gsv_estrella_fast/best_views/coarse/uVBvORc9B1AMf3LYXwyc8g.jpg,
r1TA8jz7Znkd59RMzPZPCw,19.47928277038987,-99.11556326326196,,,,False,115.0,20,8,0.4,0.5807138085365295,315,-4,street_depth,/home/runner/work/sample_website/sample_website/.cache/gsv_estrella_fast/panoramas/coarse/z1_r1TA8jz7Znkd59RMzPZPCw.jpg,/home/runner/work/sample_website/sample_website/.cache/gsv_estrella_fast/best_views/coarse/r1TA8jz7Znkd59RMzPZPCw.jpg,
1t2GbBvW8L7_Pd85dcpGVw,19.47489418621666,-99.11450572454042,,,,False,115.0,20,8,0.4,0.5892766714096069,315,-4,upper_full,/home/runner/work/sample_website/sample_website/.cache/gsv_estrella_fast/panoramas/coarse/z1_1t2GbBvW8L7_Pd85dcpGVw.jpg,/home/runner/work/sample_website/sample_website/.cache/gsv_estrella_fast/best_views/coarse/1t2GbBvW8L7_Pd85dcpGVw.jpg,
cGMxEsO1KIYaBdklunD_sg,19.47549246770054,-99.11290859495168,,,,False,115.0,20,8,0.4,0.5441254377365112,225,-4,left_houses,/home/runner/work/sample_website/sample_website/.cache/gsv_estrella_fast/panoramas/coarse/z1_cGMxEsO1KIYaBdklunD_sg.jpg,/home/runner/work/sample_website/sample_website/.cache/gsv_estrella_fast/best_views/coarse/cGMxEsO1KIYaBdklunD_sg.jpg,
rX-uMY_NXsf5mRH9yDVLbA,19.47140748800684,-99.12251591395005,,,,False,114.90263157894736,19,8,0.42105263157894735,0.7663237452507019,225,-4,street_depth,/home/runner/work/sample_website/sample_website/.cache/gsv_estrella_fast/panoramas/coarse/z1_rX-uMY_NXsf5mRH9yDVLbA.jpg,/home/runner/work/sample_website/sample_website/.cache/gsv_estrella_fast/best_views/coarse/rX-uMY_NXsf5mRH9yDVLbA.jpg,
K_bR7YfwCYy8O8lZeIjqXg,19.47013035208473,-99.11871063608943,,,,False,114.90263157894736,19,8,0.42105263157894735,0.553412139415741,225,-4,street_depth,/home/runner/work/sample_website/sample_website/.cache/gsv_estrella_fast/panoramas/coarse/z1_K_bR7YfwCYy8O8lZeIjqXg.jpg,/home/runner/work/sample_website/sample_website/.cache/gsv_estrella_fast/best_views/coarse/K_bR7YfwCYy8O8lZeIjqXg.jpg,
LXfIkE5a7NFVQzwFAvnXWg,19.47348302879583,-99.11414212761166,,,,False,114.90263157894736,19,8,0.42105263157894735,0.532997727394104,90,-4,full,/home/runner/work/sample_website/sample_website/.cache/gsv_estrella_fast/panoramas/coarse/z1_LXfIkE5a7NFVQzwFAvnXWg.jpg,/home/runner/work/sample_website/sample_website/.cache/gsv_estrella_fast/best_views/coarse/LXfIkE5a7NFVQzwFAvnXWg.jpg,
aVFi6wFZM6TdapFzBg4YbQ,19.47620618862383,-99.11941820210028,,,,False,114.81111111111112,18,8,0.4444444444444444,0.6171245574951172,135,-4,street_depth,/home/runner/work/sample_website/sample_website/.cache/gsv_estrella_fast/panoramas/coarse/z1_aVFi6wFZM6TdapFzBg4YbQ.jpg,/home/runner/work/sample_website/sample_website/.cache/gsv_estrella_fast/best_views/coarse/aVFi6wFZM6TdapFzBg4YbQ.jpg,
ZmJOIelE1pwFy4oWowiFRA,19.47953767759055,-99.11825609514183,,,,False,114.81111111111112,18,8,0.4444444444444444,0.8115341067314148,270,-4,left_houses,/home/runner/work/sample_website/sample_website/.cache/gsv_estrella_fast/panoramas/coarse/z1_ZmJOIelE1pwFy4oWowiFRA.jpg,/home/runner/work/sample_website/sample_website/.cache/gsv_estrella_fast/best_views/coarse/ZmJOIelE1pwFy4oWowiFRA.jpg,
08TWV4GM44RKEH2mTCoeww,19.47438208485049,-99.11609326199374,,,,False,114.79888702447599,26,8,0.3076923076923077,0.47098854184150696,45,-4,left_houses,/home/runner/work/sample_website/sample_website/.cache/gsv_estrella_fast/panoramas/coarse/z1_08TWV4GM44RKEH2mTCoeww.jpg,/home/runner/work/sample_website/sample_website/.cache/gsv_estrella_fast/best_views/coarse/08TWV4GM44RKEH2mTCoeww.jpg,
bv5yGz6zF7fcKmEpq_YWHQ,19.47879555136514,-99.12214248686497,,,,False,114.72647058823529,17,8,0.47058823529411764,0.5081199407577515,315,-4,left_houses,/home/runner/work/sample_website/sample_website/.cache/gsv_estrella_fast/panoramas/coarse/z1_bv5yGz6zF7fcKmEpq_YWHQ.jpg,/home/runner/work/sample_website/sample_website/.cache/gsv_estrella_fast/best_views/coarse/bv5yGz6zF7fcKmEpq_YWHQ.jpg,
QcvIm11NLu7cmOnxRKtV8Q,19.47617226728194,-99.12315529474215,,,,False,114.72647058823529,17,8,0.47058823529411764,0.6642149090766907,0,-4,street_depth,/home/runner/work/sample_website/sample_website/.cache/gsv_estrella_fast/panoramas/coarse/z1_QcvIm11NLu7cmOnxRKtV8Q.jpg,/home/runner/work/sample_website/sample_website/.cache/gsv_estrella_fast/best_views/coarse/QcvIm11NLu7cmOnxRKtV8Q.jpg,
hMU2F51AMiFzFnrKM4R6tg,19.47897150826649,-99.11602859486857,,,,False,114.72647058823529,17,8,0.47058823529411764,0.7009776830673218,90,-4,left_houses,/home/runner/work/sample_website/sample_website/.cache/gsv_estrella_fast/panoramas/coarse/z1_hMU2F51AMiFzFnrKM4R6tg.jpg,/home/runner/work/sample_website/sample_website/.cache/gsv_estrella_fast/best_views/coarse/hMU2F51AMiFzFnrKM4R6tg.jpg,
dTnKvhKlSGWGrqsxu7xx_A,19.47370579109714,-99.11360530387624,,,,False,114.72647058823529,17,8,0.47058823529411764,0.8482803702354431,0,-4,left_houses,/home/runner/work/sample_website/sample_website/.cache/gsv_estrella_fast/panoramas/coarse/z1_dTnKvhKlSGWGrqsxu7xx_A.jpg,/home/runner/work/sample_website/sample_website/.cache/gsv_estrella_fast/best_views/coarse/dTnKvhKlSGWGrqsxu7xx_A.jpg,
EGOe4XrmmM2AeXtVpZsaEg,19.47371873783732,-99.11866960572678,,,,False,114.65,16,8,0.5,0.8270403146743774,0,-4,left_houses,/home/runner/work/sample_website/sample_website/.cache/gsv_estrella_fast/panoramas/coarse/z1_EGOe4XrmmM2AeXtVpZsaEg.jpg,/home/runner/work/sample_website/sample_website/.cache/gsv_estrella_fast/best_views/coarse/EGOe4XrmmM2AeXtVpZsaEg.jpg,
0odMultczPuMYckboZ3Sww,19.47773256236702,-99.11718239594992,,,,False,114.58333333333333,15,8,0.5333333333333333,0.7223973870277405,225,-4,left_houses,/home/runner/work/sample_website/sample_website/.cache/gsv_estrella_fast/panoramas/coarse/z1_0odMultczPuMYckboZ3Sww.jpg,/home/runner/work/sample_website/sample_website/.cache/gsv_estrella_fast/best_views/coarse/0odMultczPuMYckboZ3Sww.jpg,
R_UQDWabDZYpzy82C5ljJw,19.47846666016209,-99.12176669754537,,,,False,114.52857142857142,14,8,0.5714285714285714,0.6237686276435852,225,-4,left_houses,/home/runner/work/sample_website/sample_website/.cache/gsv_estrella_fast/panoramas/coarse/z1_R_UQDWabDZYpzy82C5ljJw.jpg,/home/runner/work/sample_website/sample_website/.cache/gsv_estrella_fast/best_views/coarse/R_UQDWabDZYpzy82C5ljJw.jpg,
NuCC2AAtTwNyout-EuB71Q,19.47391651190652,-99.11397438563516,,,,False,114.52857142857142,14,8,0.5714285714285714,0.5344699621200562,90,-4,full,/home/runner/work/sample_website/sample_website/.cache/gsv_estrella_fast/panoramas/coarse/z1_NuCC2AAtTwNyout-EuB71Q.jpg,/home/runner/work/sample_website/sample_website/.cache/gsv_estrella_fast/best_views/coarse/NuCC2AAtTwNyout-EuB71Q.jpg,
snydJKVZYb_y4NLurdbkGg,19.47999323409156,-99.11890042289716,,,,False,114.49020346078005,22,8,0.36363636363636365,0.47603708505630493,135,-4,left_houses,/home/runner/work/sample_website/sample_website/.cache/gsv_estrella_fast/panoramas/coarse/z1_snydJKVZYb_y4NLurdbkGg.jpg,/home/runner/work/sample_website/sample_website/.cache/gsv_estrella_fast/best_views/coarse/snydJKVZYb_y4NLurdbkGg.jpg,
0O98VaxJKgEOhzmd0nYmDQ,19.4743912517568,-99.11698847650774,,,,False,113.93253290465003,19,8,0.42105263157894735,0.46766337752342224,225,-4,full,/home/runner/work/sample_website/sample_website/.cache/gsv_estrella_fast/panoramas/coarse/z1_0O98VaxJKgEOhzmd0nYmDQ.jpg,/home/runner/work/sample_website/sample_website/.cache/gsv_estrella_fast/best_views/coarse/0O98VaxJKgEOhzmd0nYmDQ.jpg,
Efg8p5Q1ZNLFRiVN3dgwSw,19.47771524468294,-99.11672701947697,,,,False,113.81641453674861,14,8,0.5714285714285714,0.4762614369392395,45,-4,upper_full,/home/runner/work/sample_website/sample_website/.cache/gsv_estrella_fast/panoramas/coarse/z1_Efg8p5Q1ZNLFRiVN3dgwSw.jpg,/home/runner/work/sample_website/sample_website/.cache/gsv_estrella_fast/best_views/coarse/Efg8p5Q1ZNLFRiVN3dgwSw.jpg,
PetttUUqeFmj9kFZgNRCHw,19.473255091215,-99.11469060496992,,,,False,113.56336023807526,16,8,0.5,0.46377867460250854,270,-4,full,/home/runner/work/sample_website/sample_website/.cache/gsv_estrella_fast/panoramas/coarse/z1_PetttUUqeFmj9kFZgNRCHw.jpg,/home/runner/work/sample_website/sample_website/.cache/gsv_estrella_fast/best_views/coarse/PetttUUqeFmj9kFZgNRCHw.jpg,
uj0zzAKl-eBX6a25_fWQ9g,19.47728654449527,-99.11789619577755,,,,False,113.33592802286148,20,8,0.4,0.4445309340953827,135,-4,full,/home/runner/work/sample_website/sample_website/.cache/gsv_estrella_fast/panoramas/coarse/z1_uj0zzAKl-eBX6a25_fWQ9g.jpg,/home/runner/work/sample_website/sample_website/.cache/gsv_estrella_fast/best_views/coarse/uj0zzAKl-eBX6a25_fWQ9g.jpg,
BcZY1FQgn9sHtpDxeAq5FQ,19.47518963045113,-99.12287456769789,,,,False,113.22647511959076,20,8,0.4,0.44088250398635864,315,-4,full,/home/runner/work/sample_website/sample_website/.cache/gsv_estrella_fast/panoramas/coarse/z1_BcZY1FQgn9sHtpDxeAq5FQ.jpg,/home/runner/work/sample_website/sample_website/.cache/gsv_estrella_fast/best_views/coarse/BcZY1FQgn9sHtpDxeAq5FQ.jpg,
om1hcOE7qNUUMgqGzcWw6w,19.47143540174886,-99.12176137858992,,,,False,113.1230460391325,17,8,0.47058823529411764,0.4465525150299072,90,-4,left_houses,/home/runner/work/sample_website/sample_website/.cache/gsv_estrella_fast/panoramas/coarse/z1_om1hcOE7qNUUMgqGzcWw6w.jpg,/home/runner/work/sample_website/sample_website/.cache/gsv_estrella_fast/best_views/coarse/om1hcOE7qNUUMgqGzcWw6w.jpg,
nKKUm95JSpIBmWKbeNo9qw,19.47719638469508,-99.12205130439176,,,,False,113.11375280293551,22,8,0.36363636363636365,0.4301553964614868,180,-4,upper_full,/home/runner/work/sample_website/sample_website/.cache/gsv_estrella_fast/panoramas/coarse/z1_nKKUm95JSpIBmWKbeNo9qw.jpg,/home/runner/work/sample_website/sample_website/.cache/gsv_estrella_fast/best_views/coarse/nKKUm95JSpIBmWKbeNo9qw.jpg,
Vov-j7Hrt15sv4NmCHs4wQ,19.47546114821898,-99.11337635923303,,,,False,112.81006274689798,23,8,0.34782608695652173,0.4163499176502228,0,-4,upper_full,/home/runner/work/sample_website/sample_website/.cache/gsv_estrella_fast/panoramas/coarse/z1_Vov-j7Hrt15sv4NmCHs4wQ.jpg,/home/runner/work/sample_website/sample_website/.cache/gsv_estrella_fast/best_views/coarse/Vov-j7Hrt15sv4NmCHs4wQ.jpg,
lEewWCM1AnSofGrM5si36g,19.47625916640184,-99.119961650148,,,,False,112.62955152800208,19,8,0.42105263157894735,0.4242306649684906,225,-4,street_depth,/home/runner/work/sample_website/sample_website/.cache/gsv_estrella_fast/panoramas/coarse/z1_lEewWCM1AnSofGrM5si36g.jpg,/home/runner/work/sample_website/sample_website/.cache/gsv_estrella_fast/best_views/coarse/lEewWCM1AnSofGrM5si36g.jpg,
gaRxndd5EB6w4h5HIO7hWg,19.47232584995726,-99.12294928743137,,,,False,112.40247068871622,23,8,0.34782608695652173,0.4027635157108307,270,-4,full,/home/runner/work/sample_website/sample_website/.cache/gsv_estrella_fast/panoramas/coarse/z1_gaRxndd5EB6w4h5HIO7hWg.jpg,/home/runner/work/sample_website/sample_website/.cache/gsv_estrella_fast/best_views/coarse/gaRxndd5EB6w4h5HIO7hWg.jpg,
ytMSr9CkPtFawzxUK73eNg,19.47363612568731,-99.12072942350797,,,,False,112.24368532570925,22,8,0.36363636363636365,0.4011531472206116,315,-4,left_houses,/home/runner/work/sample_website/sample_website/.cache/gsv_estrella_fast/panoramas/coarse/z1_ytMSr9CkPtFawzxUK73eNg.jpg,/home/runner/work/sample_website/sample_website/.cache/gsv_estrella_fast/best_views/coarse/ytMSr9CkPtFawzxUK73eNg.jpg,
i6dzfCrRyBEocc10OrZL7A,19.47638886412954,-99.11530856458168,,,,False,112.03339745673266,22,8,0.36363636363636365,0.39414355158805847,270,-4,left_houses,/home/runner/work/sample_website/sample_website/.cache/gsv_estrella_fast/panoramas/coarse/z1_i6dzfCrRyBEocc10OrZL7A.jpg,/home/runner/work/sample_website/sample_website/.cache/gsv_estrella_fast/best_views/coarse/i6dzfCrRyBEocc10OrZL7A.jpg,
U8avh_QLHqBGWDNrlXps5Q,19.47908367917355,-99.11746496029896,,,,False,111.98570448019925,17,8,0.47058823529411764,0.40864112973213196,0,-4,upper_full,/home/runner/work/sample_website/sample_website/.cache/gsv_estrella_fast/panoramas/coarse/z1_U8avh_QLHqBGWDNrlXps5Q.jpg,/home/runner/work/sample_website/sample_website/.cache/gsv_estrella_fast/best_views/coarse/U8avh_QLHqBGWDNrlXps5Q.jpg,
h998HdR5FTIXfwnREhilvQ,19.47613997280074,-99.1226655216736,,,,False,111.98074211676915,15,8,0.5333333333333333,0.4132469594478607,45,-4,right_depth,/home/runner/work/sample_website/sample_website/.cache/gsv_estrella_fast/panoramas/coarse/z1_h998HdR5FTIXfwnREhilvQ.jpg,/home/runner/work/sample_website/sample_website/.cache/gsv_estrella_fast/best_views/coarse/h998HdR5FTIXfwnREhilvQ.jpg,
-4al0EWPSmifBah_27EXRQ,19.4701565702387,-99.1210949078335,,,,False,111.70258748391095,17,8,0.47058823529411764,0.399203896522522,0,-4,street_depth,/home/runner/work/sample_website/sample_website/.cache/gsv_estrella_fast/panoramas/coarse/z1_-4al0EWPSmifBah_27EXRQ.jpg,/home/runner/work/sample_website/sample_website/.cache/gsv_estrella_fast/best_views/coarse/-4al0EWPSmifBah_27EXRQ.jpg,
c28DjLMkYYD5yNRqHvAVRQ,19.47464162508097,-99.12308758244451,,,,False,111.21776479342404,17,8,0.47058823529411764,0.3830431401729584,180,-4,full,/home/runner/work/sample_website/sample_website/.cache/gsv_estrella_fast/panoramas/coarse/z1_c28DjLMkYYD5yNRqHvAVRQ.jpg,/home/runner/work/sample_website/sample_website/.cache/gsv_estrella_fast/best_views/coarse/c28DjLMkYYD5yNRqHvAVRQ.jpg,
kSaA_dcV6p2dIU86VzYDBA,19.47416142262797,-99.11572704076772,,,,False,111.17926441431045,25,8,0.32,0.3543088138103485,180,-4,street_depth,/home/runner/work/sample_website/sample_website/.cache/gsv_estrella_fast/panoramas/coarse/z1_kSaA_dcV6p2dIU86VzYDBA.jpg,/home/runner/work/sample_website/sample_website/.cache/gsv_estrella_fast/best_views/coarse/kSaA_dcV6p2dIU86VzYDBA.jpg,
xasqMH8tXOAZUl_gGHmKQw,19.47209917322593,-99.11412178244122,,,,False,110.89160917271738,23,8,0.34782608695652173,0.352401465177536,135,-4,left_houses,/home/runner/work/sample_website/sample_website/.cache/gsv_estrella_fast/panoramas/coarse/z1_xasqMH8tXOAZUl_gGHmKQw.jpg,/home/runner/work/sample_website/sample_website/.cache/gsv_estrella_fast/best_views/coarse/xasqMH8tXOAZUl_gGHmKQw.jpg,
gpt3Tai6t0m4rUJceVEf2Q,19.47304543930578,-99.11386514671167,,,,False,110.7305696606636,20,8,0.4,0.3576856553554535,270,-4,left_houses,/home/runner/work/sample_website/sample_website/.cache/gsv_estrella_fast/panoramas/coarse/z1_gpt3Tai6t0m4rUJceVEf2Q.jpg,/home/runner/work/sample_website/sample_website/.cache/gsv_estrella_fast/best_views/coarse/gpt3Tai6t0m4rUJceVEf2Q.jpg,
7Wm_IyvMNW0qtvq8HPO4vg,19.47884627239856,-99.121101999715,,,,False,110.64124014377595,16,8,0.5,0.366374671459198,135,-4,street_depth,/home/runner/work/sample_website/sample_website/.cache/gsv_estrella_fast/panoramas/coarse/z1_7Wm_IyvMNW0qtvq8HPO4vg.jpg,/home/runner/work/sample_website/sample_website/.cache/gsv_estrella_fast/best_views/coarse/7Wm_IyvMNW0qtvq8HPO4vg.jpg,
lurdzQw1tEWfsXNkyQpeqg,19.47569898131433,-99.12347545142048,,,,False,110.3777468389935,18,8,0.4444444444444444,0.35222119092941284,270,-4,right_depth,/home/runner/work/sample_website/sample_website/.cache/gsv_estrella_fast/panoramas/coarse/z1_lurdzQw1tEWfsXNkyQpeqg.jpg,/home/runner/work/sample_website/sample_website/.cache/gsv_estrella_fast/best_views/coarse/lurdzQw1tEWfsXNkyQpeqg.jpg,
WRSpOP87pQKZhpo6E7_kCQ,19.47523589311971,-99.11437099003143,,,,False,110.061886152767,21,8,0.38095238095238093,0.3319835066795349,45,-4,left_houses,/home/runner/work/sample_website/sample_website/.cache/gsv_estrella_fast/panoramas/coarse/z1_WRSpOP87pQKZhpo6E7_kCQ.jpg,/home/runner/work/sample_website/sample_website/.cache/gsv_estrella_fast/best_views/coarse/WRSpOP87pQKZhpo6E7_kCQ.jpg,
B96HcTQDywGgjUEKPeCHPQ,19.4744125253974,-99.11800907044461,,,,False,109.83153395652771,25,8,0.32,0.30938446521759033,270,-4,full,/home/runner/work/sample_website/sample_website/.cache/gsv_estrella_fast/panoramas/coarse/z1_B96HcTQDywGgjUEKPeCHPQ.jpg,/home/runner/work/sample_website/sample_website/.cache/gsv_estrella_fast/best_views/coarse/B96HcTQDywGgjUEKPeCHPQ.jpg,
CAySibRZnS_c0OTimqpbxQ,19.47484531920741,-99.1136092715805,,,,False,109.30352449417114,20,8,0.4,0.3101174831390381,315,-4,street_depth,/home/runner/work/sample_website/sample_website/.cache/gsv_estrella_fast/panoramas/coarse/z1_CAySibRZnS_c0OTimqpbxQ.jpg,/home/runner/work/sample_website/sample_website/.cache/gsv_estrella_fast/best_views/coarse/CAySibRZnS_c0OTimqpbxQ.jpg,
221C0Ez9TEOiKwdgrQMLwQ,19.4751883864,-99.12189249516612,,,,False,109.05526937908597,18,8,0.4444444444444444,0.3081386089324951,315,-4,upper_full,/home/runner/work/sample_website/sample_website/.cache/gsv_estrella_fast/panoramas/coarse/z1_221C0Ez9TEOiKwdgrQMLwQ.jpg,/home/runner/work/sample_website/sample_website/.cache/gsv_estrella_fast/best_views/coarse/221C0Ez9TEOiKwdgrQMLwQ.jpg,
Me8uvXxMm5qeiC-_IpZ-Jw,19.47845175304025,-99.11719860517148,,,,False,107.66526007464057,19,8,0.42105263157894735,0.25875428318977356,45,-4,street_depth,/home/runner/work/sample_website/sample_website/.cache/gsv_estrella_fast/panoramas/coarse/z1_Me8uvXxMm5qeiC-_IpZ-Jw.jpg,/home/runner/work/sample_website/sample_website/.cache/gsv_estrella_fast/best_views/coarse/Me8uvXxMm5qeiC-_IpZ-Jw.jpg,
4PAz-gCxjoNtNY3TZXQ3pg,19.47742371365912,-99.11425862702772,,,,False,107.28446783489652,18,8,0.4444444444444444,0.24911189079284668,315,-4,left_houses,/home/runner/work/sample_website/sample_website/.cache/gsv_estrella_fast/panoramas/coarse/z1_4PAz-gCxjoNtNY3TZXQ3pg.jpg,/home/runner/work/sample_website/sample_website/.cache/gsv_estrella_fast/best_views/coarse/4PAz-gCxjoNtNY3TZXQ3pg.jpg,
Xj1NkSzIelNzss1OF8MrKA,19.47061800263862,-99.1201110842349,,,,False,106.96719395974102,17,8,0.47058823529411764,0.2413574457168579,270,-4,left_houses,/home/runner/work/sample_website/sample_website/.cache/gsv_estrella_fast/panoramas/coarse/z1_Xj1NkSzIelNzss1OF8MrKA.jpg,/home/runner/work/sample_website/sample_website/.cache/gsv_estrella_fast/best_views/coarse/Xj1NkSzIelNzss1OF8MrKA.jpg,
zNxqkeBTDOv6jlvQJmEr6g,19.4789059190698,-99.1158419384865,,,,False,106.06312274932861,20,8,0.4,0.2021040916442871,180,-4,right_depth,/home/runner/work/sample_website/sample_website/.cache/gsv_estrella_fast/panoramas/coarse/z1_zNxqkeBTDOv6jlvQJmEr6g.jpg,/home/runner/work/sample_website/sample_website/.cache/gsv_estrella_fast/best_views/coarse/zNxqkeBTDOv6jlvQJmEr6g.jpg,
gsxyjnRQEu0Raa7c_ZyRNw,19.47276189745915,-99.11579812368663,,,,False,104.59128972490628,24,8,0.3333333333333333,0.13859854638576508,315,-4,left_houses,/home/runner/work/sample_website/sample_website/.cache/gsv_estrella_fast/panoramas/coarse/z1_gsxyjnRQEu0Raa7c_ZyRNw.jpg,/home/runner/work/sample_website/sample_website/.cache/gsv_estrella_fast/best_views/coarse/gsxyjnRQEu0Raa7c_ZyRNw.jpg,
OK5OOjUtIFuAHenwc5WEUA,19.47898725429701,-99.12014578337644,,,,False,103.69814814814815,27,7,0.25925925925925924,0.5010277032852173,0,-4,street_depth,/home/runner/work/sample_website/sample_website/.cache/gsv_estrella_fast/panoramas/coarse/z1_OK5OOjUtIFuAHenwc5WEUA.jpg,/home/runner/work/sample_website/sample_website/.cache/gsv_estrella_fast/best_views/coarse/OK5OOjUtIFuAHenwc5WEUA.jpg,
aIa2LtzUFXxtiansGTYMkg,19.47579805806631,-99.11971259395789,,,,False,103.32916666666667,24,7,0.2916666666666667,0.5165155529975891,135,-4,upper_full,/home/runner/work/sample_website/sample_website/.cache/gsv_estrella_fast/panoramas/coarse/z1_aIa2LtzUFXxtiansGTYMkg.jpg,/home/runner/work/sample_website/sample_website/.cache/gsv_estrella_fast/best_views/coarse/aIa2LtzUFXxtiansGTYMkg.jpg,
IciRiGMtK0b4WRTEJ5-ujA,19.47462759387346,-99.11942723561691,,,,False,103.2218608647585,16,8,0.5,0.11906202882528305,270,-4,left_houses,/home/runner/work/sample_website/sample_website/.cache/gsv_estrella_fast/panoramas/coarse/z1_IciRiGMtK0b4WRTEJ5-ujA.jpg,/home/runner/work/sample_website/sample_website/.cache/gsv_estrella_fast/best_views/coarse/IciRiGMtK0b4WRTEJ5-ujA.jpg,
n3bstfZL6uPJM_EL8Oxoeg,19.47530169494466,-99.11389182328199,,,,False,103.2108695652174,23,7,0.30434782608695654,0.5575591921806335,180,-4,upper_full,/home/runner/work/sample_website/sample_website/.cache/gsv_estrella_fast/panoramas/coarse/z1_n3bstfZL6uPJM_EL8Oxoeg.jpg,/home/runner/work/sample_website/sample_website/.cache/gsv_estrella_fast/best_views/coarse/n3bstfZL6uPJM_EL8Oxoeg.jpg,
f_lWasp87vp1YImMTGVrlQ,19.47458629671836,-99.11371834131506,,,,False,103.2108695652174,23,7,0.30434782608695654,0.5366449356079102,315,-4,street_depth,/home/runner/work/sample_website/sample_website/.cache/gsv_estrella_fast/panoramas/coarse/z1_f_lWasp87vp1YImMTGVrlQ.jpg,/home/runner/work/sample_website/sample_website/.cache/gsv_estrella_fast/best_views/coarse/f_lWasp87vp1YImMTGVrlQ.jpg,
axuhg26QtJa74j2grNCviA,19.47440209027765,-99.11469972237204,,,,False,103.2108695652174,23,7,0.30434782608695654,0.8399040102958679,135,-4,left_houses,/home/runner/work/sample_website/sample_website/.cache/gsv_estrella_fast/panoramas/coarse/z1_axuhg26QtJa74j2grNCviA.jpg,/home/runner/work/sample_website/sample_website/.cache/gsv_estrella_fast/best_views/coarse/axuhg26QtJa74j2grNCviA.jpg,
SGgrVZ4qkq5jsbWxwKtq0g,19.47865824988981,-99.11776170881708,,,,False,103.09545454545454,22,7,0.3181818181818182,0.7284544706344604,315,-4,left_houses,/home/runner/work/sample_website/sample_website/.cache/gsv_estrella_fast/panoramas/coarse/z1_SGgrVZ4qkq5jsbWxwKtq0g.jpg,/home/runner/work/sample_website/sample_website/.cache/gsv_estrella_fast/best_views/coarse/SGgrVZ4qkq5jsbWxwKtq0g.jpg,
LnVlFpiL1ydzyW-MO3WioA,19.47640314076013,-99.12256344729911,,,,False,103.09253093762831,22,7,0.3181818181818182,0.49990254640579224,0,-4,upper_full,/home/runner/work/sample_website/sample_website/.cache/gsv_estrella_fast/panoramas/coarse/z1_LnVlFpiL1ydzyW-MO3WioA.jpg,/home/runner/work/sample_website/sample_website/.cache/gsv_estrella_fast/best_views/coarse/LnVlFpiL1ydzyW-MO3WioA.jpg,
lJG1BQbAfY_AznIjyiAUCA,19.4755404538676,-99.122781949097,,,,False,102.98333333333333,21,7,0.3333333333333333,0.7592860460281372,180,-4,left_houses,/home/runner/work/sample_website/sample_website/.cache/gsv_estrella_fast/panoramas/coarse/z1_lJG1BQbAfY_AznIjyiAUCA.jpg,/home/runner/work/sample_website/sample_website/.cache/gsv_estrella_fast/best_views/coarse/lJG1BQbAfY_AznIjyiAUCA.jpg,
1A88l8F68yzbzlBgu8MEUQ,19.47715319068359,-99.11679058967398,,,,False,102.98333333333333,21,7,0.3333333333333333,0.5445137023925781,45,-4,full,/home/runner/work/sample_website/sample_website/.cache/gsv_estrella_fast/panoramas/coarse/z1_1A88l8F68yzbzlBgu8MEUQ.jpg,/home/runner/work/sample_website/sample_website/.cache/gsv_estrella_fast/best_views/coarse/1A88l8F68yzbzlBgu8MEUQ.jpg,
YqqCn9oTzDf1LewAfq6rjg,19.47703337482194,-99.11699252880297,,,,False,102.98333333333333,21,7,0.3333333333333333,0.6787121891975403,225,-4,street_depth,/home/runner/work/sample_website/sample_website/.cache/gsv_estrella_fast/panoramas/coarse/z1_YqqCn9oTzDf1LewAfq6rjg.jpg,/home/runner/work/sample_website/sample_website/.cache/gsv_estrella_fast/best_views/coarse/YqqCn9oTzDf1LewAfq6rjg.jpg,
a2meldBKJPWyoKnDoSA2Qw,19.47910684770823,-99.11562767674604,,,,False,102.98333333333333,21,7,0.3333333333333333,0.681585967540741,90,-4,upper_full,/home/runner/work/sample_website/sample_website/.cache/gsv_estrella_fast/panoramas/coarse/z1_a2meldBKJPWyoKnDoSA2Qw.jpg,/home/runner/work/sample_website/sample_website/.cache/gsv_estrella_fast/best_views/coarse/a2meldBKJPWyoKnDoSA2Qw.jpg,
8a2St80G9nyqHLBKLGUO4g,19.47858125608465,-99.1190594794482,,,,False,102.875,20,7,0.35,0.6785480380058289,270,-4,street_depth,/home/runner/work/sample_website/sample_website/.cache/gsv_estrella_fast/panoramas/coarse/z1_8a2St80G9nyqHLBKLGUO4g.jpg,/home/runner/work/sample_website/sample_website/.cache/gsv_estrella_fast/best_views/coarse/8a2St80G9nyqHLBKLGUO4g.jpg,
qDwS56K2aVZCYiXT7C55oA,19.47692697965148,-99.11927425694982,,,,False,102.875,20,7,0.35,0.7478294968605042,225,-4,street_depth,/home/runner/work/sample_website/sample_website/.cache/gsv_estrella_fast/panoramas/coarse/z1_qDwS56K2aVZCYiXT7C55oA.jpg,/home/runner/work/sample_website/sample_website/.cache/gsv_estrella_fast/best_views/coarse/qDwS56K2aVZCYiXT7C55oA.jpg,
-hGljT4HPbNPPBGrDJYXIg,19.47594800651093,-99.11868176286906,,,,False,102.875,20,7,0.35,0.6975777745246887,90,-4,street_depth,/home/runner/work/sample_website/sample_website/.cache/gsv_estrella_fast/panoramas/coarse/z1_-hGljT4HPbNPPBGrDJYXIg.jpg,/home/runner/work/sample_website/sample_website/.cache/gsv_estrella_fast/best_views/coarse/-hGljT4HPbNPPBGrDJYXIg.jpg,
cyyfDefE-HIi_VN3p9xwAg,19.47242320364213,-99.11593378924321,,,,False,102.875,20,7,0.35,0.5247077345848083,225,-4,left_houses,/home/runner/work/sample_website/sample_website/.cache/gsv_estrella_fast/panoramas/coarse/z1_cyyfDefE-HIi_VN3p9xwAg.jpg,/home/runner/work/sample_website/sample_website/.cache/gsv_estrella_fast/best_views/coarse/cyyfDefE-HIi_VN3p9xwAg.jpg,
DrJjNKUFWcWYt9UDdLkB6A,19.47842092410698,-99.12063089752762,,,,False,102.87019775708517,21,7,0.3333333333333333,0.49622881412506104,90,-4,full,/home/runner/work/sample_website/sample_website/.cache/gsv_estrella_fast/panoramas/coarse/z1_DrJjNKUFWcWYt9UDdLkB6A.jpg,/home/runner/work/sample_website/sample_website/.cache/gsv_estrella_fast/best_views/coarse/DrJjNKUFWcWYt9UDdLkB6A.jpg,
fgWj4GyD5sEt1e99prxgvQ,19.47003444931421,-99.11843676303926,,,,False,102.77105263157894,19,7,0.3684210526315789,0.524846613407135,90,-4,street_depth,/home/runner/work/sample_website/sample_website/.cache/gsv_estrella_fast/panoramas/coarse/z1_fgWj4GyD5sEt1e99prxgvQ.jpg,/home/runner/work/sample_website/sample_website/.cache/gsv_estrella_fast/best_views/coarse/fgWj4GyD5sEt1e99prxgvQ.jpg,
9yyND-dd7l6VDSZkyHxUwA,19.47411384917338,-99.11478363628864,,,,False,102.77105263157894,19,7,0.3684210526315789,0.6622100472450256,225,-4,left_houses,/home/runner/work/sample_website/sample_website/.cache/gsv_estrella_fast/panoramas/coarse/z1_9yyND-dd7l6VDSZkyHxUwA.jpg,/home/runner/work/sample_website/sample_website/.cache/gsv_estrella_fast/best_views/coarse/9yyND-dd7l6VDSZkyHxUwA.jpg,
fDcV8IxDcIa--d5b22vQ8A,19.47759775775275,-99.12260709695363,,,,False,102.67222222222223,18,7,0.3888888888888889,0.5137003064155579,180,-4,left_houses,/home/runner/work/sample_website/sample_website/.cache/gsv_estrella_fast/panoramas/coarse/z1_fDcV8IxDcIa--d5b22vQ8A.jpg,/home/runner/work/sample_website/sample_website/.cache/gsv_estrella_fast/best_views/coarse/fDcV8IxDcIa--d5b22vQ8A.jpg,
1okqh2YcmuBn-7WGftS-rg,19.47461658445632,-99.11325141921799,,,,False,102.67222222222223,18,7,0.3888888888888889,0.5730175971984863,45,-4,upper_full,/home/runner/work/sample_website/sample_website/.cache/gsv_estrella_fast/panoramas/coarse/z1_1okqh2YcmuBn-7WGftS-rg.jpg,/home/runner/work/sample_website/sample_website/.cache/gsv_estrella_fast/best_views/coarse/1okqh2YcmuBn-7WGftS-rg.jpg,
mFJJ1MHqjM66BzO4UDVDEA,19.47461740426867,-99.12350863228885,,,,False,102.60448546409607,25,7,0.28,0.47181618213653564,0,-4,left_houses,/home/runner/work/sample_website/sample_website/.cache/gsv_estrella_fast/panoramas/coarse/z1_mFJJ1MHqjM66BzO4UDVDEA.jpg,/home/runner/work/sample_website/sample_website/.cache/gsv_estrella_fast/best_views/coarse/mFJJ1MHqjM66BzO4UDVDEA.jpg,
s3TWdNkO-YZwZYbnf3fK_g,19.47436309639465,-99.11937387878582,,,,False,102.57941176470588,17,7,0.4117647058823529,0.6141743063926697,225,-4,upper_full,/home/runner/work/sample_website/sample_website/.cache/gsv_estrella_fast/panoramas/coarse/z1_s3TWdNkO-YZwZYbnf3fK_g.jpg,/home/runner/work/sample_website/sample_website/.cache/gsv_estrella_fast/best_views/coarse/s3TWdNkO-YZwZYbnf3fK_g.jpg,
4cmuJn0qOqditZNaufy4FQ,19.47531639259699,-99.11915977641716,,,,False,102.57941176470588,17,7,0.4117647058823529,0.5425172448158264,180,-4,upper_full,/home/runner/work/sample_website/sample_website/.cache/gsv_estrella_fast/panoramas/coarse/z1_4cmuJn0qOqditZNaufy4FQ.jpg,/home/runner/work/sample_website/sample_website/.cache/gsv_estrella_fast/best_views/coarse/4cmuJn0qOqditZNaufy4FQ.jpg,
cROtVVY07W-lBa6B1B7Vcw,19.47711309396903,-99.11796153980619,,,,False,102.57941176470588,17,7,0.4117647058823529,0.5797706246376038,45,-4,left_houses,/home/runner/work/sample_website/sample_website/.cache/gsv_estrella_fast/panoramas/coarse/z1_cROtVVY07W-lBa6B1B7Vcw.jpg,/home/runner/work/sample_website/sample_website/.cache/gsv_estrella_fast/best_views/coarse/cROtVVY07W-lBa6B1B7Vcw.jpg,
ZtpGnGZ_k_YtCtrKl9ngaA,19.4757390555392,-99.11601187935388,,,,False,102.57941176470588,17,7,0.4117647058823529,0.5843302011489868,270,-4,upper_full,/home/runner/work/sample_website/sample_website/.cache/gsv_estrella_fast/panoramas/coarse/z1_ZtpGnGZ_k_YtCtrKl9ngaA.jpg,/home/runner/work/sample_website/sample_website/.cache/gsv_estrella_fast/best_views/coarse/ZtpGnGZ_k_YtCtrKl9ngaA.jpg,
sO_s8cIKjWnidi--Ii9s5A,19.47820318171174,-99.12186598477855,,,,False,102.49375,16,7,0.4375,0.5186062455177307,180,-4,left_houses,/home/runner/work/sample_website/sample_website/.cache/gsv_estrella_fast/panoramas/coarse/z1_sO_s8cIKjWnidi--Ii9s5A.jpg,/home/runner/work/sample_website/sample_website/.cache/gsv_estrella_fast/best_views/coarse/sO_s8cIKjWnidi--Ii9s5A.jpg,
PR3s8Bkc6qW0sTPyaDZRNQ,19.47709426074795,-99.12229639973876,,,,False,102.49375,16,7,0.4375,0.534229040145874,0,-4,upper_full,/home/runner/work/sample_website/sample_website/.cache/gsv_estrella_fast/panoramas/coarse/z1_PR3s8Bkc6qW0sTPyaDZRNQ.jpg,/home/runner/work/sample_website/sample_website/.cache/gsv_estrella_fast/best_views/coarse/PR3s8Bkc6qW0sTPyaDZRNQ.jpg,
J2DE4pWeR0uRDBAMZ9esxg,19.47895508271116,-99.1200579802251,,,,False,102.49375,16,7,0.4375,0.7272604703903198,225,-4,street_depth,/home/runner/work/sample_website/sample_website/.cache/gsv_estrella_fast/panoramas/coarse/z1_J2DE4pWeR0uRDBAMZ9esxg.jpg,/home/runner/work/sample_website/sample_website/.cache/gsv_estrella_fast/best_views/coarse/J2DE4pWeR0uRDBAMZ9esxg.jpg,
rf69YuWAqsVyxX127mWK9A,19.47571090322142,-99.11647552513001,,,,False,102.49375,16,7,0.4375,0.711674153804779,315,-4,left_houses,/home/runner/work/sample_website/sample_website/.cache/gsv_estrella_fast/panoramas/coarse/z1_rf69YuWAqsVyxX127mWK9A.jpg,/home/runner/work/sample_website/sample_website/.cache/gsv_estrella_fast/best_views/coarse/rf69YuWAqsVyxX127mWK9A.jpg,
6kfmfHXYccDj4e1hrkUZrQ,19.4770405086719,-99.1155067854268,,,,False,102.49375,16,7,0.4375,0.5111528635025024,270,-4,street_depth,/home/runner/work/sample_website/sample_website/.cache/gsv_estrella_fast/panoramas/coarse/z1_6kfmfHXYccDj4e1hrkUZrQ.jpg,/home/runner/work/sample_website/sample_website/.cache/gsv_estrella_fast/best_views/coarse/6kfmfHXYccDj4e1hrkUZrQ.jpg,
puFAYnwoX88eJCR2igT-3Q,19.47249732800107,-99.12288199745356,,,,False,102.41666666666667,15,7,0.4666666666666667,0.5523658394813538,315,-4,left_houses,/home/runner/work/sample_website/sample_website/.cache/gsv_estrella_fast/panoramas/coarse/z1_puFAYnwoX88eJCR2igT-3Q.jpg,/home/runner/work/sample_website/sample_website/.cache/gsv_estrella_fast/best_views/coarse/puFAYnwoX88eJCR2igT-3Q.jpg,
ffe9DLNCwKb80m4PVCldvg,19.47393026938539,-99.12232307912608,,,,False,102.41666666666667,15,7,0.4666666666666667,0.7626849412918091,180,-4,full,/home/runner/work/sample_website/sample_website/.cache/gsv_estrella_fast/panoramas/coarse/z1_ffe9DLNCwKb80m4PVCldvg.jpg,/home/runner/work/sample_website/sample_website/.cache/gsv_estrella_fast/best_views/coarse/ffe9DLNCwKb80m4PVCldvg.jpg,
oeuy4X4N-S04WlkAnVp53A,19.47171766255142,-99.12317522006761,,,,False,102.41666666666667,15,7,0.4666666666666667,0.7875102162361145,270,-4,upper_full,/home/runner/work/sample_website/sample_website/.cache/gsv_estrella_fast/panoramas/coarse/z1_oeuy4X4N-S04WlkAnVp53A.jpg,/home/runner/work/sample_website/sample_website/.cache/gsv_estrella_fast/best_views/coarse/oeuy4X4N-S04WlkAnVp53A.jpg,
0jftRAOsPexvg21Ak_Ik4Q,19.47479151456266,-99.12122070439621,,,,False,102.41666666666667,15,7,0.4666666666666667,0.5670382380485535,45,-4,street_depth,/home/runner/work/sample_website/sample_website/.cache/gsv_estrella_fast/panoramas/coarse/z1_0jftRAOsPexvg21Ak_Ik4Q.jpg,/home/runner/work/sample_website/sample_website/.cache/gsv_estrella_fast/best_views/coarse/0jftRAOsPexvg21Ak_Ik4Q.jpg,
BtR6ahENeuOtCQagtEdkkg,19.47286288156303,-99.11438762078245,,,,False,102.41666666666667,15,7,0.4666666666666667,0.7319855093955994,0,-4,left_houses,/home/runner/work/sample_website/sample_website/.cache/gsv_estrella_fast/panoramas/coarse/z1_BtR6ahENeuOtCQagtEdkkg.jpg,/home/runner/work/sample_website/sample_website/.cache/gsv_estrella_fast/best_views/coarse/BtR6ahENeuOtCQagtEdkkg.jpg,
gJQq25fkYlwwGqD6m9fqyw,19.47277004031033,-99.11533169594965,,,,False,102.41666666666667,15,7,0.4666666666666667,0.786052942276001,315,-4,left_houses,/home/runner/work/sample_website/sample_website/.cache/gsv_estrella_fast/panoramas/coarse/z1_gJQq25fkYlwwGqD6m9fqyw.jpg,/home/runner/work/sample_website/sample_website/.cache/gsv_estrella_fast/best_views/coarse/gJQq25fkYlwwGqD6m9fqyw.jpg,
f5zAdMAMPfHtV3O5ZCx--g,19.47640142102938,-99.1139147009807,,,,False,102.35,14,7,0.5,0.7310145497322083,315,-4,left_houses,/home/runner/work/sample_website/sample_website/.cache/gsv_estrella_fast/panoramas/coarse/z1_f5zAdMAMPfHtV3O5ZCx--g.jpg,/home/runner/work/sample_website/sample_website/.cache/gsv_estrella_fast/best_views/coarse/f5zAdMAMPfHtV3O5ZCx--g.jpg,
2Rzee75Ay6FnWmZMzZQLGw,19.47502020247995,-99.12294219538586,,,,False,102.29615384615384,13,7,0.5384615384615384,0.5404637455940247,225,-4,street_depth,/home/runner/work/sample_website/sample_website/.cache/gsv_estrella_fast/panoramas/coarse/z1_2Rzee75Ay6FnWmZMzZQLGw.jpg,/home/runner/work/sample_website/sample_website/.cache/gsv_estrella_fast/best_views/coarse/2Rzee75Ay6FnWmZMzZQLGw.jpg,
igYiWfFXQssKX7vF6Slc8Q,19.4698881207474,-99.11825508205197,,,,False,102.29615384615384,13,7,0.5384615384615384,0.5266833305358887,270,-4,upper_full,/home/runner/work/sample_website/sample_website/.cache/gsv_estrella_fast/panoramas/coarse/z1_igYiWfFXQssKX7vF6Slc8Q.jpg,/home/runner/work/sample_website/sample_website/.cache/gsv_estrella_fast/best_views/coarse/igYiWfFXQssKX7vF6Slc8Q.jpg,
qrpWAW4kStFSEu9HIdiICw,19.47528524191873,-99.11344583609628,,,,False,102.29615384615384,13,7,0.5384615384615384,0.8409978151321411,270,-4,left_houses,/home/runner/work/sample_website/sample_website/.cache/gsv_estrella_fast/panoramas/coarse/z1_qrpWAW4kStFSEu9HIdiICw.jpg,/home/runner/work/sample_website/sample_website/.cache/gsv_estrella_fast/best_views/coarse/qrpWAW4kStFSEu9HIdiICw.jpg,
VGP4xa7A3aI4lTUnZGsvwQ,19.47749147441462,-99.11443793515691,,,,False,102.0090774377187,12,7,0.5833333333333334,0.4916914701461792,135,-4,full,/home/runner/work/sample_website/sample_website/.cache/gsv_estrella_fast/panoramas/coarse/z1_VGP4xa7A3aI4lTUnZGsvwQ.jpg,/home/runner/work/sample_website/sample_website/.cache/gsv_estrella_fast/best_views/coarse/VGP4xa7A3aI4lTUnZGsvwQ.jpg,
MtXaDqKSsGTMHbH3CoBApg,19.47575432666934,-99.11898586087776,,,,False,101.57746577537976,13,7,0.5384615384615384,0.4760437309741974,0,-4,street_depth,/home/runner/work/sample_website/sample_website/.cache/gsv_estrella_fast/panoramas/coarse/z1_MtXaDqKSsGTMHbH3CoBApg.jpg,/home/runner/work/sample_website/sample_website/.cache/gsv_estrella_fast/best_views/coarse/MtXaDqKSsGTMHbH3CoBApg.jpg,
CL8TkLEWHZSQEuN58dQzdg,19.47527019118482,-99.11991859292061,,,,False,100.9759327487512,22,7,0.3181818181818182,0.42934927344322205,180,-4,full,/home/runner/work/sample_website/sample_website/.cache/gsv_estrella_fast/panoramas/coarse/z1_CL8TkLEWHZSQEuN58dQzdg.jpg,/home/runner/work/sample_website/sample_website/.cache/gsv_estrella_fast/best_views/coarse/CL8TkLEWHZSQEuN58dQzdg.jpg,
hK0nsuMYvRE4wwIMDki4QQ,19.48000842976701,-99.11914998310488,,,,False,100.92082408233122,22,7,0.3181818181818182,0.4275123178958893,135,-4,full,/home/runner/work/sample_website/sample_website/.cache/gsv_estrella_fast/panoramas/coarse/z1_hK0nsuMYvRE4wwIMDki4QQ.jpg,/home/runner/work/sample_website/sample_website/.cache/gsv_estrella_fast/best_views/coarse/hK0nsuMYvRE4wwIMDki4QQ.jpg,
BnSNYri4WZfM8pqfm93Z7A,19.47967552712385,-99.11637236117924,,,,False,100.85512568155924,24,7,0.2916666666666667,0.41753196716308594,0,-4,right_depth,/home/runner/work/sample_website/sample_website/.cache/gsv_estrella_fast/panoramas/coarse/z1_BnSNYri4WZfM8pqfm93Z7A.jpg,/home/runner/work/sample_website/sample_website/.cache/gsv_estrella_fast/best_views/coarse/BnSNYri4WZfM8pqfm93Z7A.jpg,
kEO2mtTG598e9nOZPGlCrQ,19.47708278519239,-99.11659245006352,,,,False,100.8516720533371,20,7,0.35,0.4325557351112366,45,-4,street_depth,/home/runner/work/sample_website/sample_website/.cache/gsv_estrella_fast/panoramas/coarse/z1_kEO2mtTG598e9nOZPGlCrQ.jpg,/home/runner/work/sample_website/sample_website/.cache/gsv_estrella_fast/best_views/coarse/kEO2mtTG598e9nOZPGlCrQ.jpg,
jDBMofl1CkZ3MmqkrmrBqg,19.47480772663148,-99.11453670675604,,,,False,100.6347787976265,20,7,0.35,0.4253259599208832,270,-4,street_depth,/home/runner/work/sample_website/sample_website/.cache/gsv_estrella_fast/panoramas/coarse/z1_jDBMofl1CkZ3MmqkrmrBqg.jpg,/home/runner/work/sample_website/sample_website/.cache/gsv_estrella_fast/best_views/coarse/jDBMofl1CkZ3MmqkrmrBqg.jpg,
A-4gnBdVXMVeBTDYrFirKw,19.47216618267242,-99.11482078131007,,,,False,100.57484880685806,14,7,0.5,0.4408282935619354,270,-4,left_houses,/home/runner/work/sample_website/sample_website/.cache/gsv_estrella_fast/panoramas/coarse/z1_A-4gnBdVXMVeBTDYrFirKw.jpg,/home/runner/work/sample_website/sample_website/.cache/gsv_estrella_fast/best_views/coarse/A-4gnBdVXMVeBTDYrFirKw.jpg,
_cUAPwBnWXrRlcjGxgDKtQ,19.47594416473962,-99.12389709431997,,,,False,100.50478120621513,17,7,0.4117647058823529,0.4308456480503082,45,-4,full,/home/runner/work/sample_website/sample_website/.cache/gsv_estrella_fast/panoramas/coarse/z1__cUAPwBnWXrRlcjGxgDKtQ.jpg,/home/runner/work/sample_website/sample_website/.cache/gsv_estrella_fast/best_views/coarse/_cUAPwBnWXrRlcjGxgDKtQ.jpg,
oFVvnbKzmp1AJvqe3iIZbA,19.47753487386472,-99.12299589231746,,,,False,100.44534948004618,18,7,0.3888888888888889,0.42577090859413147,90,-4,street_depth,/home/runner/work/sample_website/sample_website/.cache/gsv_estrella_fast/panoramas/coarse/z1_oFVvnbKzmp1AJvqe3iIZbA.jpg,/home/runner/work/sample_website/sample_website/.cache/gsv_estrella_fast/best_views/coarse/oFVvnbKzmp1AJvqe3iIZbA.jpg,
yRGCweDow0DxkWwIVcgmjw,19.47496784461619,-99.11311449193968,,,,False,99.30038597716226,18,7,0.3888888888888889,0.3876054584980011,135,-4,upper_full,/home/runner/work/sample_website/sample_website/.cache/gsv_estrella_fast/panoramas/coarse/z1_yRGCweDow0DxkWwIVcgmjw.jpg,/home/runner/work/sample_website/sample_website/.cache/gsv_estrella_fast/best_views/coarse/yRGCweDow0DxkWwIVcgmjw.jpg,
g1DGASJrs0d9AwzaKnDy4w,19.47343469730168,-99.1164630306346,,,,False,98.04788873195648,14,7,0.5,0.35659629106521606,315,-4,upper_full,/home/runner/work/sample_website/sample_website/.cache/gsv_estrella_fast/panoramas/coarse/z1_g1DGASJrs0d9AwzaKnDy4w.jpg,/home/runner/work/sample_website/sample_website/.cache/gsv_estrella_fast/best_views/coarse/g1DGASJrs0d9AwzaKnDy4w.jpg,
dvpykC6WlUvQOM_JRV4MOw,19.472846069776,-99.12274682666569,,,,False,97.843610060215,25,7,0.28,0.3131203353404999,225,-4,left_houses,/home/runner/work/sample_website/sample_website/.cache/gsv_estrella_fast/panoramas/coarse/z1_dvpykC6WlUvQOM_JRV4MOw.jpg,/home/runner/work/sample_website/sample_website/.cache/gsv_estrella_fast/best_views/coarse/dvpykC6WlUvQOM_JRV4MOw.jpg,
1waHVVNbhCz4HU03k6KdHA,19.4771045490501,-99.11593277618282,,,,False,96.86913159026041,18,7,0.3888888888888889,0.3065636456012726,0,-4,street_depth,/home/runner/work/sample_website/sample_website/.cache/gsv_estrella_fast/panoramas/coarse/z1_1waHVVNbhCz4HU03k6KdHA.jpg,/home/runner/work/sample_website/sample_website/.cache/gsv_estrella_fast/best_views/coarse/1waHVVNbhCz4HU03k6KdHA.jpg,
GvTeihhtYx0M7oHymlvRtw,19.4772761023346,-99.11586760265787,,,,False,96.37131621379119,26,7,0.2692307692307692,0.25994130969047546,45,-4,street_depth,/home/runner/work/sample_website/sample_website/.cache/gsv_estrella_fast/panoramas/coarse/z1_GvTeihhtYx0M7oHymlvRtw.jpg,/home/runner/work/sample_website/sample_website/.cache/gsv_estrella_fast/best_views/coarse/GvTeihhtYx0M7oHymlvRtw.jpg,
5aega0W0nGaMC3z6ur3bAA,19.4726035866835,-99.11540100567265,,,,False,95.75408932729201,22,7,0.3181818181818182,0.2552878260612488,45,-4,left_houses,/home/runner/work/sample_website/sample_website/.cache/gsv_estrella_fast/panoramas/coarse/z1_5aega0W0nGaMC3z6ur3bAA.jpg,/home/runner/work/sample_website/sample_website/.cache/gsv_estrella_fast/best_views/coarse/5aega0W0nGaMC3z6ur3bAA.jpg,
laz4C6SdgExNm2R9MzJToQ,19.47386734411151,-99.11719269555905,,,,False,95.41361934741337,12,7,0.5833333333333334,0.2718428671360016,225,-4,upper_full,/home/runner/work/sample_website/sample_website/.cache/gsv_estrella_fast/panoramas/coarse/z1_laz4C6SdgExNm2R9MzJToQ.jpg,/home/runner/work/sample_website/sample_website/.cache/gsv_estrella_fast/best_views/coarse/laz4C6SdgExNm2R9MzJToQ.jpg,
v7835Awr2KJn1ZVqtI6HEA,19.47733191950957,-99.12244136347911,,,,False,94.53225274857353,17,7,0.4117647058823529,0.2317613661289215,0,-4,full,/home/runner/work/sample_website/sample_website/.cache/gsv_estrella_fast/panoramas/coarse/z1_v7835Awr2KJn1ZVqtI6HEA.jpg,/home/runner/work/sample_website/sample_website/.cache/gsv_estrella_fast/best_views/coarse/v7835Awr2KJn1ZVqtI6HEA.jpg,
W7OCCRkrMC29LATUI9qAWA,19.47643511907086,-99.12305592147713,,,,False,93.15020895997684,15,7,0.4666666666666667,0.19111807644367218,90,-4,left_houses,/home/runner/work/sample_website/sample_website/.cache/gsv_estrella_fast/panoramas/coarse/z1_W7OCCRkrMC29LATUI9qAWA.jpg,/home/runner/work/sample_website/sample_website/.cache/gsv_estrella_fast/best_views/coarse/W7OCCRkrMC29LATUI9qAWA.jpg,
m9o4cXS57WoBMH62_4K9Fw,19.47753120576114,-99.12096970245811,,,,False,90.98181818181818,22,6,0.2727272727272727,0.5814520120620728,225,-4,full,/home/runner/work/sample_website/sample_website/.cache/gsv_estrella_fast/panoramas/coarse/z1_m9o4cXS57WoBMH62_4K9Fw.jpg,/home/runner/work/sample_website/sample_website/.cache/gsv_estrella_fast/best_views/coarse/m9o4cXS57WoBMH62_4K9Fw.jpg,
umBrMLoeeTCTwva4khoCOw,19.48000628844757,-99.11808209714668,,,,False,90.86428571428571,21,6,0.2857142857142857,0.5292671322822571,315,-4,street_depth,/home/runner/work/sample_website/sample_website/.cache/gsv_estrella_fast/panoramas/coarse/z1_umBrMLoeeTCTwva4khoCOw.jpg,/home/runner/work/sample_website/sample_website/.cache/gsv_estrella_fast/best_views/coarse/umBrMLoeeTCTwva4khoCOw.jpg,
wzBRcsmBF0h3imMaJNsQyA,19.47578731042617,-99.12280525148785,,,,False,90.63947368421051,19,6,0.3157894736842105,0.5533232688903809,180,-4,left_houses,/home/runner/work/sample_website/sample_website/.cache/gsv_estrella_fast/panoramas/coarse/z1_wzBRcsmBF0h3imMaJNsQyA.jpg,/home/runner/work/sample_website/sample_website/.cache/gsv_estrella_fast/best_views/coarse/wzBRcsmBF0h3imMaJNsQyA.jpg,
KiDAFKo3rCcCXhK5W0gvBA,19.47484890895088,-99.11783912532597,,,,False,90.25,15,6,0.4,0.5119327306747437,0,-4,upper_full,/home/runner/work/sample_website/sample_website/.cache/gsv_estrella_fast/panoramas/coarse/z1_KiDAFKo3rCcCXhK5W0gvBA.jpg,/home/runner/work/sample_website/sample_website/.cache/gsv_estrella_fast/best_views/coarse/KiDAFKo3rCcCXhK5W0gvBA.jpg,
WqiMTWa49l0rTi8y5VYvAw,19.4761410012946,-99.11630541443145,,,,False,90.25,15,6,0.4,0.5210747122764587,45,-4,street_depth,/home/runner/work/sample_website/sample_website/.cache/gsv_estrella_fast/panoramas/coarse/z1_WqiMTWa49l0rTi8y5VYvAw.jpg,/home/runner/work/sample_website/sample_website/.cache/gsv_estrella_fast/best_views/coarse/WqiMTWa49l0rTi8y5VYvAw.jpg,
Exd4vjGVz6PU44P6KK7fJQ,19.47365779525025,-99.12243317390727,,,,False,90.10384615384616,13,6,0.46153846153846156,0.6076145172119141,135,-4,left_houses,/home/runner/work/sample_website/sample_website/.cache/gsv_estrella_fast/panoramas/coarse/z1_Exd4vjGVz6PU44P6KK7fJQ.jpg,/home/runner/work/sample_website/sample_website/.cache/gsv_estrella_fast/best_views/coarse/Exd4vjGVz6PU44P6KK7fJQ.jpg,
FrZu5pydi0m2y8EQqYQc_w,19.47502554388292,-99.11727028036245,,,,False,90.10384615384616,13,6,0.46153846153846156,0.531371533870697,135,-4,left_houses,/home/runner/work/sample_website/sample_website/.cache/gsv_estrella_fast/panoramas/coarse/z1_FrZu5pydi0m2y8EQqYQc_w.jpg,/home/runner/work/sample_website/sample_website/.cache/gsv_estrella_fast/best_views/coarse/FrZu5pydi0m2y8EQqYQc_w.jpg,
y9A_SrKHFlq_XZGkIUHoZQ,19.47372692100666,-99.11773545307159,,,,False,90.10384615384616,13,6,0.46153846153846156,0.6114073395729065,315,-4,left_houses,/home/runner/work/sample_website/sample_website/.cache/gsv_estrella_fast/panoramas/coarse/z1_y9A_SrKHFlq_XZGkIUHoZQ.jpg,/home/runner/work/sample_website/sample_website/.cache/gsv_estrella_fast/best_views/coarse/y9A_SrKHFlq_XZGkIUHoZQ.jpg,
14vBq5dCm5hrmHOypTrhkg,19.47370428886075,-99.11724275843227,,,,False,89.0319502239642,23,6,0.2608695652173913,0.4309925436973572,90,-4,upper_full,/home/runner/work/sample_website/sample_website/.cache/gsv_estrella_fast/panoramas/coarse/z1_14vBq5dCm5hrmHOypTrhkg.jpg,/home/runner/work/sample_website/sample_website/.cache/gsv_estrella_fast/best_views/coarse/14vBq5dCm5hrmHOypTrhkg.jpg,
wkS5kYL6RK_xtRTRMrcXdg,19.47545347120855,-99.1186085667695,,,,False,84.7640259937236,19,6,0.3157894736842105,0.3041517436504364,225,-4,upper_full,/home/runner/work/sample_website/sample_website/.cache/gsv_estrella_fast/panoramas/coarse/z1_wkS5kYL6RK_xtRTRMrcXdg.jpg,/home/runner/work/sample_website/sample_website/.cache/gsv_estrella_fast/best_views/coarse/wkS5kYL6RK_xtRTRMrcXdg.jpg,
